{"stats":{"minecraft:broken":{"minecraft:stone_pickaxe":1},"minecraft:dropped":{"minecraft:cobblestone":174,"minecraft:dirt":45,"minecraft:cobblestone_slab":11,"minecraft:chest":2,"minecraft:iron_axe":2,"minecraft:birch_log":1},"minecraft:killed":{"john_mod_reborn:john":1,"minecraft:spider":1,"enemyexpansion:equestrian":3,"undead_revamp2:thesmoker":1,"minecraft:creeper":2,"undead_revamp2:theswarmer":2,"minecraft:skeleton":2,"minecraft:zombie":1,"minecraft:chicken":1,"born_in_chaos_v1:corpse_fish":1,"undead_revamp2:sucker":3},"minecraft:used":{"minecraft:diorite":9,"minecraft:stone_sword":128,"minecraft:stone_pickaxe":167,"minecraft:chest":1,"minecraft:iron_sword":3,"minecraft:torch":6,"minecraft:oak_slab":61,"minecraft:crafting_table":1,"minecraft:mushroom_stew":2,"minecraft:carrot":72,"minecraft:white_bed":2,"minecraft:granite":17,"minecraft:melon_slice":24,"minecraft:map":1,"minecraft:iron_helmet":1,"minecraft:stone_axe":81,"minecraft:cobblestone":64,"minecraft:oak_sapling":3,"minecraft:andesite":1,"minecraft:potato":1,"minecraft:acacia_planks":1},"minecraft:custom":{"minecraft:interact_with_furnace":9,"minecraft:mob_kills":22,"minecraft:interact_with_crafting_table":17,"minecraft:leave_game":2,"minecraft:time_since_death":24523,"minecraft:time_since_rest":24550,"minecraft:sprint_one_cm":179466,"minecraft:damage_taken":3393,"minecraft:walk_one_cm":125524,"minecraft:drop":12,"minecraft:damage_dealt":6037,"minecraft:player_kills":1,"minecraft:swim_one_cm":5176,"minecraft:talked_to_villager":18,"minecraft:fly_one_cm":261905,"minecraft:open_chest":205,"minecraft:crouch_one_cm":39882,"minecraft:play_time":74041,"minecraft:deaths":8,"minecraft:sneak_time":14332,"minecraft:walk_under_water_one_cm":17794,"minecraft:boat_one_cm":700,"minecraft:jump":1068,"minecraft:walk_on_water_one_cm":2616,"minecraft:total_world_time":74041,"minecraft:fall_one_cm":14618,"minecraft:horse_one_cm":1202},"minecraft:killed_by":{"undead_revamp2:sucker":1,"minecraft:player":1,"undead_revamp2:the_moonflower":1,"minecraft:creeper":1,"enemyexpansion:equestrian":1,"enemyexpansion:huntsman":2},"minecraft:crafted":{"minecraft:oak_slab":120,"minecraft:oak_planks":88,"minecraft:crafting_table":1,"minecraft:iron_sword":1,"minecraft:bowl":4,"minecraft:stone_axe":1,"minecraft:air":0,"minecraft:iron_boots":1,"minecraft:iron_chestplate":1,"minecraft:book":2,"minecraft:paper":6,"improvableskills:skills_book":1,"minecraft:iron_pickaxe":1,"minecraft:iron_axe":1,"minecraft:stick":8,"minecraft:iron_ingot":1,"minecraft:stone_pickaxe":2,"minecraft:stone_sword":3,"minecraft:iron_leggings":1,"minecraft:gold_ingot":10,"minecraft:white_bed":1},"minecraft:picked_up":{"minecraft:birch_log":17,"enemyexpansion:horsehead_helmet":3,"minecraft:clay_ball":52,"minecraft:andesite":17,"minecraft:leather":21,"minecraft:potato":1,"silentgear:blueprint_package":1,"minecraft:flint":2,"minecraft:mushroom_stew":3,"minecraft:oak_log":38,"minecraft:gunpowder":3,"minecraft:dirt":215,"minecraft:string":17,"minecraft:iron_axe":2,"minecraft:bone":8,"minecraft:acacia_planks":3,"minecraft:apple":1,"minecraft:stone_pickaxe":6,"minecraft:cobblestone_slab":11,"minecraft:melon_slice":165,"minecraft:sugar_cane":6,"minecraft:chest":15,"minecraft:oak_planks":16,"minecraft:soul_sand":1,"minecraft:oak_slab":1,"minecraft:raw_iron":2,"minecraft:stick":7,"minecraft:pumpkin":7,"minecraft:torch":7,"minecraft:gravel":34,"undead_unleashed:grave_metal_scrap":1,"minecraft:diorite":9,"minecraft:white_bed":1,"minecraft:carrot":525,"minecraft:leather_helmet":1,"alexsmobs:animal_dictionary":1,"minecraft:mossy_cobblestone":1,"minecraft:stone_sword":4,"minecraft:arrow":2,"minecraft:rotten_flesh":22,"minecraft:stone_axe":6,"improvableskills:skills_book":2,"minecraft:granite":17,"minecraft:bone_meal":3,"born_in_chaos_v1:rotten_fish":1,"minecraft:oak_sapling":2,"minecraft:melon_seeds":1,"minecraft:iron_bars":2,"minecraft:coal":7,"minecraft:oak_leaves":57,"minecraft:cobblestone":270},"minecraft:mined":{"minecraft:podzol":13,"minecraft:oak_slab":1,"minecraft:white_bed":1,"minecraft:oak_sapling":3,"minecraft:soul_sand":1,"minecraft:mossy_cobblestone":1,"minecraft:clay":14,"minecraft:torch":1,"minecraft:granite":18,"minecraft:stone_brick_wall":1,"minecraft:grass_block":111,"minecraft:melon":14,"minecraft:chest":8,"minecraft:cobblestone":10,"minecraft:sugar_cane":3,"minecraft:diorite":9,"minecraft:carrots":1,"minecraft:iron_ore":2,"minecraft:birch_log":18,"minecraft:andesite":19,"minecraft:pumpkin":6,"minecraft:coal_ore":7,"minecraft:oak_log":28,"minecraft:iron_bars":4,"minecraft:gravel":31,"minecraft:dirt":25,"minecraft:cobweb":15,"minecraft:stone":68}},"DataVersion":3120}