{"stats":{"minecraft:dropped":{"minecraft:cobblestone":115,"minecraft:dirt":45,"minecraft:cobblestone_slab":11,"minecraft:chest":2,"minecraft:iron_axe":2,"minecraft:birch_log":1},"minecraft:killed":{"john_mod_reborn:john":1,"enemyexpansion:equestrian":2,"undead_revamp2:theswarmer":1,"minecraft:skeleton":2,"minecraft:chicken":1},"minecraft:used":{"minecraft:stone_sword":67,"minecraft:stone_pickaxe":14,"minecraft:torch":3,"minecraft:mushroom_stew":2,"minecraft:white_bed":2,"minecraft:melon_slice":20,"minecraft:map":1,"minecraft:iron_helmet":1,"minecraft:stone_axe":52,"minecraft:cobblestone":64,"minecraft:oak_sapling":3,"minecraft:andesite":1,"minecraft:acacia_planks":1},"minecraft:custom":{"minecraft:mob_kills":11,"minecraft:interact_with_crafting_table":8,"minecraft:leave_game":1,"minecraft:time_since_death":9286,"minecraft:time_since_rest":9311,"minecraft:sprint_one_cm":95651,"minecraft:damage_taken":2024,"minecraft:walk_one_cm":71210,"minecraft:drop":10,"minecraft:damage_dealt":3283,"minecraft:swim_one_cm":3994,"minecraft:talked_to_villager":18,"minecraft:fly_one_cm":124511,"minecraft:open_chest":144,"minecraft:crouch_one_cm":21450,"minecraft:play_time":39175,"minecraft:deaths":5,"minecraft:sneak_time":8258,"minecraft:walk_under_water_one_cm":10874,"minecraft:boat_one_cm":700,"minecraft:jump":554,"minecraft:walk_on_water_one_cm":445,"minecraft:total_world_time":39175,"minecraft:fall_one_cm":8347,"minecraft:horse_one_cm":620},"minecraft:killed_by":{"minecraft:player":1,"minecraft:creeper":1,"enemyexpansion:equestrian":1,"enemyexpansion:huntsman":2},"minecraft:crafted":{"minecraft:oak_planks":28,"minecraft:bowl":4,"minecraft:stone_axe":1,"minecraft:stone_pickaxe":1,"minecraft:stone_sword":2,"minecraft:white_bed":1},"minecraft:picked_up":{"minecraft:birch_log":4,"minecraft:clay_ball":20,"minecraft:andesite":1,"minecraft:leather":3,"silentgear:blueprint_package":1,"minecraft:mushroom_stew":3,"minecraft:oak_log":17,"minecraft:dirt":182,"minecraft:string":9,"minecraft:iron_axe":2,"minecraft:bone":5,"minecraft:acacia_planks":3,"minecraft:apple":1,"minecraft:stone_pickaxe":3,"minecraft:cobblestone_slab":11,"minecraft:melon_slice":57,"minecraft:chest":12,"minecraft:soul_sand":1,"minecraft:stick":3,"minecraft:pumpkin":7,"minecraft:torch":2,"minecraft:gravel":6,"undead_unleashed:grave_metal_scrap":1,"minecraft:white_bed":1,"alexsmobs:animal_dictionary":1,"minecraft:mossy_cobblestone":1,"minecraft:stone_sword":2,"minecraft:arrow":2,"minecraft:rotten_flesh":10,"minecraft:stone_axe":3,"minecraft:bone_meal":2,"minecraft:oak_sapling":2,"minecraft:oak_leaves":57,"minecraft:cobblestone":209},"minecraft:mined":{"minecraft:podzol":9,"minecraft:white_bed":1,"minecraft:oak_sapling":3,"minecraft:soul_sand":1,"minecraft:mossy_cobblestone":1,"minecraft:clay":11,"minecraft:torch":1,"minecraft:grass_block":107,"minecraft:melon":12,"minecraft:chest":5,"minecraft:cobblestone":8,"minecraft:birch_log":5,"minecraft:andesite":2,"minecraft:pumpkin":6,"minecraft:oak_log":18,"minecraft:gravel":6,"minecraft:cobweb":9}},"DataVersion":3120}