{"stats":{"minecraft:broken":{"minecraft:iron_shovel":1,"minecraft:stone_pickaxe":1,"minecraft:golden_chestplate":1,"minecraft:stone_sword":1},"minecraft:killed":{"john_mod_reborn:john":1,"minecraft:zombified_piglin":4,"minecraft:spider":2,"enemyexpansion:equestrian":3,"undead_revamp2:thesmoker":1,"undead_revamp2:theswarmer":2,"creeperoverhaul:bamboo_creeper":3,"minecraft:skeleton":6,"minecraft:chicken":4,"minecraft:creeper":4,"minecraft:zombie":5,"minecraft:mooshroom":1,"undead_unleashed:haunter":2,"minecraft:cow":13,"john_mod_reborn:hugging_john":1,"born_in_chaos_v1:maggot":3,"born_in_chaos_v1:corpse_fish":1,"undead_revamp2:sucker":7,"graveyard:ghoul":1,"minecraft:wither_skeleton":11},"minecraft:dropped":{"minecraft:candle":3,"minecraft:dirt":122,"minecraft:crimson_roots":1,"minecraft:lime_candle":4,"minecraft:iron_pickaxe":1,"minecraft:birch_log":1,"minecraft:bone":5,"minecraft:wheat":4,"graveyard:gravestone":1,"minecraft:ladder":1,"minecraft:chest":2,"minecraft:polished_granite":1,"minecraft:wheat_seeds":4,"minecraft:cobblestone":174,"minecraft:iron_axe":4,"minecraft:pink_candle":2,"minecraft:cobblestone_slab":11,"minecraft:bamboo":55},"minecraft:used":{"minecraft:iron_shovel":73,"minecraft:spruce_slab":42,"sophisticatedbackpacks:copper_backpack":2,"minecraft:chest":3,"minecraft:iron_sword":34,"minecraft:carrot":121,"minecraft:snowball":16,"minecraft:glass":1,"minecraft:bricks":4,"minecraft:iron_helmet":1,"minecraft:golden_sword":4,"minecraft:bow":17,"minecraft:furnace":1,"minecraft:oak_sapling":3,"minecraft:egg":4,"minecraft:potato":4,"minecraft:diorite":38,"minecraft:wither_skeleton_skull":1,"minecraft:stone_pickaxe":186,"minecraft:oak_planks":1,"minecraft:wooden_pickaxe":2,"minecraft:sandstone":7,"minecraft:yellow_terracotta":4,"minecraft:mushroom_stew":2,"minecraft:light_gray_terracotta":18,"minecraft:birch_slab":72,"minecraft:melon_slice":27,"graveyard:gravestone":1,"minecraft:red_terracotta":3,"minecraft:gravel":1,"minecraft:diamond_sword":4,"minecraft:wooden_sword":8,"minecraft:cooked_rabbit":1,"minecraft:andesite":7,"minecraft:stone_sword":233,"minecraft:torch":7,"minecraft:dirt":34,"minecraft:golden_chestplate":2,"minecraft:granite":28,"minecraft:iron_hoe":1,"minecraft:brown_terracotta":7,"minecraft:iron_axe":198,"minecraft:cooked_beef":7,"minecraft:acacia_planks":2,"minecraft:orange_terracotta":5,"minecraft:pointed_dripstone":6,"minecraft:cooked_mutton":1,"minecraft:water_bucket":11,"minecraft:red_nether_bricks":1,"minecraft:horse_spawn_egg":1,"minecraft:waxed_exposed_copper":1,"minecraft:mossy_cobblestone":48,"minecraft:oak_slab":61,"minecraft:crafting_table":2,"minecraft:white_bed":9,"minecraft:mud":2,"minecraft:apple":4,"minecraft:iron_pickaxe":205,"minecraft:map":1,"minecraft:stone_axe":88,"minecraft:cobblestone":121,"minecraft:cooked_porkchop":1,"minecraft:bucket":10},"minecraft:custom":{"minecraft:animals_bred":2,"minecraft:interact_with_crafting_table":38,"minecraft:open_barrel":21,"minecraft:leave_game":6,"minecraft:time_since_death":2979,"minecraft:sprint_one_cm":466996,"minecraft:drop":30,"minecraft:talked_to_villager":20,"minecraft:play_time":188350,"minecraft:deaths":38,"minecraft:jump":3058,"minecraft:walk_on_water_one_cm":13675,"minecraft:interact_with_furnace":138,"minecraft:damage_dealt":16445,"minecraft:player_kills":3,"minecraft:crouch_one_cm":92183,"minecraft:horse_one_cm":1202,"minecraft:mob_kills":84,"minecraft:damage_dealt_resisted":64,"minecraft:climb_one_cm":1536,"minecraft:walk_one_cm":322020,"minecraft:sneak_time":31703,"minecraft:walk_under_water_one_cm":23620,"minecraft:boat_one_cm":700,"minecraft:total_world_time":188350,"minecraft:time_since_rest":3006,"minecraft:damage_taken":13274,"minecraft:swim_one_cm":6132,"minecraft:fly_one_cm":766124,"minecraft:open_chest":478,"minecraft:fall_one_cm":71171},"minecraft:killed_by":{"undead_revamp2:sucker":3,"undead_revamp2:the_moonflower":1,"minecraft:wither_skeleton":4,"minecraft:creeper":2,"john_mod_reborn:feral_baby_john_1":1,"enemyexpansion:huntsman":2,"minecraft:zombie":5,"undead_revamp2:thepregnant":1,"minecraft:player":1,"enemyexpansion:trollenraged":1,"enemyexpansion:equestrian":2,"minecraft:skeleton":3,"john_mod_reborn:baby_john":1,"born_in_chaos_v1:corpse_fish":1,"john_mod_reborn:john":1},"minecraft:crafted":{"minecraft:oak_planks":88,"minecraft:cooked_chicken":4,"minecraft:birch_slab":72,"minecraft:cooked_mutton":4,"securitycraft:laser_block":1,"minecraft:glass":32,"minecraft:iron_boots":1,"improvableskills:skills_book":1,"minecraft:cooked_rabbit":1,"silentgear:dried_sinew":2,"minecraft:oak_slab":120,"minecraft:cooked_porkchop":35,"minecraft:crafting_table":2,"minecraft:spruce_planks":28,"minecraft:wooden_pickaxe":1,"minecraft:copper_ingot":82,"minecraft:book":2,"minecraft:iron_chestplate":1,"minecraft:paper":6,"minecraft:stick":24,"minecraft:iron_pickaxe":3,"minecraft:iron_ingot":10,"minecraft:stone_sword":5,"minecraft:gold_ingot":29,"securitycraft:universal_block_reinforcer_lvl1":1,"minecraft:wooden_sword":1,"minecraft:glass_pane":16,"minecraft:iron_axe":2,"minecraft:spruce_slab":42,"minecraft:stone_pickaxe":3,"minecraft:redstone_block":1,"minecraft:cooked_beef":37,"silentgear:sinew_fiber":3,"minecraft:iron_sword":1,"minecraft:bowl":4,"minecraft:stone_axe":2,"minecraft:air":0,"minecraft:jungle_planks":4,"minecraft:iron_leggings":1,"minecraft:white_bed":1},"minecraft:picked_up":{"minecraft:seagrass":2,"minecraft:wheat":10,"minecraft:diamond_sword":1,"minecraft:gilded_blackstone":1,"minecraft:string":72,"silentgear:sinew":15,"minecraft:raw_copper":29,"minecraft:red_nether_bricks":1,"john_mod_reborn:freed_spirit":2,"minecraft:gold_nugget":2,"minecraft:waxed_weathered_copper":1,"minecraft:bucket":1,"minecraft:spruce_planks":27,"minecraft:redstone_torch":10,"minecraft:cobblestone_slab":11,"minecraft:iron_pickaxe":9,"minecraft:melon_slice":251,"minecraft:furnace":1,"minecraft:stick":197,"minecraft:birch_trapdoor":2,"minecraft:torch":36,"minecraft:acacia_log":10,"minecraft:porkchop":37,"graveyard:yellow_urn":1,"minecraft:pointed_dripstone":5,"minecraft:diorite":31,"minecraft:golden_chestplate":5,"minecraft:stone_sword":13,"minecraft:rotten_flesh":32,"supplementaries:ash":1,"minecraft:white_terracotta":2,"minecraft:iron_bars":4,"minecraft:snowball":38,"minecraft:cobblestone":585,"minecraft:birch_log":50,"minecraft:feather":21,"minecraft:cooked_beef":27,"minecraft:andesite":54,"minecraft:water_bucket":8,"minecraft:jungle_log":14,"minecraft:potato":4,"minecraft:flint":8,"minecraft:wither_skeleton_skull":5,"minecraft:dirt":440,"minecraft:polished_granite":1,"minecraft:bone":107,"minecraft:glass":25,"minecraft:acacia_planks":8,"minecraft:bow":1,"minecraft:wheat_seeds":13,"minecraft:raw_gold":11,"minecraft:bamboo":396,"minecraft:rabbit":3,"minecraft:moss_block":2,"minecraft:waxed_exposed_copper":1,"minecraft:oak_planks":18,"minecraft:cooked_porkchop":34,"minecraft:sand":3,"minecraft:stripped_spruce_log":34,"minecraft:dead_bush":4,"alexsmobs:animal_dictionary":1,"minecraft:barrel":11,"minecraft:dark_oak_log":7,"minecraft:mossy_cobblestone":5,"minecraft:dark_prismarine":35,"minecraft:iron_hoe":1,"improvableskills:skills_book":2,"minecraft:bone_meal":130,"minecraft:granite":65,"born_in_chaos_v1:rotten_fish":168,"minecraft:oak_sapling":4,"minecraft:bricks":9,"minecraft:oak_leaves":57,"minecraft:crimson_roots":1,"minecraft:diamond_pickaxe":5,"minecraft:mud":12,"minecraft:charcoal":8,"minecraft:chicken":14,"minecraft:ladder":1,"minecraft:clay_ball":108,"minecraft:brown_mushroom":2,"minecraft:cooked_rabbit":1,"minecraft:dead_horn_coral_block":9,"minecraft:iron_axe":13,"minecraft:candle":3,"graveyard:gravestone":2,"minecraft:beef":34,"minecraft:spruce_slab":19,"minecraft:chest":38,"minecraft:sugar_cane":24,"minecraft:spruce_trapdoor":14,"minecraft:egg":13,"minecraft:raw_iron":17,"minecraft:sandstone":6,"minecraft:copper_ingot":41,"minecraft:carrot":756,"graveyard:small_cyan_urn":1,"minecraft:redstone":6,"minecraft:dark_oak_planks":2,"minecraft:lime_candle":2,"minecraft:stone_shovel":1,"minecraft:arrow":28,"sophisticatedbackpacks:copper_backpack":2,"minecraft:mutton":8,"minecraft:skeleton_skull":1,"minecraft:white_wool":5,"born_in_chaos_v1:corpse_maggot":2,"enemyexpansion:horsehead_helmet":3,"minecraft:leather":44,"minecraft:red_mushroom":2,"minecraft:birch_planks":24,"silentgear:blueprint_package":1,"minecraft:mushroom_stew":3,"savage_and_ravage:creeper_spores":3,"minecraft:oak_log":101,"minecraft:gunpowder":3,"minecraft:apple":17,"minecraft:rabbit_hide":4,"minecraft:iron_ingot":6,"minecraft:stone_pickaxe":8,"minecraft:cooked_chicken":1,"minecraft:iron_sword":5,"minecraft:soul_sand":1,"minecraft:oak_slab":1,"minecraft:pumpkin":17,"minecraft:sweet_berries":2,"minecraft:dandelion":1,"minecraft:gravel":79,"undead_unleashed:grave_metal_scrap":27,"minecraft:spruce_sapling":10,"minecraft:white_bed":8,"minecraft:spruce_log":41,"minecraft:spider_eye":1,"minecraft:leather_helmet":4,"minecraft:slime_ball":3,"minecraft:stone_axe":14,"minecraft:terracotta":4,"minecraft:melon_seeds":1,"minecraft:stripped_dark_oak_log":3,"minecraft:coal":54,"minecraft:hopper":1},"minecraft:mined":{"minecraft:dark_oak_planks":1,"minecraft:spruce_planks":23,"minecraft:white_bed":8,"minecraft:oak_sapling":3,"graveyard:yellow_urn":1,"minecraft:red_nether_bricks":3,"minecraft:spruce_trapdoor":23,"minecraft:granite":32,"minecraft:grass_block":200,"minecraft:stone_brick_wall":1,"minecraft:gilded_blackstone":1,"graveyard:wither_skull_with_rib_cage":1,"minecraft:fire":6,"minecraft:iron_ore":7,"minecraft:sticky_piston":3,"minecraft:barrel":11,"minecraft:pumpkin":12,"minecraft:pointed_dripstone":4,"minecraft:iron_bars":6,"minecraft:waxed_exposed_copper":2,"minecraft:spruce_slab":20,"minecraft:crimson_nylium":1,"minecraft:clay":19,"minecraft:torch":5,"minecraft:melon":19,"minecraft:chest":18,"minecraft:glass":1,"minecraft:cobblestone":31,"minecraft:sugar_cane":3,"minecraft:oak_planks":1,"minecraft:bricks":9,"graveyard:gravestone":1,"minecraft:skeleton_skull":2,"minecraft:nether_wart_block":1,"minecraft:birch_log":35,"graveyard:skull_pile":2,"minecraft:grass":13,"minecraft:oak_log":50,"minecraft:dirt":44,"graveyard:small_cyan_urn":1,"minecraft:wither_skeleton_skull":2,"minecraft:mossy_cobblestone":5,"minecraft:crimson_roots":1,"minecraft:redstone_wire":2,"minecraft:spruce_leaves":22,"minecraft:sandstone":6,"minecraft:waxed_weathered_copper":1,"minecraft:large_fern":3,"minecraft:furnace":1,"minecraft:carrots":4,"graveyard:tg_moss_block":2,"minecraft:andesite":30,"minecraft:stripped_spruce_log":31,"minecraft:cobblestone_slab":2,"minecraft:bamboo":2,"minecraft:stone":133,"minecraft:podzol":20,"minecraft:oak_slab":1,"minecraft:soul_sand":1,"minecraft:stripped_dark_oak_log":3,"minecraft:dandelion":1,"minecraft:polished_granite":4,"minecraft:tall_grass":5,"minecraft:diorite":33,"minecraft:spruce_stairs":8,"graveyard:vase_block":1,"graveyard:skull_with_rib_cage":1,"minecraft:redstone_torch":4,"minecraft:spruce_log":18,"minecraft:coal_ore":19,"minecraft:gravel":58,"minecraft:cobweb":24,"minecraft:acacia_planks":3}},"DataVersion":3120}