{"stats":{"minecraft:dropped":{"minecraft:cobblestone":132,"minecraft:dirt":45,"minecraft:cobblestone_slab":11,"minecraft:chest":2,"minecraft:iron_axe":2,"minecraft:birch_log":1},"minecraft:killed":{"john_mod_reborn:john":1,"minecraft:spider":1,"enemyexpansion:equestrian":3,"undead_revamp2:thesmoker":1,"minecraft:creeper":1,"undead_revamp2:theswarmer":2,"minecraft:skeleton":2,"minecraft:zombie":1,"minecraft:chicken":1,"undead_revamp2:sucker":3},"minecraft:used":{"minecraft:stone_sword":124,"minecraft:stone_pickaxe":129,"minecraft:chest":1,"minecraft:torch":3,"minecraft:mushroom_stew":2,"minecraft:carrot":69,"minecraft:white_bed":2,"minecraft:melon_slice":23,"minecraft:map":1,"minecraft:iron_helmet":1,"minecraft:stone_axe":72,"minecraft:cobblestone":64,"minecraft:oak_sapling":3,"minecraft:andesite":1,"minecraft:potato":1,"minecraft:acacia_planks":1},"minecraft:custom":{"minecraft:interact_with_furnace":7,"minecraft:mob_kills":20,"minecraft:interact_with_crafting_table":12,"minecraft:leave_game":1,"minecraft:time_since_death":13657,"minecraft:time_since_rest":13684,"minecraft:sprint_one_cm":156403,"minecraft:damage_taken":3369,"minecraft:walk_one_cm":117332,"minecraft:drop":11,"minecraft:damage_dealt":5672,"minecraft:player_kills":1,"minecraft:swim_one_cm":5176,"minecraft:talked_to_villager":18,"minecraft:fly_one_cm":222655,"minecraft:open_chest":196,"minecraft:crouch_one_cm":26588,"minecraft:play_time":63175,"minecraft:deaths":8,"minecraft:sneak_time":10845,"minecraft:walk_under_water_one_cm":16208,"minecraft:boat_one_cm":700,"minecraft:jump":945,"minecraft:walk_on_water_one_cm":1247,"minecraft:total_world_time":63175,"minecraft:fall_one_cm":12565,"minecraft:horse_one_cm":620},"minecraft:killed_by":{"undead_revamp2:sucker":1,"minecraft:player":1,"undead_revamp2:the_moonflower":1,"minecraft:creeper":1,"enemyexpansion:equestrian":1,"enemyexpansion:huntsman":2},"minecraft:crafted":{"minecraft:oak_planks":28,"minecraft:bowl":4,"minecraft:stone_axe":1,"minecraft:air":0,"minecraft:book":2,"minecraft:paper":6,"improvableskills:skills_book":1,"minecraft:stone_pickaxe":1,"minecraft:stone_sword":3,"minecraft:gold_ingot":10,"minecraft:white_bed":1},"minecraft:picked_up":{"minecraft:birch_log":13,"enemyexpansion:horsehead_helmet":3,"minecraft:clay_ball":52,"minecraft:andesite":14,"minecraft:leather":21,"minecraft:potato":1,"silentgear:blueprint_package":1,"minecraft:flint":2,"minecraft:mushroom_stew":3,"minecraft:oak_log":33,"minecraft:gunpowder":2,"minecraft:dirt":207,"minecraft:string":17,"minecraft:iron_axe":2,"minecraft:bone":8,"minecraft:acacia_planks":3,"minecraft:apple":1,"minecraft:stone_pickaxe":6,"minecraft:cobblestone_slab":11,"minecraft:melon_slice":165,"minecraft:sugar_cane":6,"minecraft:chest":14,"minecraft:oak_planks":16,"minecraft:soul_sand":1,"minecraft:raw_iron":1,"minecraft:stick":7,"minecraft:pumpkin":7,"minecraft:torch":7,"minecraft:gravel":31,"undead_unleashed:grave_metal_scrap":1,"minecraft:diorite":6,"minecraft:white_bed":1,"minecraft:carrot":525,"minecraft:leather_helmet":1,"alexsmobs:animal_dictionary":1,"minecraft:mossy_cobblestone":1,"minecraft:stone_sword":4,"minecraft:arrow":2,"minecraft:rotten_flesh":22,"minecraft:stone_axe":6,"improvableskills:skills_book":2,"minecraft:granite":7,"minecraft:bone_meal":3,"minecraft:oak_sapling":2,"minecraft:melon_seeds":1,"minecraft:coal":5,"minecraft:oak_leaves":57,"minecraft:cobblestone":261},"minecraft:mined":{"minecraft:podzol":13,"minecraft:white_bed":1,"minecraft:oak_sapling":3,"minecraft:soul_sand":1,"minecraft:mossy_cobblestone":1,"minecraft:clay":14,"minecraft:torch":1,"minecraft:granite":8,"minecraft:grass_block":110,"minecraft:melon":14,"minecraft:chest":7,"minecraft:cobblestone":10,"minecraft:sugar_cane":3,"minecraft:diorite":6,"minecraft:carrots":1,"minecraft:iron_ore":1,"minecraft:birch_log":14,"minecraft:andesite":16,"minecraft:pumpkin":6,"minecraft:coal_ore":5,"minecraft:oak_log":24,"minecraft:gravel":28,"minecraft:dirt":18,"minecraft:cobweb":15,"minecraft:stone":59}},"DataVersion":3120}