{"stats":{"minecraft:dropped":{"minecraft:cobblestone":115,"minecraft:dirt":45,"minecraft:cobblestone_slab":11,"minecraft:chest":2,"minecraft:iron_axe":2,"minecraft:birch_log":1},"minecraft:killed":{"john_mod_reborn:john":1,"enemyexpansion:equestrian":3,"undead_revamp2:theswarmer":2,"minecraft:skeleton":2,"minecraft:chicken":1,"undead_revamp2:sucker":3},"minecraft:used":{"minecraft:stone_sword":101,"minecraft:stone_pickaxe":21,"minecraft:torch":3,"minecraft:mushroom_stew":2,"minecraft:carrot":52,"minecraft:white_bed":2,"minecraft:melon_slice":20,"minecraft:map":1,"minecraft:iron_helmet":1,"minecraft:stone_axe":55,"minecraft:cobblestone":64,"minecraft:oak_sapling":3,"minecraft:andesite":1,"minecraft:acacia_planks":1},"minecraft:custom":{"minecraft:interact_with_furnace":2,"minecraft:mob_kills":16,"minecraft:interact_with_crafting_table":12,"minecraft:leave_game":1,"minecraft:time_since_death":1657,"minecraft:time_since_rest":1684,"minecraft:sprint_one_cm":125221,"minecraft:damage_taken":3110,"minecraft:walk_one_cm":99051,"minecraft:drop":10,"minecraft:damage_dealt":4711,"minecraft:swim_one_cm":5176,"minecraft:talked_to_villager":18,"minecraft:fly_one_cm":180349,"minecraft:open_chest":185,"minecraft:crouch_one_cm":23327,"minecraft:play_time":51175,"minecraft:deaths":8,"minecraft:sneak_time":8928,"minecraft:walk_under_water_one_cm":16208,"minecraft:boat_one_cm":700,"minecraft:jump":774,"minecraft:walk_on_water_one_cm":1078,"minecraft:total_world_time":51175,"minecraft:fall_one_cm":11094,"minecraft:horse_one_cm":620},"minecraft:killed_by":{"undead_revamp2:sucker":1,"minecraft:player":1,"undead_revamp2:the_moonflower":1,"minecraft:creeper":1,"enemyexpansion:equestrian":1,"enemyexpansion:huntsman":2},"minecraft:crafted":{"minecraft:oak_planks":28,"minecraft:bowl":4,"minecraft:stone_axe":1,"minecraft:air":0,"minecraft:book":2,"minecraft:paper":6,"improvableskills:skills_book":1,"minecraft:stone_pickaxe":1,"minecraft:stone_sword":3,"minecraft:gold_ingot":1,"minecraft:white_bed":1},"minecraft:picked_up":{"minecraft:birch_log":4,"enemyexpansion:horsehead_helmet":3,"minecraft:clay_ball":52,"minecraft:andesite":1,"minecraft:leather":21,"silentgear:blueprint_package":1,"minecraft:mushroom_stew":3,"minecraft:oak_log":28,"minecraft:dirt":187,"minecraft:string":15,"minecraft:iron_axe":2,"minecraft:bone":8,"minecraft:acacia_planks":3,"minecraft:apple":1,"minecraft:stone_pickaxe":6,"minecraft:cobblestone_slab":11,"minecraft:melon_slice":162,"minecraft:sugar_cane":6,"minecraft:chest":12,"minecraft:oak_planks":16,"minecraft:soul_sand":1,"minecraft:stick":7,"minecraft:pumpkin":7,"minecraft:torch":2,"minecraft:gravel":6,"undead_unleashed:grave_metal_scrap":1,"minecraft:white_bed":1,"minecraft:carrot":524,"alexsmobs:animal_dictionary":1,"minecraft:mossy_cobblestone":1,"minecraft:stone_sword":4,"minecraft:arrow":2,"minecraft:rotten_flesh":17,"minecraft:stone_axe":6,"improvableskills:skills_book":2,"minecraft:bone_meal":3,"minecraft:oak_sapling":2,"minecraft:melon_seeds":1,"minecraft:oak_leaves":57,"minecraft:cobblestone":211},"minecraft:mined":{"minecraft:podzol":12,"minecraft:white_bed":1,"minecraft:oak_sapling":3,"minecraft:soul_sand":1,"minecraft:mossy_cobblestone":1,"minecraft:clay":14,"minecraft:torch":1,"minecraft:grass_block":109,"minecraft:melon":13,"minecraft:chest":5,"minecraft:cobblestone":10,"minecraft:sugar_cane":3,"minecraft:birch_log":5,"minecraft:andesite":2,"minecraft:pumpkin":6,"minecraft:oak_log":19,"minecraft:gravel":6,"minecraft:cobweb":14,"minecraft:stone":5}},"DataVersion":3120}