{"stats":{"minecraft:broken":{"minecraft:iron_shovel":1,"minecraft:stone_pickaxe":1,"minecraft:stone_axe":1,"minecraft:golden_chestplate":1,"minecraft:stone_sword":1,"minecraft:leather_boots":1},"minecraft:dropped":{"minecraft:candle":3,"minecraft:diamond_axe":1,"minecraft:diamond":12,"minecraft:dark_oak_sapling":2,"minecraft:jungle_planks":8,"minecraft:dirt":131,"minecraft:crimson_roots":1,"minecraft:snowball":16,"minecraft:iron_pickaxe":1,"minecraft:lime_candle":4,"minecraft:birch_log":4,"minecraft:bone":5,"minecraft:stone_axe":4,"minecraft:wheat":4,"graveyard:gravestone":1,"minecraft:rotten_flesh":15,"undead_unleashed:grave_metal_axe":1,"minecraft:chest":2,"minecraft:ladder":1,"minecraft:oak_leaves":1,"minecraft:written_book":1,"minecraft:polished_granite":1,"quark:oak_hedge":2,"minecraft:iron_ingot":1,"minecraft:oak_slab":385,"minecraft:wheat_seeds":7,"minecraft:mossy_cobblestone":1,"minecraft:cobblestone":174,"minecraft:milk_bucket":1,"minecraft:sponge":1,"minecraft:melon_slice":32,"minecraft:iron_axe":4,"minecraft:string":1,"minecraft:spruce_sapling":2,"minecraft:wither_skeleton_skull":1,"minecraft:iron_boots":1,"minecraft:pink_candle":2,"securitycraft:universal_block_remover":1,"minecraft:cobblestone_slab":11,"alexsmobs:cockroach_wing_fragment":1,"minecraft:spruce_planks":2,"minecraft:oak_sapling":1,"minecraft:bamboo":55,"minecraft:slime_ball":1,"minecraft:stone_pickaxe":5},"minecraft:killed":{"john_mod_reborn:baby_john":2,"minecraft:zombified_piglin":4,"john_mod_reborn:john":1,"enemyexpansion:equestrian":5,"minecraft:spider":2,"undead_revamp2:thesmoker":2,"undead_revamp2:theswarmer":3,"creeperoverhaul:bamboo_creeper":3,"minecraft:skeleton":6,"minecraft:guardian":2,"minecraft:bee":2,"minecraft:chicken":10,"minecraft:turtle":1,"undead_revamp2:thespitter":1,"minecraft:tropical_fish":1,"undead_revamp2:crackleball":1,"minecraft:pig":11,"undead_revamp2:theheavy":1,"minecraft:creeper":6,"minecraft:sheep":4,"undead_revamp2:theordure":1,"minecraft:zombie":13,"minecraft:stray":2,"minecraft:mooshroom":4,"born_in_chaos_v1:corpse_fly":4,"enemyexpansion:botfly":6,"undead_unleashed:haunter":2,"minecraft:cow":18,"john_mod_reborn:hugging_john":2,"graveyard:revenant":1,"undead_revamp2:bomber":2,"born_in_chaos_v1:maggot":10,"minecraft:horse":3,"minecraft:llama":1,"undead_revamp2:thebidy":1,"minecraft:drowned":3,"born_in_chaos_v1:corpse_fish":1,"john_mod_reborn:baby_john_pack_lead":2,"undead_revamp2:sucker":10,"graveyard:ghoul":1,"undead_revamp2:the_moonflower":3,"john_mod_reborn:feral_baby_john_2":3,"alexsmobs:cockroach":1,"minecraft:wither_skeleton":11,"minecraft:villager":1,"john_mod_reborn:feral_baby_john_1":2},"minecraft:used":{"minecraft:iron_shovel":73,"sophisticatedbackpacks:copper_backpack":2,"minecraft:dead_horn_coral_block":1,"minecraft:spruce_slab":470,"minecraft:ladder":6,"minecraft:chest":8,"minecraft:white_terracotta":2,"minecraft:iron_sword":116,"minecraft:rotten_flesh":2,"minecraft:grass":5,"paraglider:goddess_statue":3,"minecraft:jungle_planks":7,"undead_unleashed:grave_metal_axe":157,"minecraft:carrot":297,"minecraft:jungle_slab":13,"minecraft:snowball":16,"minecraft:stripped_spruce_log":2,"minecraft:azure_bluet":1,"minecraft:milk_bucket":13,"minecraft:glass":1,"born_in_chaos_v1:corpse_maggot":2,"minecraft:lava_bucket":4,"minecraft:bricks":4,"minecraft:birch_sapling":5,"minecraft:blue_orchid":2,"minecraft:iron_helmet":1,"minecraft:golden_sword":4,"minecraft:bow":42,"minecraft:oak_sapling":19,"minecraft:written_book":2,"minecraft:sweet_berries":2,"minecraft:furnace":1,"minecraft:egg":12,"minecraft:potato":28,"minecraft:dark_oak_sapling":2,"minecraft:diorite":39,"minecraft:wither_skeleton_skull":5,"minecraft:oak_planks":4,"minecraft:stone_pickaxe":295,"securitycraft:reinforced_spruce_planks":2,"minecraft:wooden_pickaxe":2,"minecraft:sandstone":7,"minecraft:composter":4,"minecraft:diamond_axe":49,"minecraft:oak_leaves":1,"minecraft:glow_berries":2,"minecraft:yellow_terracotta":4,"minecraft:mushroom_stew":2,"minecraft:light_gray_terracotta":18,"minecraft:shears":21,"minecraft:dripstone_block":2,"securitycraft:universal_block_remover":2,"minecraft:lever":1,"securitycraft:reinforced_grass_block":2,"graveyard:gravestone":1,"minecraft:melon_slice":37,"minecraft:birch_slab":88,"minecraft:red_terracotta":3,"minecraft:diamond_ore":1,"minecraft:bread":3,"minecraft:dark_oak_log":4,"minecraft:gravel":2,"paraglider:kakariko_goddess_statue":1,"minecraft:diamond_sword":4,"minecraft:wooden_sword":8,"minecraft:cooked_rabbit":1,"minecraft:andesite":8,"minecraft:trident":61,"minecraft:smithing_table":5,"minecraft:bone_meal":14,"minecraft:experience_bottle":8,"minecraft:stone_sword":292,"minecraft:dead_tube_coral_block":2,"minecraft:tropical_fish":1,"minecraft:stone_shovel":11,"minecraft:spruce_planks":1,"minecraft:cooked_chicken":4,"minecraft:torch":42,"graveyard:red_urn":1,"minecraft:dirt":149,"minecraft:ancient_debris":1,"minecraft:salmon_bucket":1,"minecraft:golden_chestplate":2,"minecraft:granite":55,"minecraft:spruce_fence":1,"minecraft:iron_hoe":1,"securitycraft:reinforced_dirt":3,"minecraft:brown_terracotta":7,"minecraft:iron_axe":296,"minecraft:oak_stairs":1,"minecraft:barrel":8,"minecraft:cooked_beef":36,"minecraft:acacia_planks":2,"minecraft:orange_terracotta":5,"minecraft:iron_leggings":1,"minecraft:pointed_dripstone":17,"minecraft:cooked_mutton":5,"minecraft:water_bucket":23,"securitycraft:reinforced_oak_planks":2,"securitycraft:reinforced_cobblestone":2,"minecraft:red_nether_bricks":1,"minecraft:cauldron":2,"minecraft:horse_spawn_egg":1,"minecraft:waxed_exposed_copper":1,"minecraft:mossy_cobblestone":51,"minecraft:oak_slab":426,"minecraft:crafting_table":8,"croptopia:apple_sapling":2,"minecraft:dead_fire_coral_block":1,"minecraft:white_bed":13,"securitycraft:reinforced_blackstone":2,"minecraft:oak_log":6,"minecraft:mud":2,"minecraft:dark_prismarine":4,"minecraft:cornflower":1,"minecraft:diamond_pickaxe":222,"minecraft:apple":4,"quark:oak_hedge":2,"minecraft:iron_pickaxe":393,"minecraft:map":1,"minecraft:spruce_trapdoor":8,"minecraft:stone_axe":278,"minecraft:cobblestone":254,"minecraft:cooked_porkchop":2,"minecraft:bucket":23,"quark:oak_chest":1,"enemyexpansion:horsehead_helmet":1,"minecraft:dandelion":3},"minecraft:custom":{"minecraft:animals_bred":17,"minecraft:interact_with_crafting_table":89,"minecraft:open_barrel":55,"minecraft:leave_game":14,"minecraft:time_since_death":23313,"minecraft:sprint_one_cm":1116460,"minecraft:drop":80,"minecraft:talked_to_villager":75,"minecraft:play_time":457413,"minecraft:deaths":56,"minecraft:jump":7116,"minecraft:walk_on_water_one_cm":20887,"minecraft:interact_with_furnace":254,"minecraft:traded_with_villager":12,"minecraft:sleep_in_bed":7,"minecraft:damage_dealt":46311,"minecraft:player_kills":7,"minecraft:crouch_one_cm":257746,"minecraft:interact_with_smithing_table":2,"minecraft:use_cauldron":2,"minecraft:horse_one_cm":1202,"minecraft:mob_kills":197,"minecraft:fill_cauldron":2,"minecraft:damage_dealt_resisted":1525,"minecraft:climb_one_cm":15660,"minecraft:walk_one_cm":799902,"minecraft:sneak_time":82648,"minecraft:walk_under_water_one_cm":46286,"minecraft:boat_one_cm":700,"minecraft:total_world_time":457413,"minecraft:interact_with_stonecutter":2,"minecraft:time_since_rest":945,"minecraft:damage_taken":23460,"minecraft:swim_one_cm":32158,"minecraft:fly_one_cm":1864576,"minecraft:open_chest":1096,"minecraft:fall_one_cm":192375},"minecraft:killed_by":{"undead_revamp2:sucker":5,"undead_revamp2:the_moonflower":1,"minecraft:wither_skeleton":4,"minecraft:creeper":2,"john_mod_reborn:feral_baby_john_1":3,"enemyexpansion:huntsman":2,"minecraft:zombie":5,"undead_revamp2:thepregnant":1,"minecraft:player":1,"enemyexpansion:trollenraged":1,"enemyexpansion:equestrian":3,"minecraft:skeleton":4,"john_mod_reborn:baby_john":1,"born_in_chaos_v1:corpse_fish":1,"john_mod_reborn:john":1},"minecraft:crafted":{"minecraft:oak_planks":456,"minecraft:cooked_chicken":10,"paraglider:kakariko_goddess_statue":1,"minecraft:birch_slab":120,"minecraft:cooked_mutton":9,"securitycraft:laser_block":1,"minecraft:glass":32,"minecraft:iron_boots":1,"improvableskills:skills_book":1,"minecraft:cooked_rabbit":1,"silentgear:dried_sinew":2,"minecraft:oak_slab":780,"minecraft:emerald":2,"minecraft:cauldron":1,"minecraft:cooked_porkchop":63,"minecraft:crafting_table":8,"minecraft:spruce_planks":240,"minecraft:wooden_pickaxe":1,"minecraft:smithing_table":1,"minecraft:copper_ingot":127,"quark:oak_hedge":2,"minecraft:birch_planks":24,"minecraft:dark_oak_slab":96,"minecraft:iron_chestplate":3,"minecraft:book":2,"minecraft:paper":6,"minecraft:diamond_pickaxe":1,"minecraft:stick":32,"quark:oak_chest":1,"minecraft:iron_ingot":57,"minecraft:iron_pickaxe":5,"minecraft:stone_sword":5,"minecraft:gold_ingot":54,"minecraft:composter":1,"minecraft:shears":3,"securitycraft:universal_block_reinforcer_lvl1":1,"minecraft:wooden_sword":1,"croptopia:apple_sapling":1,"minecraft:bone_meal":48,"minecraft:glass_pane":16,"minecraft:iron_axe":3,"securitycraft:universal_block_remover":2,"minecraft:spruce_slab":468,"minecraft:stone_pickaxe":10,"minecraft:redstone_block":1,"minecraft:netherite_scrap":2,"minecraft:dark_oak_planks":52,"undead_unleashed:grave_metal_ingot":1,"minecraft:cooked_beef":52,"minecraft:dripstone_block":1,"silentgear:sinew_fiber":3,"minecraft:iron_sword":2,"minecraft:bowl":4,"minecraft:stone_axe":8,"minecraft:jungle_slab":12,"minecraft:air":0,"minecraft:jungle_planks":4,"minecraft:white_wool":7,"minecraft:iron_leggings":2,"minecraft:white_bed":3,"minecraft:torch":36},"minecraft:picked_up":{"minecraft:seagrass":15,"minecraft:iron_chestplate":2,"minecraft:wheat":10,"minecraft:chainmail_boots":1,"minecraft:prismarine_shard":3,"minecraft:smithing_table":4,"minecraft:diamond_sword":1,"minecraft:oak_stairs":1,"minecraft:golden_shovel":1,"minecraft:gilded_blackstone":1,"croptopia:calamari":1,"securitycraft:reinforced_oak_planks":2,"silentgear:sinew":18,"paraglider:goddess_statue":4,"minecraft:string":94,"minecraft:dead_tube_coral_block":9,"minecraft:raw_copper":29,"minecraft:red_nether_bricks":1,"minecraft:iron_leggings":1,"minecraft:sticky_piston":3,"minecraft:pufferfish":2,"john_mod_reborn:freed_spirit":3,"securitycraft:reinforced_dirt":3,"minecraft:red_sand":1,"minecraft:gold_nugget":2,"minecraft:waxed_weathered_copper":1,"minecraft:bucket":5,"minecraft:spruce_planks":35,"securitycraft:reinforced_spruce_planks":2,"minecraft:written_book":2,"minecraft:redstone_torch":14,"minecraft:cobblestone_slab":11,"minecraft:iron_pickaxe":13,"minecraft:melon_slice":425,"minecraft:iron_boots":2,"minecraft:furnace":1,"minecraft:tipped_arrow":1,"minecraft:stick":229,"minecraft:composter":3,"minecraft:birch_trapdoor":2,"minecraft:torch":53,"minecraft:acacia_log":11,"minecraft:spruce_stairs":4,"minecraft:porkchop":63,"graveyard:yellow_urn":1,"minecraft:pointed_dripstone":26,"minecraft:diorite":48,"minecraft:golden_chestplate":5,"minecraft:cauldron":1,"minecraft:stone_sword":20,"minecraft:horn_coral_fan":3,"minecraft:rotten_flesh":120,"minecraft:tropical_fish":2,"minecraft:white_terracotta":4,"supplementaries:ash":3,"minecraft:iron_bars":4,"minecraft:snowball":54,"minecraft:cobblestone":1210,"minecraft:nautilus_shell":3,"minecraft:sponge":1,"minecraft:birch_log":93,"croptopia:apple_sapling":1,"minecraft:feather":38,"minecraft:cooked_beef":30,"minecraft:andesite":86,"minecraft:birch_slab":2,"minecraft:water_bucket":11,"minecraft:jungle_log":16,"minecraft:black_bed":1,"minecraft:potato":22,"paraglider:spirit_orb":2,"minecraft:flint":15,"minecraft:prismarine_bricks":3,"minecraft:horn_coral":1,"minecraft:wither_skeleton_skull":7,"minecraft:dirt":761,"minecraft:polished_granite":1,"twilightforest:canopy_sapling":1,"minecraft:leather_boots":1,"minecraft:glass":25,"minecraft:bone":153,"minecraft:acacia_planks":8,"minecraft:bow":1,"minecraft:wheat_seeds":29,"minecraft:raw_gold":15,"minecraft:bell":1,"minecraft:mossy_stone_bricks":2,"minecraft:rabbit":3,"minecraft:bamboo":396,"minecraft:moss_block":2,"croptopia:roe":5,"minecraft:prismarine":81,"minecraft:oak_planks":21,"minecraft:waxed_exposed_copper":1,"minecraft:cooked_porkchop":35,"minecraft:sand":50,"minecraft:jungle_planks":60,"minecraft:stripped_spruce_log":70,"alexsmobs:animal_dictionary":1,"minecraft:ink_sac":2,"minecraft:dead_bush":4,"minecraft:grass_block":1,"minecraft:jungle_slab":13,"minecraft:dark_oak_log":19,"minecraft:barrel":25,"minecraft:mossy_cobblestone":14,"minecraft:dark_prismarine":55,"undead_revamp2:heavytooth":4,"securitycraft:universal_block_remover":2,"minecraft:iron_hoe":1,"minecraft:diamond":1,"improvableskills:skills_book":3,"minecraft:lever":1,"minecraft:dead_brain_coral_block":1,"minecraft:granite":105,"securitycraft:reinforced_blackstone":2,"minecraft:grass":121,"minecraft:bone_meal":197,"minecraft:emerald":43,"minecraft:bread":1,"minecraft:rooted_dirt":1,"minecraft:oak_sapling":14,"born_in_chaos_v1:rotten_fish":172,"minecraft:bricks":9,"minecraft:oak_leaves":60,"minecraft:crimson_roots":1,"minecraft:diamond_pickaxe":8,"minecraft:charcoal":8,"minecraft:fishing_rod":1,"minecraft:mud":12,"minecraft:bubble_coral_fan":1,"minecraft:allium":2,"minecraft:azure_bluet":1,"minecraft:chicken":20,"minecraft:ladder":7,"minecraft:clay_ball":280,"minecraft:brown_mushroom":3,"minecraft:cooked_rabbit":1,"minecraft:dead_horn_coral_block":16,"minecraft:cornflower":1,"minecraft:iron_axe":14,"graveyard:corruption":2,"minecraft:cracked_stone_bricks":1,"minecraft:candle":3,"graveyard:gravestone":2,"minecraft:beef":52,"minecraft:spruce_slab":45,"minecraft:sugar_cane":26,"minecraft:chest":64,"minecraft:birch_sapling":1,"minecraft:spruce_trapdoor":22,"minecraft:egg":23,"minecraft:dark_oak_sapling":5,"minecraft:raw_iron":54,"minecraft:sandstone":6,"securitycraft:reinforced_cobblestone":2,"minecraft:copper_ingot":107,"minecraft:spruce_fence":1,"graveyard:small_cyan_urn":1,"minecraft:carrot":1057,"minecraft:redstone":9,"minecraft:prismarine_crystals":39,"minecraft:dark_oak_planks":2,"minecraft:lime_candle":2,"minecraft:arrow":70,"minecraft:stone_shovel":1,"minecraft:shears":3,"graveyard:red_urn":1,"sophisticatedbackpacks:copper_backpack":2,"minecraft:mutton":13,"minecraft:skeleton_skull":1,"minecraft:white_wool":9,"minecraft:stripped_oak_log":2,"born_in_chaos_v1:corpse_maggot":10,"enemyexpansion:horsehead_helmet":4,"minecraft:salmon":1,"minecraft:leather":56,"minecraft:red_mushroom":7,"minecraft:birch_planks":24,"minecraft:ice":1,"silentgear:blueprint_package":1,"minecraft:mushroom_stew":3,"savage_and_ravage:creeper_spores":3,"minecraft:oak_log":209,"minecraft:ancient_debris":1,"minecraft:golden_boots":1,"minecraft:gunpowder":18,"minecraft:apple":39,"minecraft:stone_bricks":4,"alexsmobs:cockroach_wing_fragment":2,"minecraft:rabbit_hide":4,"minecraft:iron_ingot":15,"minecraft:stone_pickaxe":17,"minecraft:cooked_chicken":1,"securitycraft:universal_block_reinforcer_lvl1":2,"undead_unleashed:grave_metal_boots":1,"minecraft:iron_sword":9,"minecraft:soul_sand":1,"minecraft:oak_slab":519,"minecraft:milk_bucket":1,"minecraft:black_candle":9,"minecraft:pumpkin":23,"minecraft:sweet_berries":3,"minecraft:chiseled_stone_bricks":1,"minecraft:stone_brick_slab":5,"minecraft:dandelion":13,"minecraft:dripstone_block":1,"minecraft:gravel":122,"minecraft:dead_fire_coral_block":5,"undead_unleashed:grave_metal_scrap":114,"minecraft:spruce_sapling":15,"minecraft:white_bed":10,"minecraft:spruce_log":81,"minecraft:mossy_stone_brick_slab":2,"minecraft:spider_eye":2,"minecraft:leather_helmet":5,"minecraft:oak_wood":15,"minecraft:slime_ball":5,"graveyard:vase_block":5,"securitycraft:reinforced_grass_block":2,"minecraft:stone_axe":27,"minecraft:dead_bubble_coral_block":6,"minecraft:iron_helmet":2,"quark:oak_hedge":2,"undead_unleashed:grave_metal_axe":3,"minecraft:terracotta":4,"minecraft:melon_seeds":1,"minecraft:dark_oak_wood":8,"minecraft:stripped_dark_oak_log":3,"minecraft:coal":95,"minecraft:hopper":1},"minecraft:mined":{"minecraft:dark_oak_planks":1,"minecraft:spruce_planks":31,"minecraft:white_bed":10,"minecraft:oak_sapling":4,"minecraft:mossy_stone_brick_slab":2,"graveyard:yellow_urn":1,"minecraft:jungle_slab":2,"minecraft:red_nether_bricks":3,"minecraft:spruce_trapdoor":32,"minecraft:stone_brick_wall":1,"minecraft:granite":70,"minecraft:grass_block":314,"minecraft:acacia_log":1,"minecraft:red_sand":1,"minecraft:bubble_coral_block":1,"minecraft:tube_coral_block":3,"minecraft:composter":3,"minecraft:chiseled_stone_bricks":1,"minecraft:spawner":1,"minecraft:gilded_blackstone":1,"graveyard:wither_skull_with_rib_cage":1,"minecraft:iron_ore":26,"minecraft:barrel":24,"minecraft:sticky_piston":7,"minecraft:fire":13,"minecraft:pumpkin":17,"minecraft:granite_slab":1,"minecraft:azure_bluet":1,"minecraft:pointed_dripstone":12,"minecraft:oak_stairs":4,"minecraft:iron_bars":6,"minecraft:waxed_exposed_copper":2,"graveyard:wither_skull_pile":2,"minecraft:brain_coral_block":2,"minecraft:spruce_slab":41,"minecraft:crimson_nylium":1,"minecraft:clay":35,"minecraft:torch":10,"minecraft:dark_oak_wood":8,"minecraft:melon":29,"minecraft:chest":39,"minecraft:white_stained_glass_pane":3,"minecraft:mushroom_stem":1,"minecraft:glass":1,"minecraft:cobblestone":78,"minecraft:oak_planks":6,"minecraft:sugar_cane":3,"minecraft:prismarine":23,"minecraft:bricks":9,"graveyard:gravestone":1,"minecraft:wall_torch":1,"minecraft:cauldron":1,"minecraft:skeleton_skull":2,"minecraft:white_terracotta":4,"minecraft:nether_wart_block":1,"minecraft:birch_log":70,"graveyard:skull_pile":2,"minecraft:black_bed":1,"minecraft:yellow_stained_glass_pane":2,"minecraft:grass":59,"minecraft:oak_log":136,"minecraft:dark_oak_sapling":2,"minecraft:sand":1,"minecraft:dirt":77,"graveyard:small_cyan_urn":1,"minecraft:wither_skeleton_skull":3,"minecraft:ancient_debris":1,"minecraft:horn_coral_block":1,"minecraft:oak_leaves":31,"minecraft:diamond_ore":1,"minecraft:dark_prismarine":14,"minecraft:mossy_cobblestone":11,"minecraft:dark_oak_leaves":1,"minecraft:dark_oak_log":8,"minecraft:lever":1,"minecraft:ladder":3,"minecraft:spruce_fence":1,"minecraft:jungle_planks":9,"minecraft:crimson_roots":1,"minecraft:redstone_wire":4,"minecraft:spruce_leaves":37,"minecraft:birch_slab":2,"minecraft:sandstone":6,"minecraft:waxed_weathered_copper":1,"minecraft:large_fern":6,"minecraft:oak_trapdoor":1,"minecraft:furnace":1,"minecraft:carrots":20,"graveyard:tg_moss_block":2,"minecraft:andesite":62,"minecraft:stripped_spruce_log":73,"minecraft:bell":1,"minecraft:dead_horn_coral_block":1,"minecraft:cobblestone_slab":2,"minecraft:stripped_oak_log":1,"minecraft:packed_ice":4,"minecraft:bamboo":2,"minecraft:stone":342,"minecraft:fire_coral_block":2,"minecraft:podzol":26,"minecraft:smithing_table":4,"minecraft:oak_slab":11,"minecraft:glass_pane":1,"minecraft:soul_sand":1,"minecraft:stripped_dark_oak_log":3,"minecraft:stone_brick_slab":6,"croptopia:apple_sapling":1,"minecraft:dandelion":7,"minecraft:polished_granite":4,"minecraft:cornflower":1,"graveyard:tg_rooted_dirt":2,"minecraft:oak_wood":16,"minecraft:sponge":1,"minecraft:tall_grass":19,"graveyard:tg_grass_block":3,"minecraft:diorite":51,"twilightforest:mayapple":1,"minecraft:prismarine_bricks":1,"minecraft:spruce_stairs":12,"graveyard:vase_block":4,"graveyard:skull_with_rib_cage":1,"minecraft:stripped_spruce_wood":1,"minecraft:redstone_torch":5,"minecraft:spruce_log":44,"minecraft:birch_leaves":9,"minecraft:dead_brain_coral_block":1,"minecraft:coal_ore":34,"quark:oak_hedge":2,"minecraft:gravel":92,"minecraft:dripstone_block":1,"minecraft:cobweb":45,"minecraft:cracked_stone_bricks":1,"minecraft:acacia_planks":3,"minecraft:stone_bricks":6,"minecraft:mossy_stone_bricks":2,"paraglider:goddess_statue":3,"minecraft:fern":1}},"DataVersion":3120}