{"stats":{"minecraft:broken":{"minecraft:iron_shovel":1,"minecraft:stone_pickaxe":1,"minecraft:golden_chestplate":1,"minecraft:stone_sword":1},"minecraft:dropped":{"minecraft:candle":3,"minecraft:dark_oak_sapling":2,"minecraft:dirt":131,"minecraft:crimson_roots":1,"minecraft:snowball":16,"minecraft:lime_candle":4,"minecraft:iron_pickaxe":1,"minecraft:birch_log":4,"minecraft:bone":5,"minecraft:wheat":4,"graveyard:gravestone":1,"minecraft:ladder":1,"minecraft:chest":2,"minecraft:polished_granite":1,"minecraft:wheat_seeds":4,"minecraft:cobblestone":174,"minecraft:sponge":1,"minecraft:iron_axe":4,"minecraft:pink_candle":2,"securitycraft:universal_block_remover":1,"minecraft:cobblestone_slab":11,"minecraft:bamboo":55},"minecraft:killed":{"john_mod_reborn:baby_john":1,"john_mod_reborn:john":1,"minecraft:zombified_piglin":4,"minecraft:spider":2,"enemyexpansion:equestrian":3,"undead_revamp2:thesmoker":1,"undead_revamp2:theswarmer":2,"creeperoverhaul:bamboo_creeper":3,"minecraft:skeleton":6,"minecraft:guardian":1,"minecraft:chicken":4,"minecraft:tropical_fish":1,"minecraft:creeper":4,"minecraft:zombie":5,"enemyexpansion:botfly":1,"minecraft:stray":2,"minecraft:mooshroom":1,"undead_unleashed:haunter":2,"minecraft:cow":13,"john_mod_reborn:hugging_john":2,"born_in_chaos_v1:maggot":3,"born_in_chaos_v1:corpse_fish":1,"undead_revamp2:sucker":7,"graveyard:ghoul":1,"john_mod_reborn:feral_baby_john_2":2,"minecraft:wither_skeleton":11,"john_mod_reborn:feral_baby_john_1":1},"minecraft:used":{"minecraft:iron_shovel":73,"minecraft:spruce_slab":42,"sophisticatedbackpacks:copper_backpack":2,"minecraft:chest":3,"minecraft:iron_sword":36,"minecraft:carrot":137,"minecraft:snowball":16,"minecraft:milk_bucket":1,"minecraft:glass":1,"minecraft:bricks":4,"minecraft:iron_helmet":1,"minecraft:golden_sword":4,"minecraft:bow":17,"minecraft:furnace":1,"minecraft:oak_sapling":3,"minecraft:egg":4,"minecraft:potato":4,"minecraft:dark_oak_sapling":2,"minecraft:diorite":38,"minecraft:wither_skeleton_skull":1,"securitycraft:reinforced_spruce_planks":1,"minecraft:stone_pickaxe":263,"minecraft:oak_planks":1,"minecraft:wooden_pickaxe":2,"minecraft:sandstone":7,"minecraft:yellow_terracotta":4,"minecraft:mushroom_stew":2,"minecraft:light_gray_terracotta":18,"securitycraft:universal_block_remover":1,"securitycraft:reinforced_grass_block":1,"minecraft:dark_oak_log":1,"minecraft:birch_slab":72,"minecraft:melon_slice":27,"graveyard:gravestone":1,"minecraft:red_terracotta":3,"minecraft:gravel":1,"minecraft:diamond_sword":4,"minecraft:wooden_sword":8,"minecraft:cooked_rabbit":1,"minecraft:andesite":7,"minecraft:experience_bottle":8,"minecraft:stone_sword":290,"minecraft:stone_shovel":11,"minecraft:torch":7,"minecraft:dirt":36,"minecraft:salmon_bucket":1,"minecraft:golden_chestplate":2,"minecraft:granite":28,"securitycraft:reinforced_dirt":2,"minecraft:iron_hoe":1,"minecraft:brown_terracotta":7,"minecraft:iron_axe":198,"minecraft:cooked_beef":25,"minecraft:acacia_planks":2,"minecraft:orange_terracotta":5,"minecraft:pointed_dripstone":6,"minecraft:cooked_mutton":1,"minecraft:water_bucket":11,"securitycraft:reinforced_oak_planks":1,"securitycraft:reinforced_cobblestone":1,"minecraft:red_nether_bricks":1,"minecraft:horse_spawn_egg":1,"minecraft:waxed_exposed_copper":1,"minecraft:mossy_cobblestone":48,"minecraft:oak_slab":61,"minecraft:crafting_table":2,"minecraft:white_bed":9,"securitycraft:reinforced_blackstone":1,"minecraft:mud":2,"minecraft:apple":4,"minecraft:iron_pickaxe":224,"minecraft:map":1,"minecraft:stone_axe":104,"minecraft:cobblestone":125,"minecraft:cooked_porkchop":1,"minecraft:bucket":10,"enemyexpansion:horsehead_helmet":1},"minecraft:custom":{"minecraft:animals_bred":2,"minecraft:interact_with_crafting_table":46,"minecraft:open_barrel":21,"minecraft:leave_game":6,"minecraft:time_since_death":35811,"minecraft:sprint_one_cm":553027,"minecraft:drop":37,"minecraft:talked_to_villager":20,"minecraft:play_time":221182,"minecraft:deaths":38,"minecraft:jump":3569,"minecraft:walk_on_water_one_cm":13675,"minecraft:interact_with_furnace":195,"minecraft:damage_dealt":20927,"minecraft:player_kills":6,"minecraft:crouch_one_cm":99077,"minecraft:horse_one_cm":1202,"minecraft:mob_kills":100,"minecraft:damage_dealt_resisted":64,"minecraft:climb_one_cm":1536,"minecraft:walk_one_cm":380097,"minecraft:sneak_time":35830,"minecraft:walk_under_water_one_cm":23620,"minecraft:boat_one_cm":700,"minecraft:total_world_time":221182,"minecraft:time_since_rest":35838,"minecraft:damage_taken":14835,"minecraft:swim_one_cm":6132,"minecraft:fly_one_cm":885612,"minecraft:open_chest":612,"minecraft:fall_one_cm":81212},"minecraft:killed_by":{"undead_revamp2:sucker":3,"undead_revamp2:the_moonflower":1,"minecraft:wither_skeleton":4,"minecraft:creeper":2,"john_mod_reborn:feral_baby_john_1":1,"enemyexpansion:huntsman":2,"minecraft:zombie":5,"undead_revamp2:thepregnant":1,"minecraft:player":1,"enemyexpansion:trollenraged":1,"enemyexpansion:equestrian":2,"minecraft:skeleton":3,"john_mod_reborn:baby_john":1,"born_in_chaos_v1:corpse_fish":1,"john_mod_reborn:john":1},"minecraft:crafted":{"minecraft:oak_planks":88,"minecraft:cooked_chicken":4,"minecraft:birch_slab":72,"minecraft:cooked_mutton":4,"securitycraft:laser_block":1,"minecraft:glass":32,"minecraft:iron_boots":1,"improvableskills:skills_book":1,"minecraft:cooked_rabbit":1,"silentgear:dried_sinew":2,"minecraft:oak_slab":120,"minecraft:cooked_porkchop":37,"minecraft:crafting_table":2,"minecraft:spruce_planks":28,"minecraft:wooden_pickaxe":1,"minecraft:copper_ingot":127,"minecraft:book":2,"minecraft:iron_chestplate":2,"minecraft:paper":6,"minecraft:stick":24,"minecraft:iron_pickaxe":4,"minecraft:iron_ingot":24,"minecraft:stone_sword":5,"minecraft:gold_ingot":39,"minecraft:shears":1,"securitycraft:universal_block_reinforcer_lvl1":1,"minecraft:wooden_sword":1,"minecraft:glass_pane":16,"minecraft:iron_axe":2,"securitycraft:universal_block_remover":1,"minecraft:spruce_slab":42,"minecraft:stone_pickaxe":3,"minecraft:redstone_block":1,"minecraft:cooked_beef":37,"silentgear:sinew_fiber":3,"minecraft:iron_sword":2,"minecraft:bowl":4,"minecraft:stone_axe":2,"minecraft:air":0,"minecraft:jungle_planks":4,"minecraft:iron_leggings":1,"minecraft:white_bed":1},"minecraft:picked_up":{"minecraft:seagrass":8,"minecraft:wheat":10,"minecraft:prismarine_shard":3,"minecraft:diamond_sword":1,"minecraft:golden_shovel":1,"minecraft:gilded_blackstone":1,"croptopia:calamari":1,"securitycraft:reinforced_oak_planks":1,"minecraft:dead_tube_coral_block":3,"silentgear:sinew":15,"minecraft:string":72,"minecraft:raw_copper":29,"minecraft:red_nether_bricks":1,"minecraft:pufferfish":1,"john_mod_reborn:freed_spirit":3,"securitycraft:reinforced_dirt":2,"minecraft:gold_nugget":2,"minecraft:waxed_weathered_copper":1,"minecraft:bucket":1,"securitycraft:reinforced_spruce_planks":1,"minecraft:spruce_planks":27,"minecraft:redstone_torch":10,"minecraft:cobblestone_slab":11,"minecraft:iron_pickaxe":9,"minecraft:melon_slice":251,"minecraft:furnace":1,"minecraft:tipped_arrow":1,"minecraft:stick":204,"minecraft:birch_trapdoor":2,"minecraft:acacia_log":10,"minecraft:torch":36,"minecraft:porkchop":37,"graveyard:yellow_urn":1,"minecraft:pointed_dripstone":5,"minecraft:diorite":35,"minecraft:golden_chestplate":5,"minecraft:stone_sword":15,"minecraft:rotten_flesh":32,"supplementaries:ash":1,"minecraft:white_terracotta":2,"minecraft:iron_bars":4,"minecraft:snowball":54,"minecraft:cobblestone":596,"minecraft:sponge":1,"minecraft:birch_log":53,"minecraft:feather":21,"minecraft:cooked_beef":27,"minecraft:andesite":57,"minecraft:water_bucket":8,"minecraft:jungle_log":15,"minecraft:potato":4,"minecraft:flint":8,"minecraft:prismarine_bricks":3,"minecraft:wither_skeleton_skull":5,"minecraft:dirt":453,"minecraft:polished_granite":1,"minecraft:bone":113,"minecraft:glass":25,"minecraft:acacia_planks":8,"minecraft:bow":1,"minecraft:wheat_seeds":13,"minecraft:raw_gold":15,"minecraft:rabbit":3,"minecraft:bamboo":396,"croptopia:roe":2,"minecraft:moss_block":2,"minecraft:prismarine":18,"minecraft:waxed_exposed_copper":1,"minecraft:oak_planks":18,"minecraft:cooked_porkchop":34,"minecraft:jungle_planks":2,"minecraft:sand":4,"minecraft:stripped_spruce_log":34,"minecraft:ink_sac":2,"minecraft:dead_bush":4,"alexsmobs:animal_dictionary":1,"minecraft:barrel":11,"minecraft:dark_oak_log":9,"minecraft:mossy_cobblestone":5,"minecraft:dark_prismarine":37,"securitycraft:universal_block_remover":1,"minecraft:iron_hoe":1,"improvableskills:skills_book":2,"minecraft:dead_brain_coral_block":1,"securitycraft:reinforced_blackstone":1,"minecraft:granite":68,"minecraft:bone_meal":134,"minecraft:oak_sapling":4,"born_in_chaos_v1:rotten_fish":168,"minecraft:bricks":9,"minecraft:oak_leaves":57,"minecraft:crimson_roots":1,"minecraft:diamond_pickaxe":5,"minecraft:mud":12,"minecraft:charcoal":8,"minecraft:bubble_coral_fan":1,"minecraft:chicken":14,"minecraft:ladder":1,"minecraft:clay_ball":128,"minecraft:brown_mushroom":2,"minecraft:cooked_rabbit":1,"minecraft:dead_horn_coral_block":9,"minecraft:iron_axe":13,"minecraft:candle":3,"graveyard:gravestone":2,"minecraft:beef":34,"minecraft:spruce_slab":19,"minecraft:chest":41,"minecraft:sugar_cane":24,"minecraft:spruce_trapdoor":14,"minecraft:egg":13,"minecraft:dark_oak_sapling":4,"minecraft:raw_iron":20,"minecraft:sandstone":6,"securitycraft:reinforced_cobblestone":1,"minecraft:copper_ingot":41,"minecraft:carrot":835,"graveyard:small_cyan_urn":1,"minecraft:redstone":6,"minecraft:prismarine_crystals":9,"minecraft:dark_oak_planks":2,"minecraft:lime_candle":2,"minecraft:stone_shovel":1,"minecraft:arrow":33,"sophisticatedbackpacks:copper_backpack":2,"minecraft:mutton":8,"minecraft:skeleton_skull":1,"minecraft:white_wool":5,"born_in_chaos_v1:corpse_maggot":2,"enemyexpansion:horsehead_helmet":3,"minecraft:salmon":1,"minecraft:leather":44,"minecraft:red_mushroom":2,"minecraft:birch_planks":24,"minecraft:ice":1,"silentgear:blueprint_package":1,"minecraft:mushroom_stew":3,"savage_and_ravage:creeper_spores":3,"minecraft:oak_log":104,"minecraft:gunpowder":3,"minecraft:apple":17,"minecraft:rabbit_hide":4,"minecraft:iron_ingot":9,"minecraft:stone_pickaxe":8,"minecraft:cooked_chicken":1,"minecraft:iron_sword":5,"minecraft:soul_sand":1,"minecraft:oak_slab":1,"minecraft:pumpkin":17,"minecraft:sweet_berries":2,"minecraft:dandelion":1,"minecraft:gravel":84,"minecraft:dead_fire_coral_block":1,"undead_unleashed:grave_metal_scrap":27,"minecraft:spruce_sapling":10,"minecraft:white_bed":8,"minecraft:spruce_log":62,"minecraft:spider_eye":1,"minecraft:leather_helmet":4,"minecraft:slime_ball":3,"securitycraft:reinforced_grass_block":1,"minecraft:stone_axe":15,"minecraft:dead_bubble_coral_block":3,"minecraft:terracotta":4,"minecraft:melon_seeds":1,"minecraft:stripped_dark_oak_log":3,"minecraft:coal":58,"minecraft:hopper":1},"minecraft:mined":{"minecraft:dark_oak_planks":1,"minecraft:spruce_planks":23,"minecraft:white_bed":8,"minecraft:oak_sapling":3,"graveyard:yellow_urn":1,"minecraft:red_nether_bricks":3,"minecraft:spruce_trapdoor":23,"minecraft:granite":35,"minecraft:grass_block":215,"minecraft:stone_brick_wall":1,"minecraft:bubble_coral_block":1,"minecraft:tube_coral_block":3,"minecraft:gilded_blackstone":1,"graveyard:wither_skull_with_rib_cage":1,"minecraft:fire":6,"minecraft:iron_ore":11,"minecraft:sticky_piston":3,"minecraft:barrel":11,"minecraft:pumpkin":12,"minecraft:pointed_dripstone":4,"minecraft:iron_bars":6,"minecraft:brain_coral_block":2,"minecraft:waxed_exposed_copper":2,"minecraft:spruce_slab":20,"minecraft:crimson_nylium":1,"minecraft:clay":22,"minecraft:torch":5,"minecraft:melon":19,"minecraft:chest":22,"minecraft:glass":1,"minecraft:cobblestone":32,"minecraft:prismarine":21,"minecraft:sugar_cane":3,"minecraft:oak_planks":1,"minecraft:bricks":9,"graveyard:gravestone":1,"minecraft:skeleton_skull":2,"minecraft:nether_wart_block":1,"minecraft:birch_log":35,"graveyard:skull_pile":2,"minecraft:grass":16,"minecraft:oak_log":52,"minecraft:dark_oak_sapling":2,"minecraft:sand":1,"minecraft:dirt":45,"graveyard:small_cyan_urn":1,"minecraft:wither_skeleton_skull":2,"minecraft:dark_prismarine":3,"minecraft:mossy_cobblestone":5,"minecraft:dark_oak_log":2,"minecraft:jungle_planks":2,"minecraft:crimson_roots":1,"minecraft:redstone_wire":2,"minecraft:spruce_leaves":22,"minecraft:sandstone":6,"minecraft:waxed_weathered_copper":1,"minecraft:large_fern":3,"minecraft:furnace":1,"minecraft:carrots":4,"graveyard:tg_moss_block":2,"minecraft:andesite":39,"minecraft:stripped_spruce_log":31,"minecraft:cobblestone_slab":2,"minecraft:packed_ice":4,"minecraft:bamboo":2,"minecraft:stone":146,"minecraft:fire_coral_block":2,"minecraft:podzol":20,"minecraft:oak_slab":1,"minecraft:soul_sand":1,"minecraft:stripped_dark_oak_log":3,"minecraft:dandelion":1,"minecraft:polished_granite":4,"minecraft:sponge":1,"minecraft:tall_grass":5,"minecraft:diorite":40,"minecraft:prismarine_bricks":1,"minecraft:spruce_stairs":8,"graveyard:vase_block":1,"graveyard:skull_with_rib_cage":1,"minecraft:redstone_torch":4,"minecraft:spruce_log":25,"minecraft:coal_ore":23,"minecraft:gravel":63,"minecraft:cobweb":24,"minecraft:acacia_planks":3}},"DataVersion":3120}