{"stats":{"minecraft:dropped":{"minecraft:dirt":45,"minecraft:birch_log":1},"minecraft:killed":{"minecraft:skeleton":2,"john_mod_reborn:john":1,"enemyexpansion:equestrian":2,"undead_revamp2:theswarmer":1},"minecraft:used":{"minecraft:stone_sword":45,"minecraft:melon_slice":20,"minecraft:stone_pickaxe":10,"minecraft:map":1,"minecraft:iron_helmet":1,"minecraft:torch":3,"minecraft:stone_axe":27,"minecraft:cobblestone":64,"minecraft:oak_sapling":3,"minecraft:mushroom_stew":2,"minecraft:andesite":1},"minecraft:custom":{"minecraft:time_since_rest":4967,"minecraft:sprint_one_cm":64576,"minecraft:damage_taken":1146,"minecraft:walk_one_cm":51513,"minecraft:mob_kills":9,"minecraft:drop":2,"minecraft:damage_dealt":2503,"minecraft:swim_one_cm":3994,"minecraft:interact_with_crafting_table":4,"minecraft:fly_one_cm":83125,"minecraft:talked_to_villager":11,"minecraft:open_chest":99,"minecraft:play_time":27175,"minecraft:crouch_one_cm":15158,"minecraft:deaths":2,"minecraft:sneak_time":5042,"minecraft:walk_under_water_one_cm":10874,"minecraft:boat_one_cm":700,"minecraft:jump":395,"minecraft:leave_game":1,"minecraft:time_since_death":4939,"minecraft:walk_on_water_one_cm":445,"minecraft:total_world_time":27175,"minecraft:fall_one_cm":5663,"minecraft:horse_one_cm":620},"minecraft:killed_by":{"enemyexpansion:equestrian":1,"minecraft:creeper":1},"minecraft:crafted":{"minecraft:oak_planks":4,"minecraft:stone_pickaxe":1,"minecraft:stone_sword":1,"minecraft:bowl":4,"minecraft:stone_axe":1},"minecraft:mined":{"minecraft:podzol":5,"minecraft:oak_sapling":3,"minecraft:mossy_cobblestone":1,"minecraft:soul_sand":1,"minecraft:birch_log":1,"minecraft:andesite":2,"minecraft:pumpkin":2,"minecraft:clay":2,"minecraft:torch":1,"minecraft:grass_block":59,"minecraft:oak_log":17,"minecraft:melon":4,"minecraft:chest":3,"minecraft:gravel":6,"minecraft:cobweb":2,"minecraft:cobblestone":7},"minecraft:picked_up":{"minecraft:birch_log":1,"minecraft:stick":1,"minecraft:pumpkin":2,"minecraft:andesite":1,"minecraft:clay_ball":8,"minecraft:torch":2,"minecraft:gravel":6,"silentgear:blueprint_package":1,"minecraft:mushroom_stew":1,"minecraft:oak_log":17,"undead_unleashed:grave_metal_scrap":1,"minecraft:string":1,"minecraft:mossy_cobblestone":1,"minecraft:dirt":120,"alexsmobs:animal_dictionary":1,"minecraft:stone_sword":1,"minecraft:bone":5,"minecraft:arrow":2,"minecraft:acacia_planks":1,"minecraft:rotten_flesh":6,"minecraft:stone_axe":1,"minecraft:stone_pickaxe":1,"minecraft:bone_meal":2,"minecraft:oak_sapling":2,"minecraft:melon_slice":21,"minecraft:chest":5,"minecraft:soul_sand":1,"minecraft:oak_leaves":57,"minecraft:cobblestone":103}},"DataVersion":3120}