{"stats":{"minecraft:broken":{"minecraft:golden_boots":1,"justhammers:stone_hammer":3,"minecraft:iron_sword":1,"minecraft:leather_helmet":1,"minecraft:stone_sword":1,"twilightforest:ore_magnet":1,"minecraft:iron_pickaxe":1,"minecraft:iron_shovel":1,"minecraft:stone_pickaxe":2,"minecraft:stone_axe":1,"minecraft:golden_chestplate":1,"minecraft:leather_chestplate":1,"minecraft:leather_boots":1},"minecraft:dropped":{"minecraft:iron_sword":5,"minecraft:diamond":20,"minecraft:crafting_table":1,"minecraft:cooked_porkchop":25,"minecraft:rooted_dirt":3,"undead_unleashed:grave_metal_scrap":2,"minecraft:dirt":131,"minecraft:chain":1,"minecraft:gold_nugget":33,"minecraft:iron_pickaxe":7,"minecraft:lime_candle":4,"minecraft:bone":42,"ad_astra:hammer":1,"minecraft:stone_axe":4,"minecraft:wheat":22,"minecraft:rotten_flesh":66,"minecraft:oak_planks":84,"minecraft:white_bed":1,"undead_unleashed:grave_metal_axe":1,"minecraft:leather_boots":3,"minecraft:ladder":1,"minecraft:egg":5,"minecraft:iron_ingot":3,"minecraft:golden_boots":1,"quark:oak_hedge":2,"minecraft:wheat_seeds":46,"twilightforest:canopy_sapling":4,"minecraft:cobblestone":762,"minecraft:book":2,"minecraft:coal":384,"minecraft:ink_sac":2,"minecraft:sponge":1,"minecraft:chainmail_leggings":2,"minecraft:paper":7,"minecraft:string":42,"minecraft:spruce_sapling":2,"minecraft:stone_sword":2,"minecraft:iron_boots":9,"minecraft:pumpkin_seeds":3,"minecraft:cobblestone_slab":11,"minecraft:stone":4,"alexsmobs:cockroach_wing_fragment":1,"minecraft:spruce_planks":2,"minecraft:diamond_pickaxe":1,"minecraft:wooden_shovel":3,"minecraft:spider_eye":10,"minecraft:bamboo":55,"sophisticatedbackpacks:copper_backpack":2,"minecraft:bow":1,"minecraft:gold_ore":14,"minecraft:candle":3,"minecraft:diamond_axe":1,"minecraft:oak_log":28,"minecraft:dark_oak_sapling":2,"minecraft:jungle_planks":8,"minecraft:crimson_roots":1,"minecraft:snowball":16,"minecraft:birch_log":4,"graveyard:gravestone":1,"minecraft:diamond_shovel":1,"twilightforest:torchberries":13,"minecraft:chainmail_chestplate":2,"justhammers:stone_hammer":1,"minecraft:gunpowder":4,"born_in_chaos_v1:corpse_maggot":7,"minecraft:glowstone":1,"minecraft:chest":8,"minecraft:arrow":29,"minecraft:oak_leaves":1,"minecraft:written_book":3,"minecraft:polished_granite":1,"minecraft:oak_slab":385,"minecraft:golden_helmet":2,"minecraft:mossy_cobblestone":5,"twilightforest:liveroot":2,"minecraft:milk_bucket":1,"minecraft:diorite":2,"minecraft:torch":20,"minecraft:melon_slice":32,"minecraft:iron_axe":5,"twilightforest:mushgloom":1,"minecraft:bucket":6,"minecraft:lapis_block":1,"minecraft:redstone":172,"twilightforest:raw_venison":1,"minecraft:coarse_dirt":4,"minecraft:raw_copper":53,"minecraft:raw_iron":21,"minecraft:wither_skeleton_skull":1,"twilightforest:canopy_stairs":2,"minecraft:pink_candle":2,"securitycraft:universal_block_remover":1,"minecraft:shield":3,"minecraft:mossy_stone_bricks":2,"minecraft:oak_sapling":1,"minecraft:slime_ball":1,"minecraft:stone_pickaxe":10,"minecraft:raw_gold":28},"minecraft:killed":{"john_mod_reborn:baby_john":2,"john_mod_reborn:john":1,"enemyexpansion:equestrian":5,"undead_revamp2:theswarmer":3,"minecraft:skeleton":17,"minecraft:guardian":2,"minecraft:chicken":10,"minecraft:tropical_fish":1,"undead_revamp2:thespitter":1,"undead_revamp2:theheavy":1,"minecraft:zombie":70,"born_in_chaos_v1:corpse_fly":8,"enemyexpansion:botfly":7,"minecraft:cow":18,"twilightforest:deer":1,"undead_revamp2:thehunter":1,"undead_revamp2:bomber":2,"minecraft:horse":3,"undead_revamp2:thebidy":1,"john_mod_reborn:baby_john_pack_lead":2,"graveyard:ghoul":1,"undead_revamp2:the_moonflower":3,"twilightforest:kobold":31,"john_mod_reborn:feral_baby_john_2":3,"minecraft:zombified_piglin":4,"minecraft:spider":14,"undead_revamp2:thesmoker":2,"creeperoverhaul:bamboo_creeper":3,"minecraft:bee":2,"minecraft:silverfish":9,"minecraft:turtle":1,"undead_revamp2:crackleball":1,"minecraft:pig":11,"minecraft:creeper":8,"twilightforest:skeleton_druid":5,"minecraft:sheep":4,"undead_revamp2:theordure":1,"twilightforest:redcap":18,"minecraft:mooshroom":4,"minecraft:stray":2,"undead_unleashed:haunter":6,"john_mod_reborn:hugging_john":2,"graveyard:revenant":1,"born_in_chaos_v1:maggot":24,"twilightforest:swarm_spider":30,"minecraft:llama":1,"minecraft:drowned":3,"born_in_chaos_v1:corpse_fish":1,"undead_revamp2:sucker":10,"alexsmobs:cockroach":1,"minecraft:wither_skeleton":11,"minecraft:villager":1,"john_mod_reborn:feral_baby_john_1":2},"minecraft:used":{"minecraft:dead_horn_coral_block":1,"minecraft:spruce_slab":470,"sophisticatedbackpacks:copper_backpack":2,"minecraft:ladder":6,"minecraft:chest":13,"twilightforest:canopy_sapling":1,"minecraft:rotten_flesh":6,"undead_unleashed:grave_metal_axe":161,"minecraft:jungle_slab":13,"minecraft:snowball":16,"minecraft:azure_bluet":1,"minecraft:stripped_spruce_log":2,"minecraft:lava_bucket":4,"minecraft:birch_sapling":5,"minecraft:bow":42,"minecraft:sweet_berries":2,"minecraft:oak_sapling":19,"minecraft:furnace":1,"minecraft:egg":15,"minecraft:potato":28,"minecraft:diorite":39,"securitycraft:reinforced_spruce_planks":2,"minecraft:wooden_pickaxe":2,"minecraft:composter":4,"minecraft:oak_leaves":1,"minecraft:glow_berries":2,"securitycraft:universal_block_remover":2,"minecraft:birch_slab":88,"graveyard:gravestone":1,"minecraft:red_terracotta":3,"minecraft:diamond_ore":11,"minecraft:diamond_sword":218,"minecraft:wooden_sword":8,"minecraft:smithing_table":5,"minecraft:stone_sword":296,"minecraft:dead_tube_coral_block":2,"minecraft:torch":125,"graveyard:red_urn":1,"minecraft:ancient_debris":1,"securitycraft:reinforced_dirt":3,"minecraft:rooted_dirt":1,"minecraft:iron_axe":297,"minecraft:barrel":8,"minecraft:glowstone":1,"minecraft:acacia_planks":2,"minecraft:orange_terracotta":5,"minecraft:pointed_dripstone":17,"minecraft:water_bucket":23,"securitycraft:reinforced_oak_planks":2,"minecraft:cauldron":2,"minecraft:horse_spawn_egg":1,"minecraft:gold_ore":14,"minecraft:waxed_exposed_copper":1,"minecraft:mossy_cobblestone":51,"justhammers:diamond_hammer":124,"minecraft:oak_slab":426,"minecraft:crafting_table":11,"croptopia:apple_sapling":2,"silentgear:axe":4,"minecraft:white_bed":16,"minecraft:oak_log":6,"minecraft:mud":2,"minecraft:dark_prismarine":4,"minecraft:diamond_pickaxe":352,"minecraft:cornflower":1,"minecraft:diamond_shovel":238,"minecraft:iron_pickaxe":750,"minecraft:leather_helmet":1,"minecraft:spruce_trapdoor":8,"minecraft:cobblestone":566,"minecraft:cooked_porkchop":20,"quark:oak_chest":1,"minecraft:dandelion":3,"minecraft:iron_shovel":73,"minecraft:white_terracotta":2,"minecraft:iron_sword":374,"minecraft:grass":5,"minecraft:iron_chestplate":1,"paraglider:goddess_statue":3,"minecraft:jungle_planks":7,"minecraft:carrot":309,"minecraft:milk_bucket":14,"minecraft:glass":1,"born_in_chaos_v1:corpse_maggot":2,"minecraft:bricks":4,"minecraft:coal_ore":1,"minecraft:blue_orchid":2,"minecraft:iron_helmet":1,"minecraft:golden_sword":4,"minecraft:written_book":4,"minecraft:dark_oak_sapling":2,"minecraft:golden_boots":1,"minecraft:wither_skeleton_skull":5,"minecraft:stone_pickaxe":440,"minecraft:oak_planks":5,"minecraft:sandstone":7,"minecraft:diamond_axe":49,"minecraft:yellow_terracotta":4,"minecraft:mushroom_stew":2,"minecraft:light_gray_terracotta":18,"minecraft:dripstone_block":2,"minecraft:shears":21,"minecraft:lever":1,"securitycraft:reinforced_grass_block":2,"minecraft:dark_oak_log":4,"minecraft:melon_slice":101,"minecraft:bread":21,"minecraft:string":1,"paraglider:kakariko_goddess_statue":1,"minecraft:gravel":2,"minecraft:cooked_rabbit":1,"minecraft:andesite":8,"minecraft:bone_meal":14,"minecraft:experience_bottle":8,"minecraft:trident":61,"minecraft:tropical_fish":1,"minecraft:stone_shovel":11,"minecraft:spruce_planks":1,"minecraft:cooked_chicken":11,"minecraft:dirt":162,"minecraft:salmon_bucket":1,"minecraft:golden_chestplate":2,"minecraft:spruce_fence":1,"minecraft:granite":55,"minecraft:iron_hoe":1,"minecraft:brown_terracotta":7,"minecraft:oak_stairs":1,"minecraft:iron_boots":1,"minecraft:cooked_beef":36,"minecraft:iron_leggings":1,"minecraft:cooked_mutton":5,"securitycraft:reinforced_cobblestone":2,"minecraft:red_nether_bricks":1,"minecraft:dead_fire_coral_block":1,"securitycraft:reinforced_blackstone":2,"minecraft:apple":4,"quark:oak_hedge":2,"minecraft:map":1,"justhammers:stone_hammer":275,"minecraft:stone_axe":322,"minecraft:bucket":23,"enemyexpansion:horsehead_helmet":1},"minecraft:custom":{"minecraft:interact_with_crafting_table":114,"minecraft:open_barrel":56,"minecraft:leave_game":21,"minecraft:time_since_death":26100,"minecraft:play_time":575691,"minecraft:deaths":76,"minecraft:jump":9688,"minecraft:interact_with_furnace":269,"minecraft:traded_with_villager":12,"minecraft:sleep_in_bed":16,"minecraft:damage_dealt":87635,"minecraft:use_cauldron":2,"minecraft:horse_one_cm":1202,"minecraft:interact_with_smithing_table":2,"twilightforest:keeping_charms_activated":1,"minecraft:sneak_time":93828,"minecraft:total_world_time":575691,"minecraft:interact_with_stonecutter":2,"minecraft:time_since_rest":6391,"minecraft:swim_one_cm":72424,"minecraft:fly_one_cm":2368258,"minecraft:open_chest":1208,"minecraft:fall_one_cm":261582,"minecraft:animals_bred":17,"minecraft:sprint_one_cm":1434817,"minecraft:drop":266,"minecraft:talked_to_villager":79,"minecraft:walk_on_water_one_cm":33138,"minecraft:player_kills":9,"minecraft:crouch_one_cm":292214,"minecraft:mob_kills":404,"minecraft:fill_cauldron":2,"minecraft:damage_dealt_resisted":1645,"minecraft:climb_one_cm":16699,"minecraft:walk_one_cm":1117856,"minecraft:walk_under_water_one_cm":66189,"minecraft:boat_one_cm":700,"minecraft:damage_taken":33166,"minecraft:trigger_trapped_chest":6},"minecraft:killed_by":{"undead_revamp2:the_moonflower":1,"enemyexpansion:huntsman":2,"twilightforest:kobold":3,"minecraft:zombie":13,"undead_revamp2:thepregnant":1,"undead_revamp2:sucker":5,"minecraft:wither_skeleton":4,"twilightforest:skeleton_druid":1,"minecraft:creeper":2,"john_mod_reborn:feral_baby_john_1":3,"minecraft:player":1,"enemyexpansion:trollenraged":1,"twilightforest:swarm_spider":1,"enemyexpansion:equestrian":3,"minecraft:skeleton":5,"john_mod_reborn:baby_john":1,"tinyskeletons:baby_skeleton":1,"born_in_chaos_v1:corpse_fish":1,"twilightforest:redcap":4,"john_mod_reborn:john":1},"minecraft:crafted":{"silentgear:axe":1,"minecraft:birch_slab":120,"ad_astra:hammer":1,"minecraft:cooked_mutton":9,"minecraft:glass":32,"minecraft:cooked_rabbit":1,"silentgear:dried_sinew":2,"minecraft:emerald":2,"minecraft:cooked_porkchop":63,"minecraft:smithing_table":1,"minecraft:copper_ingot":127,"quark:oak_chest":1,"minecraft:iron_pickaxe":7,"minecraft:gold_ingot":57,"minecraft:composter":1,"minecraft:bone_meal":48,"twilightforest:twilight_oak_planks":4,"securitycraft:universal_block_remover":2,"minecraft:spruce_slab":468,"minecraft:stone_pickaxe":12,"twilightforest:canopy_planks":8,"minecraft:redstone_block":1,"minecraft:dark_oak_planks":52,"minecraft:dripstone_block":1,"minecraft:jungle_slab":12,"minecraft:iron_leggings":3,"minecraft:white_bed":3,"minecraft:oak_planks":468,"paraglider:kakariko_goddess_statue":1,"minecraft:cooked_chicken":10,"securitycraft:laser_block":1,"minecraft:iron_boots":2,"improvableskills:skills_book":1,"justhammers:diamond_hammer":1,"minecraft:raw_iron_block":19,"minecraft:oak_slab":780,"minecraft:cauldron":1,"minecraft:crafting_table":11,"minecraft:spruce_planks":240,"minecraft:wooden_pickaxe":1,"minecraft:iron_helmet":1,"quark:oak_hedge":2,"minecraft:birch_planks":24,"minecraft:dark_oak_slab":96,"minecraft:book":2,"minecraft:iron_chestplate":4,"minecraft:paper":6,"minecraft:diamond_pickaxe":2,"minecraft:stick":60,"minecraft:iron_ingot":89,"minecraft:stone_sword":5,"minecraft:shears":3,"securitycraft:universal_block_reinforcer_lvl1":1,"croptopia:apple_sapling":1,"minecraft:wooden_sword":1,"minecraft:glass_pane":16,"minecraft:iron_axe":3,"minecraft:netherite_scrap":2,"undead_unleashed:grave_metal_ingot":1,"minecraft:cooked_beef":52,"minecraft:diamond_sword":1,"silentgear:sinew_fiber":3,"minecraft:iron_sword":5,"minecraft:bowl":4,"minecraft:stone_axe":9,"minecraft:air":0,"minecraft:bread":9,"minecraft:jungle_planks":4,"minecraft:white_wool":7,"justhammers:stone_hammer":4,"minecraft:torch":156},"minecraft:picked_up":{"minecraft:seagrass":15,"minecraft:iron_chestplate":6,"minecraft:chainmail_boots":1,"minecraft:prismarine_shard":3,"minecraft:smithing_table":4,"minecraft:diamond_sword":6,"minecraft:oak_stairs":1,"minecraft:golden_shovel":1,"croptopia:calamari":1,"paraglider:goddess_statue":4,"minecraft:string":246,"minecraft:red_nether_bricks":1,"minecraft:pufferfish":2,"john_mod_reborn:freed_spirit":3,"securitycraft:reinforced_dirt":3,"minecraft:gold_nugget":129,"minecraft:waxed_weathered_copper":1,"minecraft:spruce_planks":35,"minecraft:written_book":6,"minecraft:melon_slice":504,"minecraft:diamond_ore":20,"minecraft:golden_helmet":4,"minecraft:composter":3,"minecraft:acacia_log":11,"minecraft:golden_chestplate":5,"minecraft:cauldron":1,"minecraft:stone_sword":24,"minecraft:horn_coral_fan":3,"minecraft:tropical_fish":2,"minecraft:glowstone":4,"supplementaries:ash":4,"minecraft:white_terracotta":4,"minecraft:iron_bars":4,"minecraft:snowball":54,"minecraft:sponge":1,"minecraft:birch_log":93,"croptopia:apple_sapling":1,"minecraft:feather":38,"minecraft:cooked_beef":30,"minecraft:birch_slab":2,"minecraft:water_bucket":11,"minecraft:jungle_log":16,"minecraft:flint":15,"twilightforest:canopy_sapling":8,"minecraft:rabbit":3,"minecraft:moss_block":2,"croptopia:roe":5,"twilightforest:mushgloom":1,"twilightforest:canopy_log":2,"minecraft:stripped_spruce_log":70,"minecraft:ink_sac":6,"minecraft:dark_oak_log":21,"alexsmobs:animal_dictionary":1,"minecraft:barrel":25,"undead_revamp2:heavytooth":4,"securitycraft:universal_block_remover":2,"minecraft:iron_hoe":1,"twilightforest:canopy_planks":18,"improvableskills:skills_book":3,"minecraft:lever":1,"minecraft:dead_brain_coral_block":1,"securitycraft:reinforced_blackstone":2,"minecraft:granite":105,"minecraft:bread":3,"minecraft:rooted_dirt":10,"born_in_chaos_v1:rotten_fish":172,"minecraft:crafting_table":4,"minecraft:bricks":9,"minecraft:diamond_pickaxe":16,"minecraft:crimson_roots":1,"minecraft:mud":12,"minecraft:coarse_dirt":7,"minecraft:bubble_coral_fan":1,"minecraft:clay_ball":280,"minecraft:dead_horn_coral_block":16,"minecraft:cornflower":1,"minecraft:cracked_stone_bricks":3,"minecraft:beef":58,"minecraft:iron_nugget":4,"minecraft:spruce_slab":45,"minecraft:chest":77,"minecraft:birch_sapling":1,"minecraft:egg":36,"minecraft:sandstone":6,"minecraft:stone":44,"securitycraft:reinforced_cobblestone":2,"minecraft:spruce_fence":1,"graveyard:small_cyan_urn":1,"minecraft:carrot":1147,"minecraft:redstone":439,"minecraft:prismarine_crystals":39,"minecraft:tnt":3,"minecraft:stone_shovel":1,"minecraft:shears":3,"graveyard:red_urn":1,"sophisticatedbackpacks:copper_backpack":10,"minecraft:mutton":13,"ad_astra:hammer":4,"minecraft:white_wool":9,"minecraft:stripped_oak_log":2,"enemyexpansion:horsehead_helmet":4,"minecraft:red_mushroom":7,"silentgear:blueprint_package":1,"minecraft:oak_log":251,"minecraft:ancient_debris":1,"minecraft:golden_boots":4,"minecraft:paper":14,"twilightforest:raw_venison":1,"minecraft:apple":39,"minecraft:stone_bricks":8,"alexsmobs:cockroach_wing_fragment":2,"minecraft:stone_pickaxe":30,"undead_unleashed:grave_metal_boots":6,"minecraft:iron_sword":35,"minecraft:milk_bucket":1,"minecraft:sweet_berries":3,"minecraft:gravel":124,"minecraft:dead_fire_coral_block":5,"minecraft:spruce_sapling":15,"minecraft:spruce_log":81,"minecraft:leather_helmet":6,"minecraft:oak_wood":15,"minecraft:diamond_shovel":8,"minecraft:coal_ore":1,"minecraft:slime_ball":5,"graveyard:vase_block":5,"minecraft:stone_axe":34,"quark:oak_hedge":2,"minecraft:painting":1,"minecraft:melon_seeds":1,"minecraft:stripped_dark_oak_log":3,"minecraft:hopper":1,"minecraft:wheat":93,"minecraft:gilded_blackstone":1,"securitycraft:reinforced_oak_planks":2,"minecraft:dead_tube_coral_block":9,"silentgear:sinew":18,"minecraft:lapis_block":8,"minecraft:raw_copper":248,"minecraft:iron_leggings":4,"minecraft:sticky_piston":3,"minecraft:red_sand":1,"minecraft:bucket":24,"securitycraft:reinforced_spruce_planks":2,"minecraft:redstone_torch":15,"minecraft:cobblestone_slab":11,"minecraft:wooden_shovel":4,"minecraft:iron_pickaxe":33,"twilightforest:canopy_stairs":2,"minecraft:iron_boots":30,"minecraft:furnace":1,"minecraft:tipped_arrow":1,"minecraft:stick":394,"minecraft:birch_trapdoor":2,"minecraft:torch":149,"minecraft:spruce_stairs":4,"minecraft:porkchop":63,"graveyard:yellow_urn":1,"minecraft:pointed_dripstone":26,"minecraft:diorite":52,"minecraft:rotten_flesh":254,"minecraft:cobblestone":4853,"minecraft:nautilus_shell":3,"minecraft:leather_chestplate":1,"twilightforest:twilight_oak_log":1,"minecraft:andesite":86,"minecraft:black_bed":1,"minecraft:potato":22,"paraglider:spirit_orb":12,"minecraft:prismarine_bricks":3,"minecraft:horn_coral":1,"minecraft:wither_skeleton_skull":7,"minecraft:dirt":1406,"minecraft:polished_granite":1,"minecraft:leather_boots":5,"minecraft:glass":25,"minecraft:bone":214,"minecraft:acacia_planks":8,"minecraft:bow":3,"minecraft:wheat_seeds":81,"minecraft:raw_gold":122,"minecraft:bell":1,"minecraft:mossy_stone_bricks":4,"minecraft:bamboo":396,"minecraft:waxed_exposed_copper":1,"minecraft:prismarine":81,"minecraft:oak_planks":237,"minecraft:cooked_porkchop":113,"minecraft:sand":50,"minecraft:jungle_planks":60,"minecraft:dead_bush":4,"minecraft:grass_block":1,"minecraft:jungle_slab":13,"minecraft:mossy_cobblestone":20,"minecraft:dark_prismarine":55,"minecraft:diamond":71,"quark:music_disc_clock":3,"minecraft:grass":121,"minecraft:bone_meal":197,"minecraft:emerald":43,"minecraft:oak_sapling":14,"twilightforest:torchberries":22,"minecraft:oak_leaves":60,"minecraft:fishing_rod":1,"minecraft:charcoal":8,"minecraft:allium":2,"minecraft:azure_bluet":1,"minecraft:chicken":20,"minecraft:ladder":7,"minecraft:brown_mushroom":3,"minecraft:cooked_rabbit":1,"minecraft:chain":3,"minecraft:shield":5,"minecraft:iron_axe":18,"graveyard:corruption":2,"minecraft:candle":3,"improvableskills:scroll_normal":1,"graveyard:gravestone":2,"minecraft:mossy_cobblestone_wall":1,"minecraft:sugar_cane":26,"minecraft:spruce_trapdoor":22,"minecraft:dark_oak_sapling":5,"minecraft:raw_iron":326,"minecraft:copper_ingot":107,"minecraft:dark_oak_planks":2,"minecraft:lime_candle":2,"minecraft:arrow":129,"minecraft:skeleton_skull":1,"born_in_chaos_v1:corpse_maggot":24,"minecraft:salmon":1,"minecraft:leather":56,"minecraft:birch_planks":24,"minecraft:ice":1,"minecraft:mushroom_stew":3,"savage_and_ravage:creeper_spores":3,"minecraft:chainmail_chestplate":3,"minecraft:gunpowder":46,"minecraft:rabbit_hide":4,"minecraft:iron_ingot":18,"minecraft:cooked_chicken":1,"securitycraft:universal_block_reinforcer_lvl1":2,"minecraft:soul_sand":1,"minecraft:book":3,"minecraft:oak_slab":519,"minecraft:black_candle":9,"minecraft:pumpkin":23,"minecraft:chiseled_stone_bricks":1,"minecraft:stone_brick_slab":5,"minecraft:dandelion":13,"minecraft:dripstone_block":1,"justhammers:stone_hammer":6,"undead_unleashed:grave_metal_scrap":143,"minecraft:white_bed":14,"minecraft:gold_ore":40,"minecraft:mossy_stone_brick_slab":2,"minecraft:spider_eye":35,"minecraft:pumpkin_seeds":3,"securitycraft:reinforced_grass_block":2,"minecraft:chainmail_leggings":5,"minecraft:dead_bubble_coral_block":6,"minecraft:iron_helmet":7,"undead_unleashed:grave_metal_axe":3,"minecraft:terracotta":4,"minecraft:dark_oak_wood":8,"minecraft:coal":1521},"minecraft:mined":{"minecraft:dark_oak_planks":1,"minecraft:white_bed":13,"minecraft:red_nether_bricks":3,"minecraft:granite":70,"minecraft:red_sand":1,"minecraft:acacia_log":1,"minecraft:stone_brick_wall":1,"minecraft:bubble_coral_block":1,"minecraft:tube_coral_block":3,"minecraft:chiseled_stone_bricks":1,"minecraft:spawner":3,"graveyard:wither_skull_with_rib_cage":1,"minecraft:fire":14,"minecraft:sticky_piston":7,"minecraft:barrel":24,"minecraft:pumpkin":17,"minecraft:granite_slab":1,"minecraft:oak_stairs":4,"minecraft:waxed_exposed_copper":2,"minecraft:crimson_nylium":1,"minecraft:torch":11,"minecraft:dark_oak_wood":8,"minecraft:melon":29,"minecraft:white_stained_glass_pane":3,"minecraft:glass":1,"minecraft:sugar_cane":3,"minecraft:bricks":9,"minecraft:skeleton_skull":2,"minecraft:white_terracotta":4,"minecraft:chain":1,"minecraft:black_bed":1,"minecraft:grass":144,"minecraft:dark_oak_sapling":2,"twilightforest:canopy_log":2,"minecraft:dark_prismarine":14,"minecraft:mossy_cobblestone":15,"minecraft:dark_oak_log":8,"minecraft:spruce_fence":1,"minecraft:jungle_planks":9,"minecraft:crimson_roots":1,"minecraft:redstone_wire":4,"minecraft:waxed_weathered_copper":1,"twilightforest:mushgloom":1,"minecraft:redstone_ore":13,"graveyard:tg_moss_block":2,"twilightforest:canopy_planks":3,"minecraft:andesite":62,"minecraft:cobblestone_slab":3,"minecraft:bamboo":2,"minecraft:fire_coral_block":2,"minecraft:smithing_table":4,"minecraft:oak_slab":11,"minecraft:glass_pane":1,"minecraft:soul_sand":1,"minecraft:stone_brick_slab":6,"croptopia:apple_sapling":1,"minecraft:dandelion":7,"minecraft:cornflower":1,"graveyard:tg_rooted_dirt":2,"minecraft:sponge":1,"minecraft:tall_grass":31,"minecraft:copper_ore":1,"minecraft:diorite":51,"minecraft:coarse_dirt":2,"graveyard:vase_block":4,"minecraft:stripped_spruce_wood":1,"minecraft:spruce_log":44,"minecraft:birch_leaves":10,"minecraft:mycelium":6,"minecraft:gravel":92,"minecraft:dripstone_block":1,"minecraft:cobweb":61,"minecraft:acacia_planks":3,"minecraft:stone_bricks":13,"minecraft:gold_ore":38,"minecraft:fern":1,"minecraft:spruce_planks":31,"minecraft:oak_sapling":4,"minecraft:mossy_stone_brick_slab":2,"graveyard:yellow_urn":1,"minecraft:jungle_slab":2,"minecraft:spruce_trapdoor":32,"minecraft:grass_block":485,"minecraft:composter":3,"minecraft:gilded_blackstone":1,"minecraft:iron_ore":41,"minecraft:azure_bluet":1,"minecraft:pointed_dripstone":12,"minecraft:iron_bars":6,"graveyard:wither_skull_pile":2,"minecraft:brain_coral_block":2,"minecraft:spruce_slab":41,"minecraft:clay":35,"twilightforest:torchberry_plant":1,"minecraft:mossy_cobblestone_wall":1,"minecraft:chest":40,"twilightforest:twilight_oak_log":1,"minecraft:mushroom_stem":1,"minecraft:cobblestone":126,"minecraft:prismarine":23,"minecraft:oak_planks":6,"minecraft:wall_torch":2,"graveyard:gravestone":1,"minecraft:cauldron":1,"minecraft:nether_wart_block":1,"minecraft:lapis_block":2,"minecraft:birch_log":70,"minecraft:tnt":3,"graveyard:skull_pile":2,"minecraft:yellow_stained_glass_pane":2,"minecraft:oak_log":136,"minecraft:sand":1,"minecraft:dirt":114,"graveyard:small_cyan_urn":1,"minecraft:wither_skeleton_skull":3,"minecraft:ancient_debris":1,"minecraft:oak_leaves":31,"minecraft:horn_coral_block":1,"minecraft:diamond_ore":27,"minecraft:dark_oak_leaves":1,"minecraft:lever":1,"minecraft:ladder":3,"minecraft:birch_slab":2,"minecraft:spruce_leaves":37,"minecraft:sandstone":6,"minecraft:rooted_dirt":1,"minecraft:large_fern":6,"minecraft:oak_trapdoor":1,"minecraft:furnace":1,"minecraft:carrots":20,"minecraft:stripped_spruce_log":73,"minecraft:bell":1,"minecraft:dead_horn_coral_block":1,"minecraft:stripped_oak_log":1,"minecraft:packed_ice":4,"minecraft:stone":734,"minecraft:redstone_wall_torch":1,"minecraft:podzol":26,"twilightforest:root_strand":5,"minecraft:stripped_dark_oak_log":3,"minecraft:polished_granite":4,"minecraft:crafting_table":1,"minecraft:oak_wood":16,"graveyard:tg_grass_block":3,"twilightforest:mayapple":2,"minecraft:prismarine_bricks":1,"minecraft:spruce_stairs":12,"graveyard:skull_with_rib_cage":1,"minecraft:redstone_torch":5,"minecraft:dead_brain_coral_block":1,"minecraft:coal_ore":96,"quark:oak_hedge":2,"twilightforest:canopy_stairs":1,"minecraft:cracked_stone_bricks":3,"minecraft:mossy_stone_bricks":5,"paraglider:goddess_statue":3}},"DataVersion":3120}