{"stats":{"minecraft:broken":{"minecraft:iron_shovel":1,"minecraft:stone_pickaxe":1},"minecraft:killed":{"minecraft:zombified_piglin":2,"john_mod_reborn:john":1,"john_mod_reborn:hugging_john":1,"enemyexpansion:equestrian":3,"minecraft:spider":2,"undead_revamp2:thesmoker":1,"undead_revamp2:theswarmer":2,"creeperoverhaul:bamboo_creeper":3,"minecraft:skeleton":2,"minecraft:chicken":4,"born_in_chaos_v1:corpse_fish":1,"undead_revamp2:sucker":4,"graveyard:ghoul":1,"minecraft:creeper":3,"minecraft:zombie":4,"minecraft:cow":13},"minecraft:dropped":{"minecraft:candle":3,"minecraft:wheat_seeds":4,"minecraft:cobblestone":174,"minecraft:dirt":99,"minecraft:crimson_roots":1,"minecraft:iron_axe":3,"minecraft:iron_pickaxe":1,"minecraft:lime_candle":4,"minecraft:birch_log":1,"minecraft:bone":5,"minecraft:wheat":4,"graveyard:gravestone":1,"minecraft:pink_candle":2,"minecraft:cobblestone_slab":11,"minecraft:chest":2,"minecraft:ladder":1,"minecraft:bamboo":2,"minecraft:polished_granite":1},"minecraft:used":{"minecraft:stone_sword":184,"minecraft:iron_shovel":73,"minecraft:spruce_slab":42,"minecraft:chest":2,"minecraft:iron_sword":18,"minecraft:torch":6,"minecraft:dirt":34,"minecraft:carrot":88,"minecraft:granite":28,"minecraft:glass":1,"minecraft:brown_terracotta":7,"minecraft:bricks":4,"minecraft:iron_axe":186,"minecraft:iron_helmet":1,"minecraft:oak_sapling":3,"minecraft:cooked_beef":2,"minecraft:egg":3,"minecraft:potato":4,"minecraft:acacia_planks":2,"minecraft:orange_terracotta":5,"minecraft:cooked_mutton":1,"minecraft:water_bucket":6,"minecraft:diorite":38,"minecraft:red_nether_bricks":1,"minecraft:oak_planks":1,"minecraft:stone_pickaxe":185,"minecraft:wooden_pickaxe":2,"minecraft:sandstone":7,"minecraft:waxed_exposed_copper":1,"minecraft:mossy_cobblestone":48,"minecraft:yellow_terracotta":4,"minecraft:oak_slab":61,"minecraft:crafting_table":2,"minecraft:mushroom_stew":2,"minecraft:light_gray_terracotta":18,"minecraft:white_bed":9,"minecraft:apple":4,"minecraft:melon_slice":27,"minecraft:birch_slab":72,"minecraft:iron_pickaxe":149,"minecraft:map":1,"minecraft:gravel":1,"graveyard:gravestone":1,"minecraft:red_terracotta":3,"minecraft:stone_axe":81,"minecraft:wooden_sword":8,"minecraft:cobblestone":82,"minecraft:cooked_rabbit":1,"minecraft:andesite":5,"minecraft:bucket":5},"minecraft:custom":{"minecraft:mob_kills":52,"minecraft:animals_bred":2,"minecraft:interact_with_crafting_table":35,"minecraft:open_barrel":21,"minecraft:damage_dealt_resisted":14,"minecraft:leave_game":4,"minecraft:time_since_death":12383,"minecraft:climb_one_cm":1536,"minecraft:sprint_one_cm":368082,"minecraft:walk_one_cm":251145,"minecraft:drop":27,"minecraft:talked_to_villager":20,"minecraft:play_time":152417,"minecraft:sneak_time":27597,"minecraft:deaths":22,"minecraft:walk_under_water_one_cm":23620,"minecraft:boat_one_cm":700,"minecraft:jump":2438,"minecraft:walk_on_water_one_cm":9904,"minecraft:total_world_time":152417,"minecraft:interact_with_furnace":50,"minecraft:time_since_rest":12410,"minecraft:damage_taken":7642,"minecraft:damage_dealt":11137,"minecraft:player_kills":2,"minecraft:swim_one_cm":6132,"minecraft:fly_one_cm":631831,"minecraft:open_chest":385,"minecraft:crouch_one_cm":82618,"minecraft:fall_one_cm":44757,"minecraft:horse_one_cm":1202},"minecraft:killed_by":{"undead_revamp2:sucker":2,"minecraft:player":1,"undead_revamp2:the_moonflower":1,"enemyexpansion:trollenraged":1,"minecraft:wither_skeleton":1,"minecraft:creeper":2,"enemyexpansion:equestrian":1,"enemyexpansion:huntsman":2,"john_mod_reborn:baby_john":1,"minecraft:zombie":1,"born_in_chaos_v1:corpse_fish":1,"undead_revamp2:thepregnant":1,"john_mod_reborn:john":1},"minecraft:crafted":{"minecraft:wooden_sword":1,"minecraft:oak_planks":88,"minecraft:cooked_chicken":3,"minecraft:birch_slab":72,"minecraft:cooked_mutton":4,"minecraft:glass_pane":16,"securitycraft:laser_block":1,"minecraft:glass":32,"minecraft:iron_boots":1,"improvableskills:skills_book":1,"minecraft:iron_axe":2,"minecraft:spruce_slab":42,"minecraft:stone_pickaxe":3,"minecraft:redstone_block":1,"minecraft:cooked_rabbit":1,"silentgear:dried_sinew":2,"minecraft:cooked_beef":15,"minecraft:oak_slab":120,"silentgear:sinew_fiber":3,"minecraft:crafting_table":2,"minecraft:spruce_planks":28,"minecraft:wooden_pickaxe":1,"minecraft:iron_sword":1,"minecraft:bowl":4,"minecraft:stone_axe":2,"minecraft:air":0,"minecraft:jungle_planks":4,"minecraft:iron_chestplate":1,"minecraft:book":2,"minecraft:paper":6,"minecraft:stick":24,"minecraft:iron_ingot":1,"minecraft:iron_pickaxe":2,"minecraft:stone_sword":4,"minecraft:iron_leggings":1,"minecraft:gold_ingot":27,"minecraft:white_bed":1,"securitycraft:universal_block_reinforcer_lvl1":1},"minecraft:picked_up":{"minecraft:seagrass":2,"minecraft:charcoal":8,"minecraft:wheat":10,"minecraft:chicken":10,"minecraft:ladder":1,"minecraft:clay_ball":72,"minecraft:brown_mushroom":1,"minecraft:cooked_rabbit":1,"minecraft:dead_horn_coral_block":9,"silentgear:sinew":15,"minecraft:string":30,"minecraft:iron_axe":7,"minecraft:red_nether_bricks":1,"minecraft:candle":3,"minecraft:gold_nugget":2,"minecraft:waxed_weathered_copper":1,"graveyard:gravestone":2,"minecraft:spruce_planks":27,"minecraft:beef":32,"minecraft:redstone_torch":10,"minecraft:cobblestone_slab":11,"minecraft:iron_pickaxe":2,"minecraft:spruce_slab":19,"minecraft:melon_slice":251,"minecraft:sugar_cane":6,"minecraft:chest":34,"minecraft:spruce_trapdoor":14,"minecraft:egg":11,"minecraft:stick":59,"minecraft:raw_iron":2,"minecraft:sandstone":6,"minecraft:torch":23,"minecraft:acacia_log":10,"minecraft:porkchop":37,"graveyard:yellow_urn":1,"minecraft:pointed_dripstone":2,"minecraft:diorite":22,"graveyard:small_cyan_urn":1,"minecraft:carrot":598,"minecraft:redstone":6,"minecraft:dark_oak_planks":2,"minecraft:lime_candle":2,"minecraft:stone_sword":6,"minecraft:arrow":2,"minecraft:rotten_flesh":28,"minecraft:white_terracotta":2,"minecraft:mutton":8,"minecraft:iron_bars":4,"minecraft:skeleton_skull":1,"minecraft:snowball":22,"minecraft:white_wool":5,"minecraft:cobblestone":394,"minecraft:birch_log":33,"minecraft:feather":8,"enemyexpansion:horsehead_helmet":3,"minecraft:andesite":29,"minecraft:water_bucket":4,"minecraft:jungle_log":14,"minecraft:leather":38,"minecraft:potato":4,"silentgear:blueprint_package":1,"minecraft:mushroom_stew":3,"minecraft:flint":3,"savage_and_ravage:creeper_spores":1,"minecraft:oak_log":85,"minecraft:gunpowder":3,"minecraft:wither_skeleton_skull":1,"minecraft:dirt":371,"minecraft:polished_granite":1,"minecraft:glass":25,"minecraft:bone":39,"minecraft:acacia_planks":8,"minecraft:apple":17,"minecraft:wheat_seeds":8,"minecraft:raw_gold":9,"minecraft:rabbit_hide":4,"minecraft:stone_pickaxe":7,"minecraft:rabbit":3,"minecraft:bamboo":134,"minecraft:moss_block":2,"minecraft:iron_sword":2,"minecraft:oak_planks":18,"minecraft:waxed_exposed_copper":1,"minecraft:soul_sand":1,"minecraft:oak_slab":1,"minecraft:pumpkin":12,"minecraft:sweet_berries":2,"minecraft:spruce_sapling":2,"minecraft:dandelion":1,"minecraft:gravel":42,"minecraft:sand":3,"undead_unleashed:grave_metal_scrap":1,"minecraft:stripped_spruce_log":34,"minecraft:dead_bush":4,"minecraft:white_bed":8,"minecraft:spruce_log":41,"minecraft:mossy_cobblestone":3,"alexsmobs:animal_dictionary":1,"minecraft:dark_oak_log":7,"minecraft:barrel":11,"minecraft:leather_helmet":2,"minecraft:dark_prismarine":35,"minecraft:slime_ball":3,"minecraft:stone_axe":7,"improvableskills:skills_book":2,"minecraft:granite":60,"minecraft:bone_meal":67,"minecraft:terracotta":4,"minecraft:oak_sapling":4,"born_in_chaos_v1:rotten_fish":168,"minecraft:melon_seeds":1,"minecraft:hopper":1,"minecraft:stripped_dark_oak_log":3,"minecraft:bricks":9,"minecraft:coal":11,"minecraft:oak_leaves":57,"minecraft:crimson_roots":1},"minecraft:mined":{"minecraft:dark_oak_planks":1,"minecraft:white_bed":8,"minecraft:spruce_planks":23,"minecraft:oak_sapling":3,"minecraft:mossy_cobblestone":4,"graveyard:yellow_urn":1,"minecraft:red_nether_bricks":3,"minecraft:spruce_trapdoor":23,"minecraft:granite":29,"minecraft:stone_brick_wall":1,"minecraft:grass_block":197,"minecraft:crimson_roots":1,"minecraft:redstone_wire":2,"minecraft:spruce_leaves":22,"minecraft:sandstone":6,"minecraft:waxed_weathered_copper":1,"minecraft:large_fern":3,"graveyard:wither_skull_with_rib_cage":1,"minecraft:carrots":4,"graveyard:tg_moss_block":2,"minecraft:iron_ore":4,"minecraft:sticky_piston":3,"minecraft:barrel":11,"minecraft:fire":3,"minecraft:andesite":28,"minecraft:stripped_spruce_log":31,"minecraft:pumpkin":12,"minecraft:pointed_dripstone":2,"minecraft:cobblestone_slab":2,"minecraft:iron_bars":6,"minecraft:waxed_exposed_copper":2,"minecraft:stone":128,"minecraft:spruce_slab":20,"minecraft:podzol":20,"minecraft:oak_slab":1,"minecraft:soul_sand":1,"minecraft:crimson_nylium":1,"minecraft:stripped_dark_oak_log":3,"minecraft:dandelion":1,"minecraft:polished_granite":4,"minecraft:clay":18,"minecraft:torch":3,"minecraft:melon":19,"minecraft:chest":16,"minecraft:glass":1,"minecraft:tall_grass":4,"minecraft:cobblestone":17,"minecraft:oak_planks":1,"graveyard:gravestone":1,"minecraft:sugar_cane":3,"minecraft:bricks":9,"minecraft:diorite":26,"minecraft:skeleton_skull":2,"minecraft:spruce_stairs":8,"graveyard:vase_block":1,"graveyard:skull_with_rib_cage":1,"minecraft:nether_wart_block":1,"minecraft:birch_log":34,"minecraft:redstone_torch":4,"minecraft:spruce_log":18,"graveyard:skull_pile":2,"minecraft:grass":10,"minecraft:coal_ore":10,"minecraft:oak_log":48,"minecraft:gravel":45,"minecraft:dirt":42,"minecraft:cobweb":17,"graveyard:small_cyan_urn":1,"minecraft:wither_skeleton_skull":1,"minecraft:acacia_planks":3}},"DataVersion":3120}