{"stats":{"minecraft:broken":{"minecraft:golden_boots":1,"minecraft:shears":1,"minecraft:iron_boots":1,"justhammers:stone_hammer":3,"minecraft:iron_sword":1,"minecraft:leather_helmet":1,"minecraft:stone_sword":1,"twilightforest:ore_magnet":3,"minecraft:iron_axe":1,"minecraft:iron_pickaxe":2,"minecraft:iron_helmet":1,"minecraft:iron_shovel":1,"minecraft:stone_pickaxe":2,"minecraft:stone_axe":1,"minecraft:golden_chestplate":1,"minecraft:leather_chestplate":1,"minecraft:leather_boots":1},"minecraft:dropped":{"minecraft:iron_sword":7,"minecraft:lapis_lazuli":39,"minecraft:diamond":27,"minecraft:crafting_table":1,"minecraft:cooked_porkchop":25,"minecraft:rooted_dirt":3,"undead_unleashed:grave_metal_scrap":2,"minecraft:dirt":290,"minecraft:chain":1,"minecraft:gold_nugget":40,"minecraft:iron_pickaxe":7,"minecraft:lime_candle":4,"minecraft:music_disc_stal":1,"minecraft:gray_dye":1,"minecraft:bone":81,"ad_astra:hammer":1,"minecraft:stone_axe":4,"minecraft:wheat":22,"minecraft:obsidian":65,"minecraft:rotten_flesh":148,"minecraft:oak_planks":88,"minecraft:white_bed":1,"alexsmobs:blood_sac":2,"undead_unleashed:grave_metal_axe":1,"minecraft:leather_boots":5,"minecraft:ladder":1,"minecraft:egg":5,"minecraft:iron_ingot":77,"minecraft:golden_boots":1,"quark:oak_hedge":2,"minecraft:wheat_seeds":63,"twilightforest:canopy_sapling":4,"minecraft:iron_helmet":1,"minecraft:cobblestone":1444,"minecraft:book":2,"silentgear:sinew":1,"minecraft:coal":598,"minecraft:ink_sac":2,"minecraft:sponge":1,"minecraft:chainmail_leggings":3,"minecraft:paper":7,"minecraft:string":45,"minecraft:spruce_sapling":2,"minecraft:furnace":1,"minecraft:stone_sword":8,"minecraft:iron_boots":12,"minecraft:pumpkin_seeds":3,"minecraft:cobblestone_slab":103,"minecraft:stone":4,"alexsmobs:cockroach_wing_fragment":1,"minecraft:spruce_planks":2,"minecraft:diamond_pickaxe":2,"minecraft:wooden_shovel":3,"minecraft:spider_eye":29,"minecraft:bamboo":55,"sophisticatedbackpacks:copper_backpack":2,"minecraft:bow":1,"minecraft:gold_ore":14,"minecraft:candle":3,"minecraft:diamond_axe":1,"minecraft:oak_log":95,"minecraft:baked_potato":108,"minecraft:dark_oak_sapling":2,"minecraft:leather":2,"silentgear:axe":1,"minecraft:jungle_planks":8,"silentgear:fine_silk":1,"minecraft:cornflower":1,"minecraft:crimson_roots":8,"minecraft:snowball":16,"minecraft:birch_log":4,"minecraft:gold_ingot":17,"minecraft:white_tulip":1,"graveyard:gravestone":1,"minecraft:diamond_shovel":1,"twilightforest:torchberries":19,"minecraft:chainmail_chestplate":2,"justhammers:stone_hammer":2,"minecraft:gunpowder":4,"born_in_chaos_v1:corpse_maggot":9,"minecraft:glowstone":2,"minecraft:chest":8,"minecraft:basalt":1,"minecraft:arrow":30,"minecraft:written_book":4,"minecraft:oak_leaves":4,"minecraft:polished_granite":1,"minecraft:oak_slab":385,"minecraft:golden_helmet":3,"minecraft:mossy_cobblestone":5,"minecraft:poisonous_potato":1,"twilightforest:liveroot":8,"minecraft:stick":125,"minecraft:milk_bucket":1,"minecraft:diorite":2,"minecraft:torch":69,"minecraft:melon_slice":32,"minecraft:iron_leggings":1,"minecraft:jungle_leaves":11,"minecraft:iron_axe":5,"twilightforest:mushgloom":1,"minecraft:bucket":7,"minecraft:lapis_block":1,"minecraft:redstone":172,"twilightforest:raw_venison":1,"minecraft:coarse_dirt":5,"minecraft:raw_copper":177,"minecraft:raw_iron":231,"minecraft:wither_skeleton_skull":1,"twilightforest:canopy_stairs":2,"minecraft:pink_candle":2,"securitycraft:universal_block_remover":1,"minecraft:shield":3,"minecraft:iron_chestplate":1,"minecraft:mossy_stone_bricks":2,"minecraft:oak_sapling":5,"minecraft:slime_ball":1,"minecraft:stone_pickaxe":10,"minecraft:raw_gold":28,"securitycraft:universal_block_reinforcer_lvl1":1},"minecraft:killed":{"john_mod_reborn:baby_john":4,"twilightforest:boar":1,"john_mod_reborn:john":1,"born_in_chaos_v1:restless_spirit":1,"born_in_chaos_v1:skeleton_demoman":1,"enemyexpansion:equestrian":8,"undead_revamp2:theswarmer":3,"minecraft:skeleton":29,"minecraft:guardian":2,"minecraft:chicken":10,"apocalypse:breecher":1,"minecraft:tropical_fish":1,"undead_revamp2:thespitter":2,"born_in_chaos_v1:bone_imp":2,"undead_revamp2:theheavy":1,"minecraft:zombie":116,"born_in_chaos_v1:corpse_fly":8,"enemyexpansion:botfly":28,"minecraft:cow":19,"twilightforest:deer":1,"undead_revamp2:thehunter":1,"undead_revamp2:bomber":4,"born_in_chaos_v1:firelight":1,"minecraft:horse":3,"undead_revamp2:thebidy":1,"john_mod_reborn:baby_john_pack_lead":2,"graveyard:ghoul":1,"undead_revamp2:the_moonflower":3,"twilightforest:kobold":58,"john_mod_reborn:feral_baby_john_2":6,"born_in_chaos_v1:bloody_gadfly":1,"minecraft:zombified_piglin":12,"minecraft:witch":8,"rottencreatures:burned":3,"minecraft:spider":20,"undead_revamp2:thesmoker":3,"creeperoverhaul:bamboo_creeper":3,"minecraft:bee":2,"minecraft:silverfish":9,"undead_revamp2:therod":1,"minecraft:turtle":1,"minecraft:piglin_brute":1,"undead_revamp2:crackleball":1,"undead_unleashed:flamebreather":1,"john_mod_reborn:the_hunted":1,"minecraft:pig":13,"minecraft:zombie_villager":17,"minecraft:creeper":8,"twilightforest:skeleton_druid":12,"alexsmobs:crimson_mosquito":6,"minecraft:sheep":4,"undead_revamp2:theordure":1,"twilightforest:redcap":50,"minecraft:mooshroom":4,"minecraft:stray":2,"undead_unleashed:haunter":12,"alexsmobs:dropbear":1,"john_mod_reborn:hugging_john":2,"graveyard:revenant":1,"born_in_chaos_v1:maggot":32,"twilightforest:swarm_spider":142,"minecraft:panda":1,"minecraft:llama":1,"minecraft:drowned":4,"born_in_chaos_v1:corpse_fish":1,"undead_revamp2:sucker":14,"quark:foxhound":6,"minecraft:bat":1,"apocalypse:grump":2,"alexsmobs:cockroach":2,"minecraft:wither_skeleton":11,"minecraft:villager":1,"john_mod_reborn:feral_baby_john_1":4},"minecraft:used":{"minecraft:dead_horn_coral_block":1,"minecraft:spruce_slab":470,"sophisticatedbackpacks:copper_backpack":2,"minecraft:ladder":6,"minecraft:chest":25,"twilightforest:canopy_sapling":1,"minecraft:rotten_flesh":6,"undead_unleashed:grave_metal_axe":161,"minecraft:jungle_slab":13,"minecraft:snowball":16,"minecraft:stripped_spruce_log":2,"minecraft:azure_bluet":1,"born_in_chaos_v1:smoked_flesh":2,"minecraft:lava_bucket":4,"minecraft:birch_sapling":5,"minecraft:bow":42,"minecraft:sweet_berries":2,"minecraft:oak_sapling":21,"minecraft:furnace":5,"minecraft:egg":15,"minecraft:potato":245,"minecraft:diorite":39,"securitycraft:reinforced_spruce_planks":2,"minecraft:wooden_pickaxe":2,"minecraft:composter":4,"minecraft:oak_leaves":67,"minecraft:cookie":1,"minecraft:glow_berries":2,"minecraft:blast_furnace":1,"securitycraft:universal_block_remover":2,"minecraft:crying_obsidian":1,"minecraft:birch_slab":88,"graveyard:gravestone":1,"twilightforest:mushgloom":1,"minecraft:red_terracotta":3,"minecraft:diamond_ore":11,"minecraft:diamond_sword":985,"minecraft:wooden_sword":8,"minecraft:smithing_table":7,"twilightforest:twilight_oak_log":4,"minecraft:stone_sword":522,"minecraft:dead_tube_coral_block":2,"undead_unleashed:grave_metal_chestplate":5,"minecraft:netherrack":33,"minecraft:stick":1,"minecraft:torch":284,"graveyard:red_urn":1,"minecraft:ancient_debris":1,"minecraft:chainmail_chestplate":1,"minecraft:cod_bucket":1,"securitycraft:reinforced_dirt":3,"minecraft:rooted_dirt":1,"minecraft:iron_axe":550,"minecraft:barrel":8,"silentgear:pickaxe":12,"minecraft:glowstone":1,"minecraft:acacia_planks":2,"minecraft:orange_terracotta":5,"minecraft:pointed_dripstone":18,"minecraft:water_bucket":61,"securitycraft:reinforced_oak_planks":2,"minecraft:cauldron":2,"minecraft:horse_spawn_egg":1,"minecraft:gold_ore":14,"minecraft:polished_blackstone_bricks":8,"minecraft:waxed_exposed_copper":1,"minecraft:mossy_cobblestone":52,"justhammers:diamond_hammer":494,"minecraft:oak_slab":426,"minecraft:crafting_table":17,"croptopia:apple_sapling":2,"silentgear:axe":45,"minecraft:white_bed":23,"minecraft:oak_log":7,"minecraft:mud":2,"minecraft:dark_prismarine":4,"minecraft:diamond_pickaxe":376,"minecraft:cornflower":1,"minecraft:diamond_shovel":311,"minecraft:iron_pickaxe":1490,"minecraft:leather_helmet":1,"minecraft:spruce_trapdoor":8,"minecraft:cobblestone":1144,"minecraft:potion":1,"minecraft:cooked_porkchop":47,"quark:oak_chest":3,"minecraft:dandelion":3,"twilightforest:cicada":1,"minecraft:iron_shovel":73,"minecraft:shield":2,"minecraft:white_terracotta":2,"minecraft:iron_sword":481,"minecraft:grass":5,"minecraft:iron_chestplate":3,"supplementaries:globe":2,"paraglider:goddess_statue":3,"minecraft:jungle_planks":7,"minecraft:carrot":398,"minecraft:obsidian":16,"minecraft:milk_bucket":14,"minecraft:glass":1,"born_in_chaos_v1:corpse_maggot":2,"minecraft:coal_ore":1,"minecraft:bricks":6,"minecraft:blue_orchid":2,"minecraft:iron_helmet":4,"minecraft:crimson_roots":4,"minecraft:golden_sword":4,"minecraft:magma_block":1,"minecraft:written_book":4,"minecraft:dark_oak_sapling":2,"minecraft:golden_boots":2,"minecraft:diamond_boots":5,"minecraft:wither_skeleton_skull":5,"minecraft:stone_pickaxe":492,"minecraft:oak_planks":6,"minecraft:sandstone":7,"minecraft:chainmail_helmet":5,"minecraft:diamond_axe":49,"undead_unleashed:grave_metal_leggings":6,"minecraft:yellow_terracotta":4,"minecraft:mushroom_stew":2,"minecraft:light_gray_terracotta":18,"minecraft:crossbow":5,"minecraft:shears":259,"minecraft:dripstone_block":2,"minecraft:lever":1,"securitycraft:reinforced_grass_block":2,"minecraft:melon_slice":114,"minecraft:string":4,"minecraft:dark_oak_log":6,"minecraft:bread":34,"paraglider:kakariko_goddess_statue":1,"minecraft:gravel":2,"minecraft:golden_helmet":4,"minecraft:cooked_rabbit":1,"minecraft:andesite":8,"minecraft:bone_meal":66,"minecraft:experience_bottle":8,"minecraft:trident":61,"minecraft:flint_and_steel":2,"minecraft:tropical_fish":1,"minecraft:stone_shovel":11,"minecraft:spruce_planks":1,"minecraft:cooked_chicken":22,"minecraft:dirt":217,"minecraft:salmon_bucket":1,"minecraft:golden_chestplate":5,"minecraft:granite":57,"minecraft:spruce_fence":1,"minecraft:iron_hoe":12,"minecraft:brown_terracotta":7,"minecraft:oak_stairs":1,"minecraft:iron_boots":4,"minecraft:cooked_beef":50,"minecraft:iron_leggings":7,"minecraft:cooked_mutton":6,"minecraft:pink_tulip":1,"securitycraft:reinforced_cobblestone":2,"minecraft:red_nether_bricks":1,"minecraft:baked_potato":39,"minecraft:cobblestone_slab":37,"minecraft:dead_fire_coral_block":1,"securitycraft:reinforced_blackstone":2,"minecraft:smoker":2,"minecraft:apple":8,"undead_unleashed:grave_metal_boots":2,"quark:oak_hedge":2,"minecraft:map":1,"justhammers:stone_hammer":407,"minecraft:golden_leggings":1,"minecraft:stone_axe":324,"minecraft:bucket":62,"enemyexpansion:horsehead_helmet":1},"minecraft:custom":{"minecraft:interact_with_crafting_table":193,"minecraft:open_barrel":58,"minecraft:leave_game":38,"minecraft:time_since_death":0,"minecraft:damage_blocked_by_shield":108,"minecraft:play_time":913693,"minecraft:deaths":215,"minecraft:jump":15060,"minecraft:interact_with_furnace":313,"minecraft:traded_with_villager":13,"minecraft:sleep_in_bed":28,"minecraft:damage_dealt":179967,"minecraft:interact_with_smoker":88,"minecraft:interact_with_smithing_table":10,"minecraft:horse_one_cm":1202,"minecraft:use_cauldron":4,"twilightforest:keeping_charms_activated":2,"minecraft:damage_dealt_absorbed":160,"minecraft:sneak_time":121046,"minecraft:interact_with_blast_furnace":77,"minecraft:total_world_time":913693,"minecraft:interact_with_stonecutter":2,"minecraft:time_since_rest":4279,"twilightforest:life_charms_activated":1,"minecraft:swim_one_cm":101450,"minecraft:fly_one_cm":3702052,"minecraft:open_chest":1887,"minecraft:fall_one_cm":642149,"minecraft:animals_bred":17,"minecraft:sprint_one_cm":2307460,"minecraft:drop":430,"minecraft:talked_to_villager":88,"minecraft:walk_on_water_one_cm":57645,"minecraft:player_kills":11,"minecraft:crouch_one_cm":376551,"minecraft:mob_kills":779,"minecraft:fill_cauldron":2,"minecraft:damage_dealt_resisted":2312,"minecraft:climb_one_cm":29685,"minecraft:walk_one_cm":1843320,"minecraft:walk_under_water_one_cm":143173,"minecraft:boat_one_cm":700,"minecraft:damage_taken":92611,"minecraft:trigger_trapped_chest":6},"minecraft:killed_by":{"minecraft:zombie_villager":1,"undead_revamp2:the_moonflower":2,"minecraft:piglin_brute":4,"apocalypse:breecher":2,"enemyexpansion:huntsman":2,"rottencreatures:burned":6,"twilightforest:kobold":12,"twilightforest:redcap_sapper":6,"john_mod_reborn:weeping_john":1,"minecraft:zombie":22,"undead_revamp2:thepregnant":3,"quark:foxhound":2,"born_in_chaos_v1:firelight":1,"undead_revamp2:thespitter":1,"enemyexpansion:botfly":1,"undead_revamp2:sucker":6,"twilightforest:skeleton_druid":2,"minecraft:wither_skeleton":4,"minecraft:zombified_piglin":2,"minecraft:creeper":13,"john_mod_reborn:feral_baby_john_2":2,"john_mod_reborn:feral_baby_john_1":5,"quark:forgotten":4,"alexsmobs:dropbear":2,"minecraft:player":1,"enemyexpansion:trollenraged":1,"twilightforest:swarm_spider":2,"enemyexpansion:equestrian":9,"undead_revamp2:thehorrors":1,"undead_revamp2:therod":3,"minecraft:hoglin":1,"minecraft:skeleton":47,"john_mod_reborn:baby_john":3,"tinyskeletons:baby_skeleton":1,"apocalypse:ghost":1,"born_in_chaos_v1:corpse_fish":1,"alexsmobs:crimson_mosquito":1,"twilightforest:redcap":7,"john_mod_reborn:sprinting_john":1,"john_mod_reborn:john":1},"minecraft:crafted":{"minecraft:smooth_stone":3,"silentgear:axe":1,"minecraft:birch_slab":120,"ad_astra:hammer":1,"sophisticatedbackpacks:crafting_upgrade":1,"minecraft:cooked_mutton":9,"minecraft:glass":32,"minecraft:cooked_rabbit":1,"silentgear:dried_sinew":2,"minecraft:emerald":2,"minecraft:cooked_porkchop":66,"minecraft:smithing_table":3,"minecraft:copper_ingot":173,"quark:oak_chest":3,"born_in_chaos_v1:smoked_flesh":32,"minecraft:iron_pickaxe":15,"minecraft:iron_block":3,"minecraft:gold_ingot":71,"minecraft:composter":1,"minecraft:bone_meal":96,"twilightforest:twilight_oak_planks":96,"securitycraft:universal_block_remover":2,"minecraft:spruce_slab":468,"minecraft:stone_pickaxe":29,"minecraft:diamond_boots":1,"twilightforest:canopy_planks":8,"minecraft:redstone_block":1,"minecraft:dark_oak_planks":52,"minecraft:golden_helmet":2,"minecraft:dripstone_block":1,"minecraft:jungle_slab":12,"minecraft:iron_leggings":3,"minecraft:white_bed":4,"minecraft:oak_planks":572,"minecraft:cobblestone_slab":192,"minecraft:cooked_chicken":10,"paraglider:kakariko_goddess_statue":1,"minecraft:stone":42,"securitycraft:laser_block":1,"minecraft:iron_boots":2,"improvableskills:skills_book":1,"justhammers:diamond_hammer":1,"minecraft:copper_block":8,"minecraft:raw_iron_block":19,"minecraft:smoker":1,"minecraft:oak_slab":780,"minecraft:cauldron":1,"minecraft:crafting_table":17,"minecraft:spruce_planks":240,"minecraft:wooden_pickaxe":1,"minecraft:iron_helmet":1,"minecraft:baked_potato":311,"quark:oak_hedge":2,"minecraft:birch_planks":24,"sophisticatedbackpacks:upgrade_base":2,"minecraft:dark_oak_slab":96,"minecraft:book":2,"minecraft:iron_chestplate":5,"minecraft:paper":6,"minecraft:diamond_pickaxe":2,"minecraft:stick":238,"minecraft:iron_ingot":409,"minecraft:stone_sword":77,"minecraft:shears":3,"securitycraft:universal_block_reinforcer_lvl1":1,"minecraft:wooden_sword":1,"croptopia:apple_sapling":1,"minecraft:raw_iron":171,"minecraft:furnace":3,"minecraft:blast_furnace":1,"sophisticatedbackpacks:stack_upgrade_starter_tier":1,"supplementaries:globe":1,"minecraft:glass_pane":16,"minecraft:flint_and_steel":1,"minecraft:iron_axe":3,"minecraft:iron_hoe":1,"minecraft:netherite_scrap":2,"undead_unleashed:grave_metal_ingot":5,"minecraft:cooked_beef":63,"minecraft:diamond_sword":1,"silentgear:sinew_fiber":3,"minecraft:iron_sword":6,"minecraft:bowl":4,"minecraft:stone_axe":9,"minecraft:air":0,"minecraft:bread":17,"minecraft:jungle_planks":4,"minecraft:white_wool":10,"justhammers:stone_hammer":17,"minecraft:torch":572},"minecraft:picked_up":{"silentgear:raw_crimson_iron":24,"minecraft:seagrass":15,"minecraft:iron_chestplate":18,"minecraft:chainmail_boots":1,"minecraft:prismarine_shard":3,"minecraft:smithing_table":4,"minecraft:diamond_sword":24,"minecraft:oak_stairs":1,"minecraft:golden_shovel":1,"croptopia:calamari":1,"minecraft:golden_sword":6,"paraglider:goddess_statue":4,"minecraft:string":671,"minecraft:red_nether_bricks":1,"minecraft:pufferfish":2,"john_mod_reborn:freed_spirit":8,"securitycraft:reinforced_dirt":3,"minecraft:gold_nugget":149,"minecraft:waxed_weathered_copper":1,"minecraft:spruce_planks":35,"minecraft:written_book":7,"minecraft:melon_slice":513,"minecraft:diamond_ore":20,"minecraft:golden_helmet":13,"sophisticatedbackpacks:stack_upgrade_starter_tier":1,"minecraft:composter":3,"minecraft:acacia_log":11,"undead_unleashed:ghost_pepper":6,"minecraft:golden_chestplate":10,"minecraft:cauldron":1,"minecraft:stone_sword":78,"minecraft:horn_coral_fan":3,"minecraft:tropical_fish":2,"minecraft:glowstone":47,"supplementaries:ash":6,"minecraft:white_terracotta":4,"minecraft:iron_bars":4,"minecraft:snowball":54,"minecraft:sponge":1,"minecraft:birch_log":141,"minecraft:magma_block":4,"croptopia:apple_sapling":1,"minecraft:feather":38,"minecraft:cooked_beef":60,"minecraft:birch_slab":2,"minecraft:water_bucket":24,"minecraft:jungle_log":16,"twilightforest:ore_magnet":5,"minecraft:flint":15,"twilightforest:canopy_sapling":8,"minecraft:rabbit":3,"minecraft:moss_block":2,"croptopia:roe":5,"twilightforest:mushgloom":2,"silentgear:fine_silk":5,"twilightforest:canopy_log":2,"minecraft:stripped_spruce_log":70,"minecraft:ink_sac":6,"alexsmobs:animal_dictionary":1,"minecraft:dark_oak_log":25,"minecraft:red_terracotta":2,"minecraft:barrel":25,"undead_revamp2:heavytooth":4,"securitycraft:universal_block_remover":2,"minecraft:iron_hoe":1,"twilightforest:canopy_planks":18,"improvableskills:skills_book":3,"minecraft:lever":1,"minecraft:dead_brain_coral_block":1,"securitycraft:reinforced_blackstone":2,"minecraft:granite":115,"minecraft:chainmail_helmet":19,"minecraft:bread":7,"minecraft:rooted_dirt":10,"minecraft:jack_o_lantern":102,"born_in_chaos_v1:rotten_fish":178,"minecraft:bricks":11,"minecraft:crafting_table":6,"minecraft:crimson_roots":21,"minecraft:diamond_pickaxe":19,"minecraft:mud":12,"minecraft:coarse_dirt":7,"minecraft:bubble_coral_fan":1,"minecraft:clay_ball":280,"minecraft:dead_horn_coral_block":16,"minecraft:cornflower":2,"supplementaries:globe":1,"undead_unleashed:grave_metal_ingot":1,"minecraft:cracked_stone_bricks":3,"minecraft:beef":66,"minecraft:iron_nugget":4,"minecraft:spruce_slab":45,"minecraft:chest":96,"minecraft:birch_sapling":4,"minecraft:egg":37,"minecraft:sandstone":6,"minecraft:stone":56,"securitycraft:reinforced_cobblestone":2,"minecraft:spruce_fence":1,"graveyard:small_cyan_urn":1,"minecraft:carrot":2033,"minecraft:redstone":563,"minecraft:prismarine_crystals":39,"twilightforest:firefly":37,"minecraft:tnt":3,"minecraft:stone_shovel":1,"twilightforest:cicada":36,"minecraft:shears":4,"minecraft:diamond_boots":12,"graveyard:red_urn":1,"minecraft:gold_ingot":8,"sophisticatedbackpacks:copper_backpack":24,"minecraft:mutton":13,"ad_astra:hammer":4,"minecraft:white_wool":9,"minecraft:stripped_oak_log":2,"minecraft:birch_leaves":18,"enemyexpansion:horsehead_helmet":4,"minecraft:red_mushroom":7,"silentgear:blueprint_package":1,"minecraft:oak_log":466,"twilightforest:twilight_oak_leaves":4,"minecraft:ancient_debris":4,"minecraft:golden_boots":8,"minecraft:paper":14,"twilightforest:liveroot":9,"twilightforest:raw_venison":1,"minecraft:apple":157,"minecraft:stone_bricks":8,"alexsmobs:cockroach_wing_fragment":2,"born_in_chaos_v1:smoked_flesh":90,"minecraft:stone_pickaxe":42,"undead_unleashed:grave_metal_boots":7,"minecraft:iron_sword":47,"minecraft:milk_bucket":1,"minecraft:sweet_berries":3,"born_in_chaos_v1:ethereal_spirit":8,"minecraft:gravel":125,"minecraft:dead_fire_coral_block":5,"minecraft:spruce_sapling":15,"minecraft:spruce_log":81,"minecraft:crying_obsidian":1,"justhammers:diamond_hammer":18,"minecraft:leather_helmet":6,"minecraft:oak_wood":15,"minecraft:diamond_shovel":15,"minecraft:coal_ore":1,"minecraft:slime_ball":6,"graveyard:vase_block":5,"minecraft:stone_axe":37,"quark:oak_hedge":2,"minecraft:painting":1,"silentgear:axe":9,"minecraft:baked_potato":593,"minecraft:melon_seeds":1,"minecraft:stripped_dark_oak_log":3,"minecraft:hopper":1,"minecraft:wheat":121,"silentgear:spear_blueprint":1,"minecraft:potion":1,"undead_unleashed:grave_metal_chestplate":12,"minecraft:gilded_blackstone":1,"securitycraft:reinforced_oak_planks":2,"minecraft:lapis_block":10,"silentgear:sinew":19,"minecraft:dead_tube_coral_block":9,"minecraft:raw_copper":719,"minecraft:iron_leggings":17,"minecraft:sticky_piston":3,"alexsmobs:dropbear_claw":3,"alexsmobs:blood_sac":3,"minecraft:red_sand":1,"minecraft:bucket":57,"securitycraft:reinforced_spruce_planks":2,"minecraft:white_tulip":1,"minecraft:redstone_torch":15,"minecraft:cobblestone_slab":84,"minecraft:wooden_shovel":4,"minecraft:iron_pickaxe":62,"twilightforest:canopy_stairs":2,"minecraft:iron_boots":38,"minecraft:furnace":5,"minecraft:tipped_arrow":1,"minecraft:stick":1090,"minecraft:birch_trapdoor":2,"minecraft:torch":1163,"minecraft:spruce_stairs":4,"minecraft:porkchop":87,"graveyard:yellow_urn":1,"minecraft:pointed_dripstone":27,"minecraft:diorite":52,"minecraft:cactus":2,"minecraft:rotten_flesh":562,"minecraft:obsidian":74,"minecraft:cobblestone":7777,"minecraft:nautilus_shell":3,"minecraft:leather_chestplate":1,"minecraft:magma_cream":4,"twilightforest:twilight_oak_log":211,"minecraft:andesite":88,"twilightforest:twilight_oak_wood":44,"minecraft:black_bed":1,"minecraft:golden_leggings":3,"minecraft:potato":407,"paraglider:spirit_orb":38,"minecraft:prismarine_bricks":3,"minecraft:horn_coral":1,"minecraft:wither_skeleton_skull":7,"minecraft:dirt":1829,"minecraft:polished_granite":1,"minecraft:leather_boots":7,"minecraft:glass":25,"minecraft:bone":350,"minecraft:acacia_planks":8,"minecraft:bow":3,"minecraft:wheat_seeds":118,"minecraft:raw_gold":138,"minecraft:bell":1,"minecraft:mossy_stone_bricks":4,"minecraft:bamboo":438,"minecraft:waxed_exposed_copper":1,"minecraft:prismarine":81,"minecraft:oak_planks":252,"minecraft:cooked_porkchop":143,"silentgear:pickaxe":1,"minecraft:poisonous_potato":2,"minecraft:sand":50,"undead_unleashed:grave_metal_leggings":12,"minecraft:jungle_planks":60,"minecraft:dead_bush":4,"minecraft:grass_block":1,"minecraft:jungle_slab":13,"minecraft:mossy_cobblestone":22,"minecraft:dark_prismarine":55,"minecraft:jungle_leaves":11,"minecraft:sugar":12,"born_in_chaos_v1:fire_dust":8,"twilightforest:twilight_oak_sapling":5,"minecraft:diamond":86,"minecraft:cracked_polished_blackstone_bricks":7,"quark:music_disc_clock":3,"minecraft:crossbow":11,"minecraft:grass":121,"minecraft:bone_meal":197,"minecraft:emerald":76,"minecraft:oak_sapling":68,"minecraft:netherrack":802,"twilightforest:torchberries":30,"minecraft:oak_leaves":287,"rottencreatures:magma_rotten_flesh":2,"minecraft:fishing_rod":1,"minecraft:charcoal":8,"minecraft:allium":2,"minecraft:azure_bluet":1,"minecraft:chicken":20,"minecraft:ladder":7,"minecraft:brown_mushroom":3,"silentgear:shield_blueprint":1,"minecraft:cooked_rabbit":1,"minecraft:chain":4,"minecraft:shield":7,"minecraft:wooden_sword":2,"minecraft:iron_axe":19,"minecraft:blackstone":4,"graveyard:corruption":2,"minecraft:candle":3,"improvableskills:scroll_normal":3,"graveyard:gravestone":2,"minecraft:mossy_cobblestone_wall":1,"minecraft:sugar_cane":29,"minecraft:spruce_trapdoor":22,"minecraft:dark_oak_sapling":5,"minecraft:raw_iron":669,"minecraft:copper_ingot":109,"minecraft:gray_dye":1,"minecraft:polished_blackstone_bricks":93,"minecraft:cookie":1,"minecraft:dark_oak_planks":2,"minecraft:lime_candle":2,"minecraft:arrow":304,"minecraft:pink_tulip":1,"minecraft:brick_stairs":1,"minecraft:skeleton_skull":1,"silentgear:knife_blueprint":1,"born_in_chaos_v1:corpse_maggot":44,"minecraft:basalt":6,"minecraft:salmon":1,"minecraft:leather":87,"minecraft:birch_planks":24,"minecraft:ice":1,"minecraft:mushroom_stew":3,"savage_and_ravage:creeper_spores":3,"minecraft:chainmail_chestplate":9,"minecraft:gunpowder":102,"twilightforest:twilight_oak_planks":45,"twilightforest:ironwood_ingot":6,"minecraft:rabbit_hide":4,"minecraft:iron_ingot":41,"minecraft:cooked_chicken":13,"securitycraft:universal_block_reinforcer_lvl1":2,"minecraft:soul_sand":10,"twilightforest:charm_of_life_1":1,"minecraft:book":3,"minecraft:oak_slab":519,"minecraft:black_candle":9,"minecraft:pumpkin":23,"minecraft:chiseled_stone_bricks":1,"minecraft:stone_brick_slab":5,"minecraft:quartz":98,"minecraft:dandelion":13,"minecraft:dripstone_block":1,"justhammers:stone_hammer":52,"undead_unleashed:grave_metal_scrap":259,"minecraft:white_bed":20,"minecraft:gold_ore":40,"minecraft:mossy_stone_brick_slab":2,"minecraft:spider_eye":80,"minecraft:pumpkin_seeds":3,"securitycraft:reinforced_grass_block":2,"minecraft:chainmail_leggings":13,"minecraft:dead_bubble_coral_block":6,"minecraft:iron_helmet":18,"minecraft:mossy_cobblestone_stairs":2,"undead_unleashed:grave_metal_axe":3,"minecraft:terracotta":4,"minecraft:dark_oak_wood":8,"minecraft:coal":1771},"minecraft:mined":{"minecraft:dark_oak_planks":1,"minecraft:white_bed":19,"minecraft:red_nether_bricks":3,"minecraft:granite":72,"minecraft:red_sand":1,"minecraft:acacia_log":1,"minecraft:stone_brick_wall":1,"silentgear:crimson_iron_ore":8,"minecraft:bubble_coral_block":1,"minecraft:tube_coral_block":3,"minecraft:chiseled_stone_bricks":1,"minecraft:spawner":10,"graveyard:wither_skull_with_rib_cage":1,"minecraft:polished_blackstone_bricks":63,"minecraft:magma_block":1,"minecraft:mossy_cobblestone_stairs":1,"minecraft:barrel":24,"minecraft:sticky_piston":7,"minecraft:fire":106,"twilightforest:twilight_oak_wood":46,"minecraft:pumpkin":17,"supplementaries:globe":1,"minecraft:granite_slab":1,"minecraft:oak_stairs":4,"minecraft:waxed_exposed_copper":2,"minecraft:crimson_nylium":11,"minecraft:soul_fire":1,"minecraft:torch":22,"minecraft:dark_oak_wood":8,"minecraft:melon":29,"minecraft:white_stained_glass_pane":3,"minecraft:glass":1,"minecraft:sugar_cane":4,"minecraft:bricks":12,"minecraft:skeleton_skull":2,"minecraft:white_terracotta":4,"minecraft:chain":2,"twilightforest:cicada":6,"minecraft:black_bed":1,"minecraft:grass":194,"minecraft:dark_oak_sapling":2,"twilightforest:canopy_log":2,"twilightforest:firefly":3,"minecraft:dark_prismarine":14,"minecraft:mossy_cobblestone":16,"minecraft:dark_oak_log":8,"minecraft:jack_o_lantern":19,"minecraft:spruce_fence":1,"minecraft:jungle_planks":9,"minecraft:crimson_roots":10,"minecraft:redstone_wire":4,"minecraft:waxed_weathered_copper":1,"twilightforest:mushgloom":2,"minecraft:redstone_ore":13,"graveyard:tg_moss_block":2,"minecraft:andesite":63,"twilightforest:canopy_planks":3,"twilightforest:twilight_oak_leaves":89,"minecraft:potatoes":7,"minecraft:cobblestone_slab":23,"minecraft:bamboo":2,"minecraft:fire_coral_block":2,"minecraft:smithing_table":4,"minecraft:oak_slab":11,"minecraft:glass_pane":1,"minecraft:soul_sand":2,"minecraft:stone_brick_slab":6,"croptopia:apple_sapling":1,"minecraft:dandelion":7,"minecraft:cornflower":1,"graveyard:tg_rooted_dirt":2,"minecraft:sponge":1,"minecraft:copper_ore":2,"minecraft:tall_grass":36,"minecraft:diorite":51,"minecraft:red_terracotta":1,"minecraft:coarse_dirt":2,"graveyard:vase_block":4,"minecraft:stripped_spruce_wood":1,"minecraft:spruce_log":44,"minecraft:birch_leaves":12,"minecraft:mycelium":6,"minecraft:gravel":93,"minecraft:dripstone_block":1,"minecraft:cobweb":160,"minecraft:acacia_planks":3,"minecraft:stone_bricks":13,"minecraft:gold_ore":38,"minecraft:fern":1,"minecraft:spruce_planks":31,"minecraft:oak_sapling":5,"graveyard:yellow_urn":1,"minecraft:mossy_stone_brick_slab":2,"minecraft:jungle_slab":2,"minecraft:spruce_trapdoor":32,"minecraft:grass_block":535,"minecraft:cracked_polished_blackstone_bricks":8,"minecraft:composter":3,"minecraft:gilded_blackstone":1,"minecraft:mossy_cobblestone_slab":1,"minecraft:glowstone":24,"minecraft:iron_ore":41,"minecraft:azure_bluet":1,"supplementaries:stick":1,"minecraft:pointed_dripstone":12,"minecraft:iron_bars":6,"twilightforest:fiddlehead":1,"graveyard:wither_skull_pile":2,"minecraft:brain_coral_block":2,"minecraft:spruce_slab":41,"minecraft:blackstone":9,"minecraft:clay":35,"twilightforest:torchberry_plant":1,"minecraft:mossy_cobblestone_wall":1,"minecraft:chest":50,"twilightforest:twilight_oak_log":34,"minecraft:mushroom_stem":1,"minecraft:nether_quartz_ore":32,"minecraft:cobblestone":209,"minecraft:oak_planks":7,"minecraft:prismarine":23,"graveyard:gravestone":1,"minecraft:wall_torch":15,"minecraft:cauldron":1,"minecraft:nether_wart_block":1,"minecraft:lapis_block":4,"minecraft:birch_log":95,"twilightforest:root":2,"minecraft:tnt":3,"graveyard:skull_pile":2,"minecraft:yellow_stained_glass_pane":2,"minecraft:oak_log":204,"minecraft:sand":1,"minecraft:dirt":159,"graveyard:small_cyan_urn":1,"minecraft:wither_skeleton_skull":3,"minecraft:netherrack":417,"minecraft:ancient_debris":1,"minecraft:oak_leaves":332,"minecraft:horn_coral_block":1,"minecraft:diamond_ore":31,"minecraft:dark_oak_leaves":1,"minecraft:lever":1,"minecraft:ladder":3,"minecraft:brick_stairs":1,"minecraft:birch_slab":2,"minecraft:spruce_leaves":38,"minecraft:sandstone":6,"minecraft:rooted_dirt":1,"minecraft:large_fern":6,"minecraft:oak_trapdoor":1,"minecraft:furnace":4,"minecraft:carrots":61,"minecraft:stripped_spruce_log":73,"minecraft:bell":1,"minecraft:dead_horn_coral_block":1,"minecraft:stripped_oak_log":1,"minecraft:packed_ice":4,"minecraft:stone":817,"minecraft:redstone_wall_torch":1,"minecraft:podzol":26,"twilightforest:root_strand":5,"minecraft:stripped_dark_oak_log":3,"minecraft:basalt":5,"minecraft:polished_granite":4,"minecraft:crafting_table":2,"minecraft:oak_wood":16,"graveyard:tg_grass_block":3,"twilightforest:mayapple":4,"minecraft:prismarine_bricks":1,"minecraft:spruce_stairs":12,"graveyard:skull_with_rib_cage":1,"minecraft:redstone_torch":5,"minecraft:dead_brain_coral_block":1,"minecraft:coal_ore":102,"quark:oak_hedge":2,"twilightforest:canopy_stairs":1,"minecraft:cracked_stone_bricks":3,"minecraft:mossy_stone_bricks":5,"paraglider:goddess_statue":3}},"DataVersion":3120}