{"stats":{"minecraft:killed":{"enemyexpansion:equestrian":1},"minecraft:custom":{"minecraft:open_chest":31,"minecraft:time_since_rest":3280,"minecraft:walk_one_cm":8851,"minecraft:play_time":3393,"minecraft:crouch_one_cm":1035,"minecraft:sprint_one_cm":8832,"minecraft:damage_taken":235,"minecraft:deaths":1,"minecraft:sneak_time":477,"minecraft:mob_kills":1,"minecraft:jump":64,"minecraft:damage_dealt":455,"minecraft:time_since_death":3250,"minecraft:total_world_time":3393,"minecraft:fall_one_cm":811,"minecraft:fly_one_cm":7459},"minecraft:killed_by":{"enemyexpansion:equestrian":1},"minecraft:picked_up":{"minecraft:rotten_flesh":1,"silentgear:blueprint_package":1,"minecraft:oak_log":2,"minecraft:chest":1,"alexsmobs:animal_dictionary":1,"minecraft:dirt":2},"minecraft:mined":{"minecraft:grass_block":2,"minecraft:oak_log":2,"minecraft:chest":1}},"DataVersion":3120}