{"stats":{"minecraft:broken":{"minecraft:stone_pickaxe":1},"minecraft:killed":{"john_mod_reborn:john":1,"minecraft:spider":1,"enemyexpansion:equestrian":3,"undead_revamp2:thesmoker":1,"undead_revamp2:theswarmer":2,"minecraft:skeleton":2,"minecraft:chicken":1,"born_in_chaos_v1:corpse_fish":1,"undead_revamp2:sucker":3,"graveyard:ghoul":1,"minecraft:creeper":2,"minecraft:zombie":1},"minecraft:dropped":{"minecraft:candle":3,"minecraft:wheat_seeds":4,"minecraft:cobblestone":174,"minecraft:dirt":45,"minecraft:crimson_roots":1,"minecraft:iron_axe":3,"minecraft:lime_candle":4,"minecraft:iron_pickaxe":1,"minecraft:birch_log":1,"minecraft:bone":5,"minecraft:wheat":4,"graveyard:gravestone":1,"minecraft:pink_candle":2,"minecraft:cobblestone_slab":11,"minecraft:ladder":1,"minecraft:chest":2,"minecraft:bamboo":2,"minecraft:polished_granite":1},"minecraft:used":{"minecraft:stone_sword":128,"minecraft:spruce_slab":42,"minecraft:chest":1,"minecraft:iron_sword":3,"minecraft:torch":6,"minecraft:dirt":20,"minecraft:carrot":74,"minecraft:granite":17,"minecraft:bricks":4,"minecraft:iron_axe":125,"minecraft:iron_helmet":1,"minecraft:oak_sapling":3,"minecraft:egg":2,"minecraft:potato":1,"minecraft:acacia_planks":1,"minecraft:diorite":9,"minecraft:red_nether_bricks":1,"minecraft:stone_pickaxe":167,"minecraft:oak_planks":1,"minecraft:wooden_pickaxe":2,"minecraft:waxed_exposed_copper":1,"minecraft:oak_slab":61,"minecraft:crafting_table":2,"minecraft:mushroom_stew":2,"minecraft:white_bed":9,"minecraft:apple":4,"minecraft:birch_slab":72,"minecraft:melon_slice":27,"minecraft:iron_pickaxe":34,"minecraft:map":1,"graveyard:gravestone":1,"minecraft:stone_axe":81,"minecraft:wooden_sword":8,"minecraft:cobblestone":64,"minecraft:andesite":1},"minecraft:custom":{"minecraft:mob_kills":24,"minecraft:interact_with_crafting_table":23,"minecraft:open_barrel":21,"minecraft:damage_dealt_resisted":14,"minecraft:leave_game":2,"minecraft:time_since_death":503,"minecraft:climb_one_cm":1536,"minecraft:sprint_one_cm":281203,"minecraft:walk_one_cm":162490,"minecraft:drop":26,"minecraft:talked_to_villager":20,"minecraft:play_time":108821,"minecraft:deaths":17,"minecraft:sneak_time":22841,"minecraft:walk_under_water_one_cm":17794,"minecraft:boat_one_cm":700,"minecraft:jump":1910,"minecraft:walk_on_water_one_cm":5853,"minecraft:total_world_time":108821,"minecraft:interact_with_furnace":10,"minecraft:time_since_rest":531,"minecraft:damage_taken":5672,"minecraft:damage_dealt":7606,"minecraft:swim_one_cm":5176,"minecraft:fly_one_cm":514178,"minecraft:player_kills":1,"minecraft:open_chest":242,"minecraft:crouch_one_cm":69013,"minecraft:fall_one_cm":35525,"minecraft:horse_one_cm":1202},"minecraft:killed_by":{"minecraft:player":1,"undead_revamp2:sucker":1,"undead_revamp2:the_moonflower":1,"enemyexpansion:trollenraged":1,"minecraft:creeper":1,"enemyexpansion:equestrian":1,"enemyexpansion:huntsman":2,"john_mod_reborn:baby_john":1,"minecraft:zombie":1,"born_in_chaos_v1:corpse_fish":1,"undead_revamp2:thepregnant":1,"john_mod_reborn:john":1},"minecraft:crafted":{"minecraft:wooden_sword":1,"minecraft:oak_planks":88,"minecraft:birch_slab":72,"minecraft:iron_boots":1,"improvableskills:skills_book":1,"minecraft:iron_axe":1,"minecraft:spruce_slab":42,"minecraft:stone_pickaxe":2,"minecraft:oak_slab":120,"minecraft:crafting_table":2,"minecraft:spruce_planks":28,"minecraft:wooden_pickaxe":1,"minecraft:iron_sword":1,"minecraft:bowl":4,"minecraft:stone_axe":1,"minecraft:air":0,"minecraft:iron_chestplate":1,"minecraft:book":2,"minecraft:paper":6,"minecraft:stick":16,"minecraft:iron_pickaxe":1,"minecraft:iron_ingot":1,"minecraft:stone_sword":3,"minecraft:gold_ingot":10,"minecraft:iron_leggings":1,"minecraft:white_bed":1},"minecraft:picked_up":{"minecraft:wheat":3,"minecraft:ladder":1,"minecraft:chicken":2,"minecraft:clay_ball":52,"silentgear:sinew":6,"minecraft:string":17,"minecraft:iron_axe":4,"minecraft:red_nether_bricks":1,"minecraft:candle":3,"minecraft:waxed_weathered_copper":1,"minecraft:spruce_planks":27,"graveyard:gravestone":2,"minecraft:beef":4,"minecraft:redstone_torch":10,"minecraft:cobblestone_slab":11,"minecraft:iron_pickaxe":2,"minecraft:spruce_slab":19,"minecraft:melon_slice":165,"minecraft:sugar_cane":6,"minecraft:chest":15,"minecraft:spruce_trapdoor":14,"minecraft:egg":2,"minecraft:raw_iron":2,"minecraft:stick":9,"minecraft:torch":9,"minecraft:porkchop":35,"minecraft:pointed_dripstone":2,"graveyard:yellow_urn":1,"minecraft:diorite":9,"graveyard:small_cyan_urn":1,"minecraft:carrot":547,"minecraft:redstone":1,"minecraft:dark_oak_planks":2,"minecraft:lime_candle":2,"minecraft:stone_sword":4,"minecraft:arrow":2,"minecraft:rotten_flesh":22,"minecraft:mutton":4,"minecraft:iron_bars":4,"minecraft:skeleton_skull":1,"minecraft:white_wool":2,"minecraft:cobblestone":270,"minecraft:birch_log":17,"minecraft:feather":3,"enemyexpansion:horsehead_helmet":3,"minecraft:andesite":17,"minecraft:leather":22,"minecraft:potato":1,"silentgear:blueprint_package":1,"minecraft:mushroom_stew":3,"minecraft:flint":2,"minecraft:oak_log":38,"minecraft:gunpowder":3,"minecraft:wither_skeleton_skull":1,"minecraft:dirt":221,"minecraft:polished_granite":1,"minecraft:bone":16,"minecraft:acacia_planks":3,"minecraft:apple":1,"minecraft:wheat_seeds":5,"minecraft:rabbit_hide":1,"minecraft:stone_pickaxe":6,"minecraft:rabbit":2,"minecraft:bamboo":2,"minecraft:moss_block":1,"minecraft:waxed_exposed_copper":1,"minecraft:soul_sand":1,"minecraft:oak_planks":16,"minecraft:oak_slab":1,"minecraft:pumpkin":7,"minecraft:gravel":34,"minecraft:stripped_spruce_log":34,"undead_unleashed:grave_metal_scrap":1,"minecraft:white_bed":8,"minecraft:spruce_log":18,"minecraft:barrel":11,"minecraft:leather_helmet":1,"alexsmobs:animal_dictionary":1,"minecraft:mossy_cobblestone":1,"minecraft:stone_axe":6,"improvableskills:skills_book":2,"minecraft:granite":17,"minecraft:bone_meal":3,"born_in_chaos_v1:rotten_fish":3,"minecraft:oak_sapling":2,"minecraft:melon_seeds":1,"minecraft:stripped_dark_oak_log":3,"minecraft:bricks":9,"minecraft:coal":7,"minecraft:oak_leaves":57,"minecraft:crimson_roots":1},"minecraft:mined":{"minecraft:dark_oak_planks":1,"minecraft:spruce_planks":23,"minecraft:white_bed":8,"minecraft:oak_sapling":3,"minecraft:mossy_cobblestone":1,"graveyard:yellow_urn":1,"minecraft:red_nether_bricks":3,"minecraft:spruce_trapdoor":23,"minecraft:granite":24,"minecraft:grass_block":111,"minecraft:stone_brick_wall":1,"minecraft:crimson_roots":1,"minecraft:redstone_wire":2,"minecraft:spruce_leaves":22,"minecraft:waxed_weathered_copper":1,"minecraft:large_fern":3,"graveyard:wither_skull_with_rib_cage":1,"minecraft:carrots":1,"graveyard:tg_moss_block":2,"minecraft:sticky_piston":3,"minecraft:iron_ore":2,"minecraft:barrel":11,"minecraft:stripped_spruce_log":31,"minecraft:andesite":19,"minecraft:pumpkin":6,"minecraft:pointed_dripstone":2,"minecraft:iron_bars":6,"minecraft:waxed_exposed_copper":2,"minecraft:stone":68,"minecraft:spruce_slab":20,"minecraft:podzol":13,"minecraft:oak_slab":1,"minecraft:soul_sand":1,"minecraft:crimson_nylium":1,"minecraft:stripped_dark_oak_log":3,"minecraft:polished_granite":4,"minecraft:clay":14,"minecraft:torch":2,"minecraft:melon":14,"minecraft:chest":8,"minecraft:tall_grass":1,"minecraft:cobblestone":10,"minecraft:bricks":9,"minecraft:sugar_cane":3,"minecraft:diorite":9,"graveyard:gravestone":1,"minecraft:skeleton_skull":2,"minecraft:spruce_stairs":8,"graveyard:vase_block":1,"graveyard:skull_with_rib_cage":1,"minecraft:nether_wart_block":1,"minecraft:redstone_torch":4,"minecraft:birch_log":18,"minecraft:spruce_log":18,"graveyard:skull_pile":2,"minecraft:grass":2,"minecraft:oak_log":28,"minecraft:coal_ore":7,"minecraft:gravel":31,"minecraft:dirt":30,"minecraft:cobweb":17,"graveyard:small_cyan_urn":1,"minecraft:wither_skeleton_skull":1}},"DataVersion":3120}