{"stats":{"minecraft:dropped":{"minecraft:birch_log":1},"minecraft:killed":{"minecraft:skeleton":2,"enemyexpansion:equestrian":1,"undead_revamp2:theswarmer":1},"minecraft:used":{"minecraft:stone_sword":14,"minecraft:melon_slice":4,"minecraft:stone_pickaxe":10,"minecraft:iron_helmet":1,"minecraft:stone_axe":19,"minecraft:cobblestone":5,"minecraft:oak_sapling":3,"minecraft:andesite":1},"minecraft:custom":{"minecraft:time_since_rest":15280,"minecraft:sprint_one_cm":33176,"minecraft:damage_taken":322,"minecraft:walk_one_cm":21920,"minecraft:mob_kills":6,"minecraft:drop":1,"minecraft:damage_dealt":1103,"minecraft:interact_with_crafting_table":2,"minecraft:talked_to_villager":4,"minecraft:fly_one_cm":38479,"minecraft:open_chest":62,"minecraft:crouch_one_cm":5695,"minecraft:play_time":15393,"minecraft:deaths":1,"minecraft:sneak_time":2418,"minecraft:jump":173,"minecraft:time_since_death":15250,"minecraft:total_world_time":15393,"minecraft:fall_one_cm":2483},"minecraft:killed_by":{"enemyexpansion:equestrian":1},"minecraft:crafted":{"minecraft:stone_pickaxe":1,"minecraft:stone_sword":1,"minecraft:stone_axe":1},"minecraft:mined":{"minecraft:podzol":2,"minecraft:oak_sapling":3,"minecraft:mossy_cobblestone":1,"minecraft:soul_sand":1,"minecraft:birch_log":1,"minecraft:andesite":2,"minecraft:clay":1,"minecraft:torch":1,"minecraft:grass_block":39,"minecraft:oak_log":16,"minecraft:melon":1,"minecraft:chest":3,"minecraft:gravel":6,"minecraft:cobblestone":7},"minecraft:picked_up":{"minecraft:birch_log":1,"minecraft:andesite":1,"minecraft:clay_ball":4,"minecraft:torch":1,"minecraft:gravel":6,"silentgear:blueprint_package":1,"minecraft:oak_log":16,"undead_unleashed:grave_metal_scrap":1,"minecraft:mossy_cobblestone":1,"minecraft:dirt":41,"alexsmobs:animal_dictionary":1,"minecraft:arrow":2,"minecraft:bone":5,"minecraft:rotten_flesh":4,"minecraft:bone_meal":2,"minecraft:oak_sapling":2,"minecraft:melon_slice":4,"minecraft:chest":3,"minecraft:soul_sand":1,"minecraft:cobblestone":5}},"DataVersion":3120}