{"stats":{"minecraft:broken":{"minecraft:iron_shovel":1,"minecraft:stone_pickaxe":1},"minecraft:killed":{"minecraft:zombified_piglin":2,"john_mod_reborn:john":1,"john_mod_reborn:hugging_john":1,"enemyexpansion:equestrian":3,"minecraft:spider":2,"undead_revamp2:thesmoker":1,"undead_revamp2:theswarmer":2,"creeperoverhaul:bamboo_creeper":3,"minecraft:skeleton":6,"minecraft:chicken":4,"born_in_chaos_v1:corpse_fish":1,"undead_revamp2:sucker":4,"graveyard:ghoul":1,"minecraft:creeper":4,"minecraft:zombie":4,"undead_unleashed:haunter":2,"minecraft:wither_skeleton":1,"minecraft:cow":13},"minecraft:dropped":{"minecraft:candle":3,"minecraft:wheat_seeds":4,"minecraft:cobblestone":174,"minecraft:dirt":122,"minecraft:crimson_roots":1,"minecraft:iron_axe":4,"minecraft:iron_pickaxe":1,"minecraft:lime_candle":4,"minecraft:birch_log":1,"minecraft:bone":5,"minecraft:wheat":4,"graveyard:gravestone":1,"minecraft:pink_candle":2,"minecraft:cobblestone_slab":11,"minecraft:chest":2,"minecraft:ladder":1,"minecraft:bamboo":2,"minecraft:polished_granite":1},"minecraft:used":{"minecraft:stone_sword":192,"minecraft:iron_shovel":73,"minecraft:spruce_slab":42,"minecraft:chest":3,"minecraft:iron_sword":33,"minecraft:torch":6,"minecraft:dirt":34,"minecraft:carrot":111,"minecraft:granite":28,"minecraft:glass":1,"minecraft:brown_terracotta":7,"minecraft:bricks":4,"minecraft:iron_axe":192,"minecraft:iron_helmet":1,"minecraft:bow":17,"minecraft:oak_sapling":3,"minecraft:cooked_beef":6,"minecraft:egg":4,"minecraft:potato":4,"minecraft:acacia_planks":2,"minecraft:orange_terracotta":5,"minecraft:cooked_mutton":1,"minecraft:water_bucket":9,"minecraft:diorite":38,"minecraft:red_nether_bricks":1,"minecraft:oak_planks":1,"minecraft:stone_pickaxe":185,"minecraft:wooden_pickaxe":2,"minecraft:sandstone":7,"minecraft:waxed_exposed_copper":1,"minecraft:mossy_cobblestone":48,"minecraft:yellow_terracotta":4,"minecraft:oak_slab":61,"minecraft:crafting_table":2,"minecraft:mushroom_stew":2,"minecraft:light_gray_terracotta":18,"minecraft:white_bed":9,"minecraft:mud":2,"minecraft:apple":4,"minecraft:melon_slice":27,"minecraft:birch_slab":72,"minecraft:iron_pickaxe":165,"minecraft:map":1,"minecraft:gravel":1,"graveyard:gravestone":1,"minecraft:red_terracotta":3,"minecraft:stone_axe":81,"minecraft:diamond_sword":4,"minecraft:wooden_sword":8,"minecraft:cobblestone":99,"minecraft:cooked_rabbit":1,"minecraft:andesite":5,"minecraft:bucket":8},"minecraft:custom":{"minecraft:mob_kills":63,"minecraft:animals_bred":2,"minecraft:interact_with_crafting_table":35,"minecraft:open_barrel":21,"minecraft:damage_dealt_resisted":14,"minecraft:leave_game":5,"minecraft:time_since_death":7425,"minecraft:climb_one_cm":1536,"minecraft:sprint_one_cm":404568,"minecraft:walk_one_cm":280101,"minecraft:drop":29,"minecraft:talked_to_villager":20,"minecraft:play_time":163378,"minecraft:sneak_time":28679,"minecraft:deaths":26,"minecraft:walk_under_water_one_cm":23620,"minecraft:boat_one_cm":700,"minecraft:jump":2672,"minecraft:walk_on_water_one_cm":12053,"minecraft:total_world_time":163378,"minecraft:interact_with_furnace":50,"minecraft:time_since_rest":7454,"minecraft:damage_taken":9682,"minecraft:damage_dealt":13212,"minecraft:player_kills":2,"minecraft:swim_one_cm":6132,"minecraft:fly_one_cm":681997,"minecraft:open_chest":392,"minecraft:crouch_one_cm":84781,"minecraft:fall_one_cm":61211,"minecraft:horse_one_cm":1202},"minecraft:killed_by":{"undead_revamp2:sucker":2,"minecraft:player":1,"undead_revamp2:the_moonflower":1,"enemyexpansion:trollenraged":1,"minecraft:wither_skeleton":1,"minecraft:creeper":2,"enemyexpansion:equestrian":2,"enemyexpansion:huntsman":2,"minecraft:skeleton":3,"john_mod_reborn:baby_john":1,"minecraft:zombie":1,"born_in_chaos_v1:corpse_fish":1,"undead_revamp2:thepregnant":1,"john_mod_reborn:john":1},"minecraft:crafted":{"minecraft:wooden_sword":1,"minecraft:oak_planks":88,"minecraft:cooked_chicken":3,"minecraft:birch_slab":72,"minecraft:cooked_mutton":4,"minecraft:glass_pane":16,"securitycraft:laser_block":1,"minecraft:glass":32,"minecraft:iron_boots":1,"improvableskills:skills_book":1,"minecraft:iron_axe":2,"minecraft:spruce_slab":42,"minecraft:stone_pickaxe":3,"minecraft:redstone_block":1,"minecraft:cooked_rabbit":1,"silentgear:dried_sinew":2,"minecraft:cooked_beef":15,"minecraft:oak_slab":120,"silentgear:sinew_fiber":3,"minecraft:crafting_table":2,"minecraft:spruce_planks":28,"minecraft:wooden_pickaxe":1,"minecraft:iron_sword":1,"minecraft:bowl":4,"minecraft:stone_axe":2,"minecraft:air":0,"minecraft:jungle_planks":4,"minecraft:iron_chestplate":1,"minecraft:book":2,"minecraft:paper":6,"minecraft:stick":24,"minecraft:iron_ingot":1,"minecraft:iron_pickaxe":2,"minecraft:stone_sword":4,"minecraft:iron_leggings":1,"minecraft:gold_ingot":27,"minecraft:white_bed":1,"securitycraft:universal_block_reinforcer_lvl1":1},"minecraft:picked_up":{"minecraft:mud":12,"minecraft:seagrass":2,"minecraft:charcoal":8,"minecraft:wheat":10,"minecraft:chicken":12,"minecraft:ladder":1,"minecraft:clay_ball":108,"minecraft:brown_mushroom":1,"minecraft:diamond_sword":1,"minecraft:cooked_rabbit":1,"minecraft:gilded_blackstone":1,"minecraft:dead_horn_coral_block":9,"silentgear:sinew":15,"minecraft:string":32,"minecraft:iron_axe":10,"minecraft:red_nether_bricks":1,"minecraft:candle":3,"minecraft:gold_nugget":2,"minecraft:waxed_weathered_copper":1,"graveyard:gravestone":2,"minecraft:spruce_planks":27,"minecraft:beef":32,"minecraft:redstone_torch":10,"minecraft:cobblestone_slab":11,"minecraft:iron_pickaxe":5,"minecraft:spruce_slab":19,"minecraft:melon_slice":251,"minecraft:sugar_cane":8,"minecraft:chest":37,"minecraft:spruce_trapdoor":14,"minecraft:egg":13,"minecraft:stick":59,"minecraft:raw_iron":10,"minecraft:sandstone":6,"minecraft:birch_trapdoor":2,"minecraft:torch":24,"minecraft:acacia_log":10,"minecraft:porkchop":37,"graveyard:yellow_urn":1,"minecraft:pointed_dripstone":2,"minecraft:diorite":26,"graveyard:small_cyan_urn":1,"minecraft:carrot":712,"minecraft:redstone":6,"minecraft:golden_chestplate":1,"minecraft:dark_oak_planks":2,"minecraft:lime_candle":2,"minecraft:stone_sword":8,"minecraft:arrow":28,"minecraft:rotten_flesh":31,"supplementaries:ash":1,"minecraft:white_terracotta":2,"minecraft:mutton":8,"minecraft:iron_bars":4,"minecraft:skeleton_skull":1,"minecraft:snowball":22,"minecraft:white_wool":5,"minecraft:cobblestone":542,"minecraft:birch_log":47,"minecraft:cooked_beef":4,"minecraft:feather":11,"enemyexpansion:horsehead_helmet":3,"minecraft:andesite":31,"minecraft:water_bucket":5,"minecraft:jungle_log":14,"minecraft:leather":41,"minecraft:red_mushroom":1,"minecraft:birch_planks":24,"minecraft:potato":4,"silentgear:blueprint_package":1,"minecraft:mushroom_stew":3,"minecraft:flint":7,"savage_and_ravage:creeper_spores":3,"minecraft:oak_log":89,"minecraft:gunpowder":3,"minecraft:wither_skeleton_skull":1,"minecraft:dirt":417,"minecraft:polished_granite":1,"minecraft:glass":25,"minecraft:bone":72,"minecraft:acacia_planks":8,"minecraft:apple":17,"minecraft:bow":1,"minecraft:wheat_seeds":12,"minecraft:raw_gold":9,"minecraft:rabbit_hide":4,"minecraft:stone_pickaxe":7,"minecraft:rabbit":3,"minecraft:bamboo":134,"minecraft:moss_block":2,"minecraft:iron_sword":3,"minecraft:oak_planks":18,"minecraft:waxed_exposed_copper":1,"minecraft:soul_sand":1,"minecraft:oak_slab":1,"minecraft:pumpkin":17,"minecraft:sweet_berries":2,"minecraft:spider_eye":1,"minecraft:spruce_sapling":10,"minecraft:dandelion":1,"minecraft:gravel":63,"minecraft:sand":3,"undead_unleashed:grave_metal_scrap":8,"minecraft:stripped_spruce_log":34,"minecraft:dead_bush":4,"minecraft:white_bed":8,"minecraft:spruce_log":41,"minecraft:mossy_cobblestone":5,"alexsmobs:animal_dictionary":1,"minecraft:dark_oak_log":7,"minecraft:barrel":11,"minecraft:leather_helmet":4,"minecraft:dark_prismarine":35,"minecraft:iron_hoe":1,"minecraft:slime_ball":3,"minecraft:stone_axe":7,"improvableskills:skills_book":2,"minecraft:granite":60,"minecraft:bone_meal":67,"minecraft:terracotta":4,"minecraft:oak_sapling":4,"born_in_chaos_v1:rotten_fish":168,"minecraft:melon_seeds":1,"minecraft:hopper":1,"minecraft:stripped_dark_oak_log":3,"minecraft:bricks":9,"minecraft:coal":33,"minecraft:oak_leaves":57,"minecraft:crimson_roots":1},"minecraft:mined":{"minecraft:dark_oak_planks":1,"minecraft:white_bed":8,"minecraft:spruce_planks":23,"minecraft:oak_sapling":3,"minecraft:mossy_cobblestone":5,"graveyard:yellow_urn":1,"minecraft:red_nether_bricks":3,"minecraft:spruce_trapdoor":23,"minecraft:granite":30,"minecraft:stone_brick_wall":1,"minecraft:grass_block":198,"minecraft:crimson_roots":1,"minecraft:redstone_wire":2,"minecraft:spruce_leaves":22,"minecraft:sandstone":6,"minecraft:waxed_weathered_copper":1,"minecraft:gilded_blackstone":1,"minecraft:large_fern":3,"graveyard:wither_skull_with_rib_cage":1,"minecraft:carrots":4,"graveyard:tg_moss_block":2,"minecraft:iron_ore":5,"minecraft:sticky_piston":3,"minecraft:barrel":11,"minecraft:fire":3,"minecraft:andesite":30,"minecraft:stripped_spruce_log":31,"minecraft:pumpkin":12,"minecraft:pointed_dripstone":2,"minecraft:cobblestone_slab":2,"minecraft:iron_bars":6,"minecraft:bamboo":2,"minecraft:waxed_exposed_copper":2,"minecraft:stone":131,"minecraft:spruce_slab":20,"minecraft:podzol":20,"minecraft:oak_slab":1,"minecraft:soul_sand":1,"minecraft:crimson_nylium":1,"minecraft:stripped_dark_oak_log":3,"minecraft:dandelion":1,"minecraft:polished_granite":4,"minecraft:clay":19,"minecraft:torch":3,"minecraft:melon":19,"minecraft:chest":17,"minecraft:glass":1,"minecraft:tall_grass":4,"minecraft:cobblestone":21,"minecraft:oak_planks":1,"graveyard:gravestone":1,"minecraft:sugar_cane":3,"minecraft:bricks":9,"minecraft:diorite":26,"minecraft:skeleton_skull":2,"minecraft:spruce_stairs":8,"graveyard:vase_block":1,"graveyard:skull_with_rib_cage":1,"minecraft:nether_wart_block":1,"minecraft:birch_log":34,"minecraft:redstone_torch":4,"minecraft:spruce_log":18,"graveyard:skull_pile":2,"minecraft:grass":10,"minecraft:coal_ore":12,"minecraft:oak_log":50,"minecraft:gravel":46,"minecraft:dirt":42,"minecraft:cobweb":17,"graveyard:small_cyan_urn":1,"minecraft:wither_skeleton_skull":1,"minecraft:acacia_planks":3}},"DataVersion":3120}