{"stats":{"minecraft:broken":{"minecraft:stone_pickaxe":1},"minecraft:killed":{"john_mod_reborn:john":1,"minecraft:spider":1,"enemyexpansion:equestrian":3,"undead_revamp2:thesmoker":1,"undead_revamp2:theswarmer":2,"minecraft:skeleton":2,"minecraft:chicken":1,"born_in_chaos_v1:corpse_fish":1,"undead_revamp2:sucker":3,"minecraft:creeper":2,"minecraft:zombie":1},"minecraft:dropped":{"minecraft:wheat_seeds":4,"minecraft:cobblestone":174,"minecraft:dirt":45,"minecraft:iron_axe":2,"minecraft:birch_log":1,"minecraft:wheat":3,"minecraft:cobblestone_slab":11,"minecraft:chest":2},"minecraft:used":{"minecraft:stone_sword":128,"minecraft:spruce_slab":42,"minecraft:chest":1,"minecraft:iron_sword":3,"minecraft:torch":6,"minecraft:dirt":13,"minecraft:carrot":74,"minecraft:granite":17,"minecraft:iron_helmet":1,"minecraft:oak_sapling":3,"minecraft:potato":1,"minecraft:acacia_planks":1,"minecraft:diorite":9,"minecraft:stone_pickaxe":167,"minecraft:oak_planks":1,"minecraft:wooden_pickaxe":2,"minecraft:oak_slab":61,"minecraft:crafting_table":2,"minecraft:mushroom_stew":2,"minecraft:white_bed":2,"minecraft:apple":4,"minecraft:birch_slab":72,"minecraft:melon_slice":27,"minecraft:map":1,"minecraft:stone_axe":81,"minecraft:wooden_sword":3,"minecraft:cobblestone":64,"minecraft:andesite":1},"minecraft:custom":{"minecraft:mob_kills":22,"minecraft:interact_with_crafting_table":23,"minecraft:open_barrel":5,"minecraft:leave_game":2,"minecraft:time_since_death":9646,"minecraft:sprint_one_cm":205785,"minecraft:walk_one_cm":136465,"minecraft:drop":14,"minecraft:talked_to_villager":18,"minecraft:play_time":84821,"minecraft:deaths":10,"minecraft:sneak_time":18860,"minecraft:walk_under_water_one_cm":17794,"minecraft:boat_one_cm":700,"minecraft:jump":1271,"minecraft:walk_on_water_one_cm":3776,"minecraft:total_world_time":84821,"minecraft:interact_with_furnace":9,"minecraft:time_since_rest":9684,"minecraft:damage_taken":3952,"minecraft:damage_dealt":6161,"minecraft:swim_one_cm":5176,"minecraft:fly_one_cm":324665,"minecraft:player_kills":1,"minecraft:open_chest":218,"minecraft:crouch_one_cm":57359,"minecraft:fall_one_cm":21214,"minecraft:horse_one_cm":1202},"minecraft:killed_by":{"minecraft:player":1,"undead_revamp2:sucker":1,"undead_revamp2:the_moonflower":1,"minecraft:creeper":1,"enemyexpansion:equestrian":1,"enemyexpansion:huntsman":2,"born_in_chaos_v1:corpse_fish":1},"minecraft:crafted":{"minecraft:wooden_sword":1,"minecraft:oak_planks":88,"minecraft:birch_slab":72,"minecraft:iron_boots":1,"improvableskills:skills_book":1,"minecraft:iron_axe":1,"minecraft:spruce_slab":42,"minecraft:stone_pickaxe":2,"minecraft:oak_slab":120,"minecraft:crafting_table":2,"minecraft:spruce_planks":28,"minecraft:wooden_pickaxe":1,"minecraft:iron_sword":1,"minecraft:bowl":4,"minecraft:stone_axe":1,"minecraft:air":0,"minecraft:iron_chestplate":1,"minecraft:book":2,"minecraft:paper":6,"minecraft:stick":16,"minecraft:iron_pickaxe":1,"minecraft:iron_ingot":1,"minecraft:stone_sword":3,"minecraft:gold_ingot":10,"minecraft:iron_leggings":1,"minecraft:white_bed":1},"minecraft:mined":{"minecraft:white_bed":1,"minecraft:oak_sapling":3,"minecraft:mossy_cobblestone":1,"graveyard:yellow_urn":1,"minecraft:spruce_trapdoor":1,"minecraft:granite":18,"minecraft:grass_block":111,"minecraft:stone_brick_wall":1,"minecraft:spruce_leaves":13,"minecraft:large_fern":2,"graveyard:wither_skull_with_rib_cage":1,"minecraft:carrots":1,"minecraft:iron_ore":2,"minecraft:andesite":19,"minecraft:pumpkin":6,"minecraft:iron_bars":4,"minecraft:stone":68,"minecraft:podzol":13,"minecraft:oak_slab":1,"minecraft:soul_sand":1,"minecraft:clay":14,"minecraft:torch":1,"minecraft:melon":14,"minecraft:chest":8,"minecraft:tall_grass":1,"minecraft:cobblestone":10,"minecraft:sugar_cane":3,"minecraft:diorite":9,"graveyard:gravestone":1,"minecraft:birch_log":18,"minecraft:spruce_log":11,"graveyard:skull_pile":1,"minecraft:oak_log":28,"minecraft:coal_ore":7,"minecraft:gravel":31,"minecraft:dirt":25,"minecraft:cobweb":16,"graveyard:small_cyan_urn":1,"minecraft:wither_skeleton_skull":1},"minecraft:picked_up":{"minecraft:wheat":3,"minecraft:chicken":2,"minecraft:clay_ball":52,"silentgear:sinew":6,"minecraft:string":17,"minecraft:iron_axe":2,"minecraft:candle":3,"graveyard:gravestone":1,"minecraft:beef":4,"minecraft:cobblestone_slab":11,"minecraft:melon_slice":165,"minecraft:sugar_cane":6,"minecraft:chest":15,"minecraft:spruce_trapdoor":1,"minecraft:raw_iron":2,"minecraft:stick":7,"minecraft:torch":8,"minecraft:porkchop":35,"graveyard:yellow_urn":1,"minecraft:diorite":9,"graveyard:small_cyan_urn":1,"minecraft:carrot":547,"minecraft:lime_candle":2,"minecraft:stone_sword":4,"minecraft:arrow":2,"minecraft:rotten_flesh":22,"minecraft:mutton":4,"minecraft:iron_bars":2,"minecraft:white_wool":2,"minecraft:cobblestone":270,"minecraft:birch_log":17,"minecraft:feather":3,"enemyexpansion:horsehead_helmet":3,"minecraft:andesite":17,"minecraft:leather":22,"minecraft:potato":1,"silentgear:blueprint_package":1,"minecraft:mushroom_stew":3,"minecraft:flint":2,"minecraft:oak_log":38,"minecraft:gunpowder":3,"minecraft:wither_skeleton_skull":1,"minecraft:dirt":215,"minecraft:bone":12,"minecraft:acacia_planks":3,"minecraft:apple":1,"minecraft:wheat_seeds":4,"minecraft:rabbit_hide":1,"minecraft:stone_pickaxe":6,"minecraft:rabbit":2,"minecraft:bamboo":2,"minecraft:soul_sand":1,"minecraft:oak_planks":16,"minecraft:oak_slab":1,"minecraft:pumpkin":7,"minecraft:gravel":34,"undead_unleashed:grave_metal_scrap":1,"minecraft:white_bed":1,"minecraft:spruce_log":11,"minecraft:leather_helmet":1,"alexsmobs:animal_dictionary":1,"minecraft:mossy_cobblestone":1,"minecraft:stone_axe":6,"improvableskills:skills_book":2,"minecraft:granite":17,"minecraft:bone_meal":3,"born_in_chaos_v1:rotten_fish":3,"minecraft:oak_sapling":2,"minecraft:melon_seeds":1,"minecraft:coal":7,"minecraft:oak_leaves":57}},"DataVersion":3120}