{"stats":{"minecraft:broken":{"minecraft:stone_axe":1,"minecraft:stone_sword":4,"minecraft:iron_pickaxe":1},"minecraft:dropped":{"silentgear:knife_blueprint":1,"minecraft:dirt":2,"minecraft:carrot":29,"minecraft:endermite_spawn_egg":1,"minecraft:horn_coral_fan":1,"born_in_chaos_v1:corpse_maggot":2,"minecraft:wheat_seeds":2,"minecraft:mossy_cobblestone":2,"minecraft:torch":45,"minecraft:iron_leggings":2,"minecraft:dandelion":1,"minecraft:iron_boots":2,"improvableskills:skills_book":1},"minecraft:killed":{"minecraft:witch":3,"minecraft:spider":3,"minecraft:pufferfish":1,"undead_revamp2:theswarmer":1,"john_mod_reborn:sprinting_john":1,"undead_revamp2:crackleball":1,"minecraft:magma_cube":3,"minecraft:parrot":1,"minecraft:creeper":1,"enemyexpansion:botfly":4,"minecraft:vex":11,"minecraft:endermite":1,"minecraft:vindicator":1,"born_in_chaos_v1:maggot":4,"minecraft:horse":1,"undead_revamp2:sucker":9,"minecraft:husk":5,"alexsmobs:cockroach":6,"john_mod_reborn:feral_baby_john_1":1},"minecraft:used":{"minecraft:moss_block":24,"minecraft:iron_shovel":51,"minecraft:dead_horn_coral_block":1,"minecraft:chest":19,"minecraft:iron_sword":94,"minecraft:zombie_spawn_egg":1,"minecraft:iron_chestplate":6,"minecraft:soul_sand":1,"minecraft:skeleton_spawn_egg":1,"minecraft:carrot":389,"minecraft:jungle_sapling":1,"minecraft:lava_bucket":5,"minecraft:grass_block":63,"minecraft:birch_sapling":4,"minecraft:iron_helmet":2,"minecraft:mossy_cobblestone_slab":27,"minecraft:bedrock":4,"minecraft:reinforced_deepslate":5,"minecraft:oak_sapling":9,"minecraft:furnace":3,"minecraft:egg":1,"minecraft:spider_spawn_egg":4,"minecraft:diorite":17,"minecraft:stone_pickaxe":150,"minecraft:prismarine":1,"minecraft:oak_planks":28,"minecraft:diamond_axe":23,"minecraft:sugar_cane":22,"minecraft:oak_leaves":64,"minecraft:sand":7,"minecraft:yellow_terracotta":1,"minecraft:creeper_spawn_egg":1,"minecraft:melon_slice":4,"minecraft:red_terracotta":1,"minecraft:deepslate":2,"minecraft:granite_slab":22,"minecraft:diamond_sword":149,"minecraft:andesite":18,"minecraft:diorite_slab":8,"minecraft:oak_trapdoor":82,"minecraft:oak_fence":15,"minecraft:trident":2,"minecraft:stone_sword":488,"minecraft:dead_tube_coral_block":3,"minecraft:stone_shovel":35,"twilightforest:glass_sword":4,"minecraft:spruce_planks":6,"minecraft:stone_hoe":11,"minecraft:torch":27,"minecraft:dirt":92,"cgm:workbench":1,"minecraft:white_carpet":6,"minecraft:hopper":6,"minecraft:cod_bucket":1,"minecraft:salmon_bucket":1,"minecraft:dead_brain_coral_block":9,"minecraft:spruce_fence":12,"minecraft:granite":13,"minecraft:iron_axe":67,"minecraft:spawner":4,"minecraft:iron_boots":4,"minecraft:bamboo":86,"minecraft:basalt":3,"minecraft:acacia_planks":8,"minecraft:dead_bubble_coral_block":3,"minecraft:cobbled_deepslate":195,"minecraft:iron_leggings":2,"minecraft:wheat_seeds":61,"minecraft:water_bucket":19,"minecraft:stonecutter":1,"minecraft:cobblestone_slab":729,"minecraft:mossy_cobblestone":93,"minecraft:terracotta":2,"minecraft:oak_slab":110,"minecraft:light_gray_concrete_powder":3,"minecraft:diamond_pickaxe":213,"minecraft:diamond_shovel":16,"minecraft:iron_pickaxe":155,"minecraft:stone_axe":148,"minecraft:cobblestone":755,"minecraft:cobbled_deepslate_slab":166,"minecraft:bucket":19,"minecraft:splash_potion":105},"minecraft:custom":{"minecraft:animals_bred":8,"minecraft:interact_with_crafting_table":60,"minecraft:leave_game":2,"minecraft:time_since_death":45,"minecraft:sprint_one_cm":1232051,"minecraft:drop":46,"minecraft:talked_to_villager":33,"minecraft:play_time":352826,"minecraft:deaths":56,"minecraft:jump":3789,"minecraft:walk_on_water_one_cm":12238,"minecraft:interact_with_furnace":54,"minecraft:traded_with_villager":5,"minecraft:damage_dealt":11685,"minecraft:player_kills":4,"minecraft:crouch_one_cm":29696,"minecraft:horse_one_cm":3987,"minecraft:mob_kills":57,"minecraft:damage_dealt_resisted":321,"minecraft:climb_one_cm":8583,"minecraft:walk_one_cm":758475,"minecraft:damage_dealt_absorbed":160,"minecraft:sneak_time":17646,"minecraft:walk_under_water_one_cm":33217,"minecraft:boat_one_cm":994,"minecraft:total_world_time":352826,"minecraft:time_since_rest":69,"minecraft:damage_taken":17812,"minecraft:swim_one_cm":435,"minecraft:fly_one_cm":1108578,"minecraft:open_chest":815,"minecraft:fall_one_cm":45838},"minecraft:killed_by":{"undead_revamp2:sucker":14,"john_mod_reborn:feral_baby_john_1":3,"minecraft:pufferfish":2,"undead_revamp2:bomber":1,"minecraft:witch":1,"minecraft:zombie":2,"minecraft:elder_guardian":2,"minecraft:vex":3,"minecraft:husk":3,"minecraft:player":5,"minecraft:wolf":1,"enemyexpansion:equestrian":2,"undead_revamp2:theswarmer":1,"undead_revamp2:therod":1,"minecraft:hoglin":1,"john_mod_reborn:baby_john":1,"minecraft:guardian":1,"john_mod_reborn:sprinting_john":5},"minecraft:crafted":{"minecraft:black_dye":1,"minecraft:light_gray_concrete_powder":8,"minecraft:oak_planks":16,"minecraft:cobblestone_slab":42,"minecraft:diamond_shovel":1,"minecraft:iron_boots":3,"improvableskills:skills_book":1,"minecraft:mossy_cobblestone_slab":114,"minecraft:stone_hoe":1,"minecraft:diamond_axe":1,"minecraft:spruce_planks":28,"minecraft:iron_helmet":3,"minecraft:birch_planks":4,"minecraft:charcoal":1,"minecraft:book":1,"minecraft:iron_chestplate":4,"minecraft:paper":3,"minecraft:diamond_pickaxe":4,"minecraft:shield":1,"minecraft:stick":164,"minecraft:iron_pickaxe":3,"minecraft:iron_ingot":119,"minecraft:stone_sword":5,"minecraft:gold_ingot":1,"minecraft:light_gray_dye":2,"minecraft:shears":2,"minecraft:stone_shovel":3,"minecraft:pointed_dripstone":10,"minecraft:furnace":3,"minecraft:gray_dye":2,"minecraft:spruce_fence":15,"minecraft:white_carpet":3,"minecraft:iron_axe":3,"minecraft:stone_pickaxe":3,"cgm:workbench":1,"minecraft:diamond_sword":2,"minecraft:iron_sword":2,"minecraft:stone_axe":5,"minecraft:air":0,"minecraft:jungle_planks":4,"minecraft:white_dye":2,"minecraft:iron_shovel":2,"minecraft:iron_leggings":3,"minecraft:acacia_planks":12,"minecraft:torch":32,"minecraft:diorite_slab":6,"minecraft:granite_slab":18},"minecraft:mined":{"minecraft:attached_melon_stem":3,"minecraft:oak_sapling":1,"minecraft:jungle_leaves":4,"minecraft:red_nether_bricks":7,"minecraft:granite":4,"minecraft:red_sand":19,"minecraft:acacia_log":16,"minecraft:grass_block":50,"minecraft:jungle_log":77,"minecraft:soul_soil":3,"minecraft:bubble_coral_block":1,"minecraft:tube_coral_block":2,"minecraft:mossy_cobblestone_slab":4,"minecraft:iron_ore":20,"minecraft:fire":15,"minecraft:pumpkin":1,"minecraft:granite_slab":6,"minecraft:light_gray_concrete":3,"minecraft:brain_coral_block":5,"minecraft:jungle_door":2,"minecraft:blackstone":5,"minecraft:melon_stem":1,"minecraft:orange_terracotta":3,"minecraft:clay":1,"minecraft:torch":7,"minecraft:melon":9,"minecraft:chest":22,"minecraft:cobblestone":167,"minecraft:bricks":1,"minecraft:sugar_cane":18,"minecraft:prismarine":28,"minecraft:oak_planks":15,"minecraft:wall_torch":1,"minecraft:warped_nylium":1,"minecraft:birch_log":6,"minecraft:wheat":43,"minecraft:grass":6,"minecraft:oak_log":40,"minecraft:sand":30,"minecraft:dirt":48,"minecraft:netherrack":3,"minecraft:oak_leaves":11,"minecraft:horn_coral_block":2,"minecraft:dark_prismarine":24,"minecraft:diamond_ore":4,"minecraft:mossy_cobblestone":92,"minecraft:dark_oak_log":12,"minecraft:sea_lantern":4,"minecraft:nether_bricks":4,"minecraft:redstone_wire":33,"minecraft:moss_block":5,"minecraft:diorite_slab":3,"minecraft:redstone_ore":9,"minecraft:carrots":57,"minecraft:andesite":3,"minecraft:cobblestone_slab":10,"minecraft:stripped_jungle_log":1,"minecraft:packed_ice":2,"minecraft:bamboo":362,"minecraft:stone":15,"minecraft:fire_coral_block":3,"minecraft:soul_sand":3,"minecraft:snow_block":2,"minecraft:basalt":1,"minecraft:sponge":4,"minecraft:tall_grass":2,"minecraft:diorite":13,"minecraft:warped_wart_block":1,"minecraft:prismarine_bricks":22,"minecraft:white_carpet":3,"minecraft:birch_leaves":2,"minecraft:dead_brain_coral_block":1,"minecraft:coal_ore":16,"minecraft:gravel":10,"minecraft:cobweb":25,"minecraft:terracotta":3,"minecraft:gold_ore":8},"minecraft:picked_up":{"minecraft:iron_chestplate":7,"minecraft:wheat":429,"silentgear:spear_blueprint":1,"minecraft:prismarine_shard":6,"minecraft:lead":1,"minecraft:diamond_sword":5,"minecraft:gilded_blackstone":4,"minecraft:cod_bucket":1,"silentgear:sinew":1,"minecraft:string":39,"minecraft:dead_tube_coral_block":3,"minecraft:soul_soil":4,"minecraft:red_nether_bricks":17,"minecraft:iron_leggings":8,"minecraft:sea_pickle":5,"minecraft:red_sand":73,"minecraft:spruce_planks":25,"minecraft:bubble_coral":2,"minecraft:cobblestone_slab":8,"minecraft:iron_pickaxe":14,"minecraft:melon_slice":45,"minecraft:iron_boots":5,"minecraft:tipped_arrow":2,"minecraft:stick":39,"minecraft:jungle_door":2,"minecraft:brown_terracotta":3,"minecraft:acacia_log":22,"minecraft:torch":29,"minecraft:porkchop":3,"minecraft:dried_kelp":1,"minecraft:diorite":36,"minecraft:black_dye":3,"minecraft:stone_sword":17,"minecraft:rotten_flesh":37,"minecraft:salmon_bucket":1,"minecraft:tropical_fish":2,"silentgear:axe_blueprint":1,"minecraft:red_tulip":4,"silentgear:shovel_blueprint":1,"minecraft:white_terracotta":2,"supplementaries:ash":1,"minecraft:cod":1,"minecraft:snowball":36,"minecraft:cobblestone":848,"minecraft:sponge":18,"minecraft:birch_log":27,"minecraft:magma_block":8,"minecraft:mossy_cobblestone_slab":1,"minecraft:feather":19,"minecraft:andesite":32,"minecraft:jungle_log":138,"minecraft:potato":12,"minecraft:flint":5,"minecraft:prismarine_bricks":87,"minecraft:horn_coral":1,"minecraft:dirt":439,"minecraft:lapis_lazuli":13,"minecraft:bone":14,"minecraft:acacia_planks":4,"minecraft:wheat_seeds":513,"minecraft:raw_gold":18,"minecraft:bamboo":3326,"croptopia:roe":10,"minecraft:moss_block":9,"minecraft:prismarine":42,"minecraft:oak_planks":18,"minecraft:brain_coral":6,"minecraft:warped_wart_block":12,"minecraft:sand":78,"minecraft:granite_slab":4,"minecraft:ink_sac":3,"minecraft:dead_bush":4,"minecraft:red_terracotta":2,"minecraft:dark_oak_log":21,"alexsmobs:animal_dictionary":1,"minecraft:mossy_cobblestone":301,"minecraft:dark_prismarine":42,"minecraft:iron_hoe":1,"minecraft:light_gray_concrete":3,"minecraft:sugar":17,"minecraft:diamond":19,"improvableskills:skills_book":1,"minecraft:writable_book":3,"minecraft:dead_brain_coral_block":14,"minecraft:granite":6,"minecraft:grass":2,"minecraft:bone_meal":21,"minecraft:horse_spawn_egg":2,"minecraft:bread":2,"minecraft:emerald":9,"born_in_chaos_v1:rotten_fish":19,"minecraft:oak_sapling":4,"minecraft:netherrack":15,"minecraft:bricks":2,"minecraft:diamond_pickaxe":6,"rottencreatures:magma_rotten_flesh":2,"silentgear:rod_blueprint":1,"minecraft:cocoa_beans":4,"minecraft:mud":5,"minecraft:splash_potion":1,"minecraft:clay_ball":64,"minecraft:brown_mushroom":2,"silentgear:shield_blueprint":1,"silentgear:pickaxe_blueprint":1,"minecraft:diorite_slab":2,"minecraft:dead_horn_coral_block":3,"minecraft:shield":4,"quark:jungle_ladder":4,"minecraft:iron_axe":5,"minecraft:white_carpet":3,"minecraft:iron_shovel":9,"minecraft:blackstone":15,"minecraft:oak_boat":1,"minecraft:jungle_sapling":6,"minecraft:sugar_cane":26,"minecraft:chest":37,"minecraft:birch_sapling":12,"minecraft:egg":2,"minecraft:raw_iron":55,"minecraft:music_disc_11":1,"minecraft:trident":1,"minecraft:carrot":2796,"minecraft:redstone":409,"minecraft:prismarine_crystals":42,"minecraft:arrow":6,"minecraft:tube_coral":8,"minecraft:stone_shovel":8,"minecraft:beetroot_seeds":1,"minecraft:tube_coral_fan":2,"minecraft:nether_bricks":13,"minecraft:yellow_terracotta":24,"silentgear:knife_blueprint":2,"minecraft:white_wool":11,"born_in_chaos_v1:corpse_maggot":8,"minecraft:basalt":9,"minecraft:salmon":6,"minecraft:leather":1,"minecraft:music_disc_stal":2,"minecraft:red_mushroom":2,"savage_and_ravage:creeper_spores":18,"minecraft:oak_log":105,"minecraft:ancient_debris":2,"minecraft:gunpowder":13,"minecraft:paper":2,"minecraft:orange_terracotta":12,"minecraft:apple":7,"minecraft:kelp":7,"minecraft:red_sandstone":10,"alexsmobs:cockroach_wing_fragment":3,"minecraft:iron_ingot":1,"minecraft:stone_pickaxe":12,"minecraft:glass_bottle":4,"minecraft:iron_sword":3,"minecraft:soul_sand":3,"minecraft:music_disc_chirp":2,"minecraft:pumpkin":1,"minecraft:quartz":28,"minecraft:dandelion":1,"minecraft:gravel":43,"minecraft:brain_coral_fan":1,"minecraft:dead_fire_coral_block":16,"undead_unleashed:grave_metal_scrap":5,"minecraft:spruce_sapling":2,"minecraft:spruce_log":3,"minecraft:spider_eye":2,"minecraft:stripped_jungle_log":6,"minecraft:diamond_shovel":4,"minecraft:pumpkin_seeds":1,"minecraft:stone_axe":17,"minecraft:dead_bubble_coral_block":10,"minecraft:iron_helmet":9,"minecraft:diamond_axe":5,"minecraft:terracotta":16,"minecraft:melon_seeds":7,"minecraft:coal":69,"minecraft:pink_dye":5}},"DataVersion":3120}