{"stats":{"minecraft:broken":{"minecraft:stone_sword":2},"minecraft:dropped":{"silentgear:knife_blueprint":1,"minecraft:dirt":2,"minecraft:endermite_spawn_egg":1,"minecraft:horn_coral_fan":1,"born_in_chaos_v1:corpse_maggot":2,"minecraft:wheat_seeds":2,"minecraft:mossy_cobblestone":2,"minecraft:iron_leggings":2,"minecraft:dandelion":1,"minecraft:iron_boots":2},"minecraft:killed":{"minecraft:witch":1,"minecraft:spider":1,"minecraft:pufferfish":1,"undead_revamp2:theswarmer":1,"john_mod_reborn:sprinting_john":1,"undead_revamp2:crackleball":1,"minecraft:magma_cube":3,"minecraft:parrot":1,"minecraft:creeper":1,"enemyexpansion:botfly":4,"minecraft:vex":2,"minecraft:endermite":1,"minecraft:vindicator":1,"born_in_chaos_v1:maggot":4,"undead_revamp2:sucker":2,"minecraft:husk":5,"alexsmobs:cockroach":6},"minecraft:used":{"minecraft:moss_block":24,"minecraft:iron_shovel":51,"minecraft:dead_horn_coral_block":1,"minecraft:chest":19,"minecraft:iron_sword":94,"minecraft:zombie_spawn_egg":1,"minecraft:iron_chestplate":6,"minecraft:soul_sand":1,"minecraft:skeleton_spawn_egg":1,"minecraft:carrot":360,"minecraft:lava_bucket":5,"minecraft:grass_block":63,"minecraft:iron_helmet":2,"minecraft:bedrock":4,"minecraft:reinforced_deepslate":5,"minecraft:furnace":3,"minecraft:spider_spawn_egg":4,"minecraft:diorite":17,"minecraft:stone_pickaxe":49,"minecraft:prismarine":1,"minecraft:oak_planks":28,"minecraft:diamond_axe":23,"minecraft:sugar_cane":10,"minecraft:oak_leaves":64,"minecraft:sand":7,"minecraft:yellow_terracotta":1,"minecraft:creeper_spawn_egg":1,"minecraft:melon_slice":2,"minecraft:red_terracotta":1,"minecraft:deepslate":2,"minecraft:granite_slab":22,"minecraft:diamond_sword":149,"minecraft:andesite":15,"minecraft:diorite_slab":8,"minecraft:oak_trapdoor":82,"minecraft:oak_fence":15,"minecraft:trident":2,"minecraft:stone_sword":211,"minecraft:dead_tube_coral_block":3,"minecraft:stone_shovel":11,"twilightforest:glass_sword":4,"minecraft:spruce_planks":6,"minecraft:stone_hoe":11,"minecraft:torch":22,"minecraft:dirt":42,"minecraft:white_carpet":6,"minecraft:hopper":6,"minecraft:dead_brain_coral_block":9,"minecraft:spruce_fence":12,"minecraft:granite":13,"minecraft:iron_axe":67,"minecraft:spawner":4,"minecraft:iron_boots":4,"minecraft:bamboo":86,"minecraft:basalt":3,"minecraft:acacia_planks":8,"minecraft:dead_bubble_coral_block":3,"minecraft:cobbled_deepslate":195,"minecraft:iron_leggings":2,"minecraft:wheat_seeds":61,"minecraft:water_bucket":17,"minecraft:stonecutter":1,"minecraft:cobblestone_slab":729,"minecraft:mossy_cobblestone":12,"minecraft:terracotta":2,"minecraft:oak_slab":110,"minecraft:diamond_pickaxe":173,"minecraft:diamond_shovel":16,"minecraft:iron_pickaxe":102,"minecraft:stone_axe":31,"minecraft:cobblestone":755,"minecraft:cobbled_deepslate_slab":166,"minecraft:bucket":17,"minecraft:splash_potion":105},"minecraft:custom":{"minecraft:animals_bred":8,"minecraft:interact_with_crafting_table":49,"minecraft:leave_game":2,"minecraft:time_since_death":1962,"minecraft:sprint_one_cm":1035033,"minecraft:drop":15,"minecraft:talked_to_villager":33,"minecraft:play_time":292826,"minecraft:deaths":46,"minecraft:jump":3090,"minecraft:walk_on_water_one_cm":10138,"minecraft:interact_with_furnace":50,"minecraft:traded_with_villager":5,"minecraft:damage_dealt":6627,"minecraft:player_kills":4,"minecraft:crouch_one_cm":23651,"minecraft:horse_one_cm":977,"minecraft:mob_kills":38,"minecraft:damage_dealt_resisted":15,"minecraft:walk_one_cm":638817,"minecraft:damage_dealt_absorbed":40,"minecraft:sneak_time":12673,"minecraft:walk_under_water_one_cm":28115,"minecraft:boat_one_cm":994,"minecraft:total_world_time":292826,"minecraft:time_since_rest":1987,"minecraft:damage_taken":14305,"minecraft:fly_one_cm":978908,"minecraft:open_chest":648,"minecraft:fall_one_cm":33029},"minecraft:killed_by":{"undead_revamp2:sucker":10,"john_mod_reborn:feral_baby_john_1":2,"minecraft:pufferfish":2,"minecraft:witch":1,"minecraft:zombie":2,"minecraft:elder_guardian":2,"minecraft:vex":3,"minecraft:husk":3,"minecraft:player":5,"minecraft:wolf":1,"enemyexpansion:equestrian":1,"undead_revamp2:therod":1,"minecraft:hoglin":1,"minecraft:guardian":1,"john_mod_reborn:sprinting_john":5},"minecraft:crafted":{"minecraft:oak_planks":16,"minecraft:cobblestone_slab":42,"minecraft:diamond_shovel":1,"minecraft:iron_boots":3,"minecraft:stone_hoe":1,"minecraft:diamond_axe":1,"minecraft:spruce_planks":28,"minecraft:iron_helmet":3,"minecraft:birch_planks":4,"minecraft:book":1,"minecraft:iron_chestplate":4,"minecraft:paper":3,"minecraft:diamond_pickaxe":4,"minecraft:shield":1,"minecraft:stick":132,"minecraft:iron_pickaxe":3,"minecraft:iron_ingot":111,"minecraft:stone_sword":3,"minecraft:shears":2,"minecraft:stone_shovel":2,"minecraft:pointed_dripstone":10,"minecraft:furnace":3,"minecraft:spruce_fence":15,"minecraft:white_carpet":3,"minecraft:iron_axe":3,"minecraft:stone_pickaxe":2,"minecraft:diamond_sword":2,"minecraft:iron_sword":2,"minecraft:stone_axe":4,"minecraft:air":0,"minecraft:jungle_planks":4,"minecraft:iron_shovel":2,"minecraft:iron_leggings":3,"minecraft:acacia_planks":12,"minecraft:diorite_slab":6,"minecraft:granite_slab":18},"minecraft:mined":{"minecraft:attached_melon_stem":3,"minecraft:oak_sapling":1,"minecraft:red_nether_bricks":2,"minecraft:granite":3,"minecraft:red_sand":19,"minecraft:acacia_log":16,"minecraft:grass_block":28,"minecraft:jungle_log":30,"minecraft:soul_soil":3,"minecraft:bubble_coral_block":1,"minecraft:tube_coral_block":2,"minecraft:iron_ore":11,"minecraft:fire":12,"minecraft:pumpkin":1,"minecraft:granite_slab":6,"minecraft:brain_coral_block":5,"minecraft:blackstone":2,"minecraft:melon_stem":1,"minecraft:orange_terracotta":3,"minecraft:clay":1,"minecraft:torch":6,"minecraft:melon":9,"minecraft:chest":16,"minecraft:cobblestone":114,"minecraft:sugar_cane":8,"minecraft:prismarine":28,"minecraft:oak_planks":10,"minecraft:warped_nylium":1,"minecraft:birch_log":1,"minecraft:wheat":43,"minecraft:grass":6,"minecraft:oak_log":9,"minecraft:sand":30,"minecraft:dirt":40,"minecraft:oak_leaves":3,"minecraft:horn_coral_block":2,"minecraft:dark_prismarine":23,"minecraft:diamond_ore":2,"minecraft:mossy_cobblestone":4,"minecraft:dark_oak_log":12,"minecraft:sea_lantern":4,"minecraft:nether_bricks":3,"minecraft:redstone_wire":33,"minecraft:moss_block":5,"minecraft:diorite_slab":3,"minecraft:redstone_ore":5,"minecraft:carrots":57,"minecraft:andesite":2,"minecraft:cobblestone_slab":10,"minecraft:packed_ice":2,"minecraft:bamboo":272,"minecraft:stone":14,"minecraft:fire_coral_block":3,"minecraft:soul_sand":3,"minecraft:snow_block":2,"minecraft:basalt":1,"minecraft:sponge":4,"minecraft:tall_grass":2,"minecraft:diorite":13,"minecraft:warped_wart_block":1,"minecraft:prismarine_bricks":22,"minecraft:white_carpet":3,"minecraft:birch_leaves":1,"minecraft:dead_brain_coral_block":1,"minecraft:coal_ore":11,"minecraft:gravel":10,"minecraft:cobweb":23,"minecraft:terracotta":3,"minecraft:gold_ore":6},"minecraft:picked_up":{"minecraft:iron_chestplate":7,"minecraft:wheat":429,"silentgear:spear_blueprint":1,"minecraft:prismarine_shard":3,"minecraft:diamond_sword":5,"minecraft:gilded_blackstone":4,"silentgear:sinew":1,"minecraft:string":29,"minecraft:dead_tube_coral_block":3,"minecraft:soul_soil":4,"minecraft:red_nether_bricks":12,"minecraft:iron_leggings":8,"minecraft:sea_pickle":3,"minecraft:red_sand":21,"minecraft:spruce_planks":25,"minecraft:bubble_coral":2,"minecraft:cobblestone_slab":8,"minecraft:iron_pickaxe":11,"minecraft:melon_slice":43,"minecraft:iron_boots":5,"minecraft:tipped_arrow":2,"minecraft:stick":32,"minecraft:brown_terracotta":3,"minecraft:acacia_log":22,"minecraft:torch":13,"minecraft:porkchop":3,"minecraft:dried_kelp":1,"minecraft:diorite":36,"minecraft:stone_sword":13,"minecraft:rotten_flesh":35,"minecraft:tropical_fish":2,"silentgear:axe_blueprint":1,"minecraft:red_tulip":4,"silentgear:shovel_blueprint":1,"minecraft:white_terracotta":2,"supplementaries:ash":1,"minecraft:cod":1,"minecraft:snowball":36,"minecraft:cobblestone":633,"minecraft:sponge":18,"minecraft:birch_log":12,"minecraft:magma_block":8,"minecraft:feather":9,"minecraft:andesite":22,"minecraft:jungle_log":35,"minecraft:potato":12,"minecraft:flint":5,"minecraft:prismarine_bricks":87,"minecraft:horn_coral":1,"minecraft:dirt":333,"minecraft:lapis_lazuli":3,"minecraft:bone":10,"minecraft:acacia_planks":4,"minecraft:wheat_seeds":513,"minecraft:raw_gold":14,"minecraft:bamboo":2444,"croptopia:roe":10,"minecraft:moss_block":9,"minecraft:prismarine":40,"minecraft:oak_planks":10,"minecraft:brain_coral":6,"minecraft:warped_wart_block":12,"minecraft:sand":78,"minecraft:granite_slab":4,"minecraft:ink_sac":3,"minecraft:dead_bush":4,"minecraft:red_terracotta":2,"minecraft:dark_oak_log":21,"alexsmobs:animal_dictionary":1,"minecraft:mossy_cobblestone":85,"minecraft:dark_prismarine":40,"minecraft:sugar":5,"minecraft:diamond":15,"minecraft:writable_book":1,"minecraft:dead_brain_coral_block":14,"minecraft:granite":5,"minecraft:bone_meal":19,"minecraft:horse_spawn_egg":2,"minecraft:emerald":9,"born_in_chaos_v1:rotten_fish":19,"minecraft:oak_sapling":2,"minecraft:netherrack":12,"minecraft:diamond_pickaxe":5,"rottencreatures:magma_rotten_flesh":2,"silentgear:rod_blueprint":1,"minecraft:mud":5,"minecraft:splash_potion":1,"minecraft:clay_ball":64,"minecraft:brown_mushroom":2,"silentgear:shield_blueprint":1,"silentgear:pickaxe_blueprint":1,"minecraft:diorite_slab":2,"minecraft:dead_horn_coral_block":3,"minecraft:shield":4,"quark:jungle_ladder":4,"minecraft:iron_axe":5,"minecraft:white_carpet":3,"minecraft:iron_shovel":9,"minecraft:blackstone":12,"minecraft:oak_boat":1,"minecraft:sugar_cane":11,"minecraft:chest":27,"minecraft:birch_sapling":2,"minecraft:egg":1,"minecraft:raw_iron":38,"minecraft:music_disc_11":1,"minecraft:trident":1,"minecraft:carrot":2117,"minecraft:redstone":314,"minecraft:prismarine_crystals":42,"minecraft:arrow":6,"minecraft:tube_coral":8,"minecraft:stone_shovel":3,"minecraft:nether_bricks":11,"minecraft:yellow_terracotta":15,"silentgear:knife_blueprint":2,"minecraft:white_wool":11,"born_in_chaos_v1:corpse_maggot":8,"minecraft:basalt":9,"minecraft:salmon":6,"minecraft:leather":1,"minecraft:red_mushroom":2,"savage_and_ravage:creeper_spores":18,"minecraft:oak_log":12,"minecraft:ancient_debris":2,"minecraft:gunpowder":13,"minecraft:orange_terracotta":12,"minecraft:apple":4,"minecraft:kelp":7,"alexsmobs:cockroach_wing_fragment":3,"minecraft:iron_ingot":1,"minecraft:stone_pickaxe":9,"minecraft:iron_sword":3,"minecraft:soul_sand":3,"minecraft:music_disc_chirp":2,"minecraft:pumpkin":1,"minecraft:quartz":28,"minecraft:dandelion":1,"minecraft:gravel":43,"minecraft:brain_coral_fan":1,"minecraft:dead_fire_coral_block":16,"undead_unleashed:grave_metal_scrap":5,"minecraft:spruce_sapling":2,"minecraft:spruce_log":3,"minecraft:diamond_shovel":4,"minecraft:pumpkin_seeds":1,"minecraft:stone_axe":8,"minecraft:dead_bubble_coral_block":10,"minecraft:iron_helmet":9,"minecraft:diamond_axe":5,"minecraft:terracotta":16,"minecraft:melon_seeds":7,"minecraft:coal":48,"minecraft:pink_dye":5}},"DataVersion":3120}