{"stats":{"minecraft:killed_by":{"minecraft:husk":3,"minecraft:player":2,"minecraft:wolf":1,"enemyexpansion:equestrian":1,"minecraft:pufferfish":2,"undead_revamp2:therod":1,"minecraft:hoglin":1,"minecraft:witch":1,"minecraft:zombie":2,"john_mod_reborn:sprinting_john":5,"minecraft:vex":3},"minecraft:crafted":{"minecraft:oak_planks":16,"minecraft:cobblestone_slab":42,"minecraft:pointed_dripstone":10,"minecraft:furnace":3,"minecraft:diamond_shovel":1,"minecraft:spruce_fence":15,"minecraft:white_carpet":3,"minecraft:iron_boots":3,"minecraft:iron_axe":3,"minecraft:stone_hoe":1,"minecraft:diamond_sword":2,"minecraft:diamond_axe":1,"minecraft:spruce_planks":28,"minecraft:iron_helmet":3,"minecraft:iron_sword":2,"minecraft:air":0,"minecraft:iron_chestplate":4,"minecraft:diamond_pickaxe":3,"minecraft:shield":1,"minecraft:stick":82,"minecraft:iron_ingot":110,"minecraft:iron_pickaxe":3,"minecraft:stone_sword":1,"minecraft:iron_shovel":2,"minecraft:iron_leggings":3,"minecraft:acacia_planks":12,"minecraft:diorite_slab":6,"minecraft:granite_slab":18,"minecraft:shears":2},"minecraft:picked_up":{"silentgear:rod_blueprint":1,"minecraft:mud":5,"minecraft:iron_chestplate":7,"minecraft:wheat":154,"minecraft:brown_mushroom":2,"minecraft:splash_potion":1,"silentgear:spear_blueprint":1,"minecraft:clay_ball":56,"minecraft:prismarine_shard":3,"minecraft:diamond_sword":5,"silentgear:shield_blueprint":1,"silentgear:pickaxe_blueprint":1,"minecraft:gilded_blackstone":4,"minecraft:dead_horn_coral_block":2,"minecraft:shield":4,"minecraft:soul_soil":4,"minecraft:red_nether_bricks":12,"silentgear:sinew":1,"minecraft:string":23,"minecraft:dead_tube_coral_block":3,"minecraft:iron_axe":5,"minecraft:iron_leggings":8,"minecraft:white_carpet":3,"minecraft:iron_shovel":6,"minecraft:blackstone":12,"minecraft:sea_pickle":3,"minecraft:red_sand":21,"minecraft:spruce_planks":25,"minecraft:oak_boat":1,"minecraft:bubble_coral":2,"minecraft:cobblestone_slab":4,"minecraft:iron_pickaxe":5,"minecraft:melon_slice":43,"minecraft:sugar_cane":4,"minecraft:chest":23,"minecraft:birch_sapling":2,"minecraft:iron_boots":5,"minecraft:egg":1,"minecraft:tipped_arrow":2,"minecraft:stick":2,"minecraft:raw_iron":32,"minecraft:brown_terracotta":3,"minecraft:torch":12,"minecraft:acacia_log":22,"minecraft:porkchop":3,"minecraft:dried_kelp":1,"minecraft:music_disc_11":1,"minecraft:diorite":23,"minecraft:carrot":1186,"minecraft:redstone":58,"minecraft:prismarine_crystals":21,"minecraft:tube_coral":4,"minecraft:arrow":2,"minecraft:rotten_flesh":33,"minecraft:tropical_fish":2,"minecraft:nether_bricks":11,"silentgear:axe_blueprint":1,"minecraft:red_tulip":4,"minecraft:yellow_terracotta":15,"silentgear:shovel_blueprint":1,"supplementaries:ash":1,"minecraft:white_terracotta":2,"minecraft:snowball":8,"minecraft:white_wool":11,"silentgear:knife_blueprint":2,"minecraft:cobblestone":334,"minecraft:sponge":7,"minecraft:birch_log":12,"born_in_chaos_v1:corpse_maggot":7,"minecraft:magma_block":8,"minecraft:feather":9,"minecraft:basalt":9,"minecraft:salmon":2,"minecraft:andesite":17,"minecraft:jungle_log":34,"minecraft:leather":1,"minecraft:red_mushroom":2,"minecraft:potato":1,"minecraft:flint":4,"savage_and_ravage:creeper_spores":18,"minecraft:oak_log":7,"minecraft:prismarine_bricks":42,"minecraft:ancient_debris":2,"minecraft:gunpowder":11,"minecraft:horn_coral":1,"minecraft:lapis_lazuli":3,"minecraft:dirt":322,"minecraft:orange_terracotta":12,"minecraft:bone":9,"minecraft:acacia_planks":4,"minecraft:apple":4,"minecraft:kelp":4,"minecraft:wheat_seeds":352,"minecraft:raw_gold":13,"alexsmobs:cockroach_wing_fragment":3,"minecraft:iron_ingot":1,"minecraft:bamboo":1587,"minecraft:moss_block":9,"croptopia:roe":4,"minecraft:prismarine":35,"minecraft:oak_planks":10,"minecraft:iron_sword":3,"minecraft:soul_sand":3,"minecraft:music_disc_chirp":2,"minecraft:pumpkin":1,"minecraft:quartz":8,"minecraft:warped_wart_block":12,"minecraft:brain_coral_fan":1,"minecraft:gravel":30,"minecraft:dead_fire_coral_block":7,"minecraft:sand":59,"undead_unleashed:grave_metal_scrap":5,"minecraft:granite_slab":1,"minecraft:ink_sac":1,"minecraft:dead_bush":4,"minecraft:red_terracotta":2,"minecraft:dark_oak_log":9,"alexsmobs:animal_dictionary":1,"minecraft:mossy_cobblestone":85,"minecraft:dark_prismarine":28,"minecraft:diamond_shovel":4,"minecraft:pumpkin_seeds":1,"minecraft:sugar":5,"minecraft:diamond":15,"minecraft:writable_book":1,"minecraft:dead_bubble_coral_block":2,"minecraft:dead_brain_coral_block":8,"minecraft:iron_helmet":8,"minecraft:granite":1,"minecraft:diamond_axe":5,"minecraft:bone_meal":19,"minecraft:horse_spawn_egg":2,"minecraft:netherrack":12,"minecraft:pink_dye":5,"minecraft:emerald":9,"minecraft:terracotta":16,"minecraft:oak_sapling":2,"born_in_chaos_v1:rotten_fish":19,"minecraft:melon_seeds":7,"minecraft:coal":33,"minecraft:diamond_pickaxe":5,"rottencreatures:magma_rotten_flesh":2},"minecraft:mined":{"minecraft:dark_prismarine":19,"minecraft:diamond_ore":2,"minecraft:attached_melon_stem":3,"minecraft:oak_sapling":1,"minecraft:mossy_cobblestone":3,"minecraft:dark_oak_log":5,"minecraft:red_nether_bricks":2,"minecraft:sea_lantern":2,"minecraft:nether_bricks":3,"minecraft:red_sand":19,"minecraft:granite":1,"minecraft:acacia_log":16,"minecraft:grass_block":27,"minecraft:jungle_log":30,"minecraft:redstone_wire":33,"minecraft:soul_soil":3,"minecraft:bubble_coral_block":1,"minecraft:moss_block":5,"minecraft:tube_coral_block":1,"minecraft:redstone_ore":5,"minecraft:carrots":55,"minecraft:iron_ore":8,"minecraft:fire":5,"minecraft:andesite":1,"minecraft:pumpkin":1,"minecraft:granite_slab":1,"minecraft:packed_ice":2,"minecraft:bamboo":195,"minecraft:stone":12,"minecraft:brain_coral_block":4,"minecraft:fire_coral_block":2,"minecraft:blackstone":2,"minecraft:soul_sand":3,"minecraft:melon_stem":1,"minecraft:basalt":1,"minecraft:orange_terracotta":3,"minecraft:torch":5,"minecraft:sponge":2,"minecraft:melon":9,"minecraft:chest":14,"minecraft:cobblestone":109,"minecraft:sugar_cane":1,"minecraft:prismarine":26,"minecraft:oak_planks":10,"minecraft:diorite":6,"minecraft:warped_wart_block":1,"minecraft:prismarine_bricks":17,"minecraft:warped_nylium":1,"minecraft:birch_log":1,"minecraft:wheat":41,"minecraft:birch_leaves":1,"minecraft:white_carpet":3,"minecraft:grass":1,"minecraft:oak_log":4,"minecraft:coal_ore":9,"minecraft:gravel":2,"minecraft:sand":21,"minecraft:dirt":34,"minecraft:cobweb":17,"minecraft:terracotta":3,"minecraft:gold_ore":6,"minecraft:oak_leaves":1,"minecraft:horn_coral_block":2},"minecraft:dropped":{"minecraft:wheat_seeds":2,"minecraft:mossy_cobblestone":2,"silentgear:knife_blueprint":1,"minecraft:iron_leggings":2,"minecraft:iron_boots":2,"minecraft:endermite_spawn_egg":1,"minecraft:horn_coral_fan":1,"born_in_chaos_v1:corpse_maggot":2},"minecraft:used":{"minecraft:moss_block":24,"minecraft:oak_fence":15,"minecraft:oak_trapdoor":82,"minecraft:stone_sword":67,"minecraft:iron_shovel":39,"minecraft:spruce_planks":6,"twilightforest:glass_sword":4,"minecraft:chest":18,"minecraft:iron_sword":94,"minecraft:zombie_spawn_egg":1,"minecraft:stone_hoe":11,"minecraft:torch":22,"minecraft:iron_chestplate":6,"minecraft:soul_sand":1,"minecraft:dirt":41,"minecraft:skeleton_spawn_egg":1,"minecraft:white_carpet":6,"minecraft:hopper":6,"minecraft:carrot":299,"minecraft:granite":2,"minecraft:spruce_fence":12,"minecraft:lava_bucket":5,"minecraft:iron_axe":67,"minecraft:grass_block":63,"minecraft:spawner":4,"minecraft:iron_helmet":2,"minecraft:iron_boots":4,"minecraft:bamboo":84,"minecraft:bedrock":4,"minecraft:basalt":3,"minecraft:reinforced_deepslate":5,"minecraft:furnace":3,"minecraft:dead_bubble_coral_block":3,"minecraft:acacia_planks":8,"minecraft:cobbled_deepslate":195,"minecraft:iron_leggings":2,"minecraft:spider_spawn_egg":4,"minecraft:wheat_seeds":57,"minecraft:water_bucket":17,"minecraft:prismarine":1,"minecraft:oak_planks":28,"minecraft:sugar_cane":4,"minecraft:diamond_axe":23,"minecraft:cobblestone_slab":725,"minecraft:stonecutter":1,"minecraft:oak_leaves":64,"minecraft:mossy_cobblestone":12,"minecraft:sand":4,"minecraft:yellow_terracotta":1,"minecraft:terracotta":2,"minecraft:oak_slab":110,"minecraft:creeper_spawn_egg":1,"minecraft:diamond_pickaxe":173,"minecraft:diamond_shovel":16,"minecraft:iron_pickaxe":92,"minecraft:melon_slice":2,"minecraft:red_terracotta":1,"minecraft:deepslate":2,"minecraft:stone_axe":11,"minecraft:granite_slab":19,"minecraft:diamond_sword":149,"minecraft:cobblestone":754,"minecraft:cobbled_deepslate_slab":166,"minecraft:andesite":15,"minecraft:bucket":17,"minecraft:splash_potion":105,"minecraft:diorite_slab":6},"minecraft:broken":{"minecraft:stone_sword":1},"minecraft:killed":{"minecraft:vex":2,"minecraft:witch":1,"minecraft:vindicator":1,"minecraft:endermite":1,"minecraft:spider":1,"minecraft:pufferfish":1,"born_in_chaos_v1:maggot":3,"john_mod_reborn:sprinting_john":1,"undead_revamp2:sucker":1,"undead_revamp2:crackleball":1,"minecraft:magma_cube":3,"minecraft:husk":5,"minecraft:parrot":1,"alexsmobs:cockroach":6,"enemyexpansion:botfly":2},"minecraft:custom":{"minecraft:mob_kills":33,"minecraft:animals_bred":8,"minecraft:interact_with_crafting_table":38,"minecraft:damage_dealt_resisted":15,"minecraft:leave_game":2,"minecraft:time_since_death":313,"minecraft:sprint_one_cm":751304,"minecraft:walk_one_cm":482597,"minecraft:drop":12,"minecraft:damage_dealt_absorbed":40,"minecraft:talked_to_villager":33,"minecraft:play_time":207071,"minecraft:deaths":26,"minecraft:sneak_time":7050,"minecraft:walk_under_water_one_cm":23653,"minecraft:boat_one_cm":994,"minecraft:jump":2102,"minecraft:walk_on_water_one_cm":7553,"minecraft:total_world_time":207071,"minecraft:interact_with_furnace":49,"minecraft:traded_with_villager":5,"minecraft:time_since_rest":339,"minecraft:damage_taken":8883,"minecraft:damage_dealt":4539,"minecraft:player_kills":3,"minecraft:fly_one_cm":779243,"minecraft:open_chest":410,"minecraft:crouch_one_cm":12779,"minecraft:fall_one_cm":21369,"minecraft:horse_one_cm":977}},"DataVersion":3120}