{"stats":{"minecraft:broken":{"minecraft:iron_axe":1,"minecraft:shears":2,"minecraft:iron_pickaxe":1},"minecraft:killed":{"minecraft:spider":1,"minecraft:zombie":1,"undead_revamp2:sucker":3},"minecraft:dropped":{"alexsmobs:animal_dictionary":1,"born_in_chaos_v1:rotten_fish":2,"silentgear:blueprint_package":1,"minecraft:bone_meal":1},"minecraft:used":{"quark:birch_chest":2,"minecraft:spruce_slab":34,"minecraft:oak_planks":1,"minecraft:spruce_planks":1,"minecraft:chest":1,"minecraft:cobblestone_slab":45,"minecraft:oak_leaves":8,"minecraft:torch":77,"minecraft:dirt":123,"minecraft:oak_slab":16,"minecraft:crafting_table":1,"minecraft:carrot":21,"minecraft:white_bed":1,"minecraft:shears":599,"minecraft:oak_log":2,"minecraft:apple":2,"minecraft:grass_block":2,"minecraft:iron_axe":439,"minecraft:iron_pickaxe":312,"minecraft:cobblestone":241,"minecraft:iron_leggings":1,"minecraft:bone_meal":3},"minecraft:custom":{"minecraft:interact_with_furnace":3,"minecraft:mob_kills":8,"minecraft:interact_with_crafting_table":9,"minecraft:open_barrel":1,"minecraft:interact_with_stonecutter":3,"minecraft:time_since_death":8170,"minecraft:climb_one_cm":532,"minecraft:time_since_rest":8197,"minecraft:sprint_one_cm":168820,"minecraft:damage_taken":1886,"minecraft:walk_one_cm":224053,"minecraft:drop":5,"minecraft:damage_dealt":1380,"minecraft:talked_to_villager":5,"minecraft:fly_one_cm":182830,"minecraft:open_chest":112,"minecraft:crouch_one_cm":98859,"minecraft:play_time":109731,"minecraft:deaths":8,"minecraft:sneak_time":25657,"minecraft:walk_under_water_one_cm":884,"minecraft:jump":776,"minecraft:walk_on_water_one_cm":2927,"minecraft:total_world_time":109731,"minecraft:fall_one_cm":7288},"minecraft:killed_by":{"minecraft:player":1,"undead_revamp2:sucker":2,"undead_revamp2:the_moonflower":1,"john_mod_reborn:baby_john":1,"john_mod_reborn:feral_baby_john_1":1,"enemyexpansion:huntsman":1},"minecraft:crafted":{"minecraft:oak_planks":8,"quark:birch_chest":2,"minecraft:crafting_table":1,"minecraft:spruce_planks":20,"minecraft:birch_planks":56,"minecraft:bone_meal":3,"minecraft:spruce_slab":36,"minecraft:iron_axe":2,"minecraft:stick":32,"minecraft:iron_pickaxe":2,"minecraft:torch":68,"minecraft:shears":3},"minecraft:mined":{"minecraft:podzol":7,"minecraft:oak_slab":31,"minecraft:white_bed":1,"minecraft:soul_sand":1,"minecraft:clay":16,"minecraft:torch":8,"quark:cobblestone_bricks":18,"minecraft:granite":1,"minecraft:grass_block":30,"minecraft:melon":3,"minecraft:chest":5,"minecraft:cobblestone":212,"minecraft:spruce_leaves":36,"minecraft:oak_planks":1,"minecraft:large_fern":2,"minecraft:oak_trapdoor":62,"minecraft:carrots":15,"minecraft:birch_log":13,"minecraft:iron_ore":3,"minecraft:wheat":1,"minecraft:spruce_log":6,"minecraft:stripped_spruce_log":3,"minecraft:andesite":2,"minecraft:pumpkin":1,"minecraft:coal_ore":2,"minecraft:oak_log":192,"minecraft:cobblestone_slab":7,"minecraft:gravel":6,"minecraft:dirt":23,"minecraft:spruce_wood":1,"minecraft:stone":50,"minecraft:spruce_slab":1,"minecraft:gray_candle":1,"minecraft:oak_leaves":656},"minecraft:picked_up":{"minecraft:birch_log":41,"minecraft:wheat":6,"minecraft:feather":12,"enemyexpansion:horsehead_helmet":1,"minecraft:chicken":3,"minecraft:clay_ball":268,"minecraft:andesite":5,"minecraft:leather":6,"minecraft:brown_mushroom":2,"minecraft:red_mushroom":1,"minecraft:stone_brick_wall":1,"minecraft:flint":5,"minecraft:oak_log":219,"minecraft:gunpowder":3,"minecraft:oak_trapdoor":65,"minecraft:dirt":172,"minecraft:iron_axe":6,"minecraft:iron_leggings":1,"minecraft:bone":2,"minecraft:apple":31,"minecraft:wheat_seeds":7,"minecraft:spruce_wood":1,"minecraft:iron_ingot":18,"minecraft:cobblestone_slab":16,"minecraft:spruce_slab":1,"minecraft:iron_pickaxe":5,"minecraft:melon_slice":95,"minecraft:chest":17,"minecraft:birch_sapling":3,"minecraft:oak_planks":1,"minecraft:soul_sand":1,"minecraft:egg":2,"minecraft:oak_slab":103,"minecraft:stick":39,"minecraft:raw_iron":7,"minecraft:pumpkin":13,"minecraft:torch":57,"minecraft:gravel":5,"minecraft:spruce_log":6,"minecraft:stripped_spruce_log":2,"minecraft:spruce_sapling":3,"minecraft:carrot":52,"minecraft:white_bed":1,"minecraft:grass_block":3,"minecraft:leather_helmet":1,"quark:cobblestone_bricks":2,"minecraft:stone_sword":1,"minecraft:pumpkin_seeds":6,"minecraft:rotten_flesh":3,"improvableskills:skills_book":1,"minecraft:shears":3,"minecraft:granite":2,"minecraft:bone_meal":2,"born_in_chaos_v1:rotten_fish":4,"minecraft:oak_sapling":36,"minecraft:iron_bars":2,"minecraft:coal":6,"minecraft:oak_leaves":637,"minecraft:cobblestone":298}},"DataVersion":3120}