{"stats":{"minecraft:broken":{"minecraft:shears":2,"minecraft:iron_axe":1,"minecraft:iron_pickaxe":1},"minecraft:dropped":{"silentgear:blueprint_package":1,"minecraft:bone_meal":1,"alexsmobs:animal_dictionary":1,"born_in_chaos_v1:rotten_fish":2},"minecraft:killed":{"minecraft:spider":1,"undead_revamp2:sucker":3,"minecraft:zombie":1},"minecraft:used":{"quark:birch_chest":2,"minecraft:spruce_slab":36,"minecraft:ladder":6,"minecraft:chest":1,"minecraft:spruce_planks":30,"minecraft:torch":83,"minecraft:dirt":123,"minecraft:carrot":21,"minecraft:iron_axe":472,"minecraft:grass_block":2,"minecraft:barrel":2,"minecraft:iron_leggings":1,"minecraft:oak_planks":1,"minecraft:cobblestone_slab":45,"minecraft:oak_leaves":8,"minecraft:oak_slab":16,"minecraft:crafting_table":1,"minecraft:white_bed":1,"minecraft:shears":599,"minecraft:oak_log":2,"minecraft:apple":2,"minecraft:iron_pickaxe":343,"minecraft:polished_granite":3,"minecraft:cobblestone":241,"minecraft:bone_meal":3},"minecraft:custom":{"minecraft:mob_kills":8,"minecraft:interact_with_crafting_table":9,"minecraft:open_barrel":9,"minecraft:leave_game":1,"minecraft:time_since_death":16128,"minecraft:climb_one_cm":5014,"minecraft:sprint_one_cm":174443,"minecraft:walk_one_cm":239560,"minecraft:drop":5,"minecraft:talked_to_villager":5,"minecraft:play_time":117689,"minecraft:deaths":8,"minecraft:sneak_time":28420,"minecraft:walk_under_water_one_cm":884,"minecraft:jump":820,"minecraft:walk_on_water_one_cm":2927,"minecraft:total_world_time":117689,"minecraft:interact_with_furnace":3,"minecraft:interact_with_stonecutter":3,"minecraft:time_since_rest":16155,"minecraft:damage_taken":1896,"minecraft:damage_dealt":1380,"minecraft:fly_one_cm":184947,"minecraft:open_chest":112,"minecraft:crouch_one_cm":103087,"minecraft:fall_one_cm":8639},"minecraft:killed_by":{"undead_revamp2:sucker":2,"minecraft:player":1,"undead_revamp2:the_moonflower":1,"john_mod_reborn:feral_baby_john_1":1,"enemyexpansion:huntsman":1,"john_mod_reborn:baby_john":1},"minecraft:crafted":{"minecraft:oak_planks":8,"quark:birch_chest":2,"minecraft:bone_meal":3,"minecraft:iron_axe":2,"minecraft:spruce_slab":36,"minecraft:crafting_table":1,"minecraft:spruce_planks":60,"minecraft:birch_planks":56,"minecraft:stick":32,"minecraft:iron_pickaxe":2,"minecraft:torch":68,"minecraft:shears":3},"minecraft:mined":{"minecraft:white_bed":1,"minecraft:spruce_planks":16,"minecraft:spruce_trapdoor":1,"minecraft:granite":3,"minecraft:grass_block":30,"minecraft:redstone_wire":7,"minecraft:spruce_leaves":36,"minecraft:waxed_weathered_copper":2,"minecraft:large_fern":2,"minecraft:oak_trapdoor":62,"minecraft:carrots":15,"minecraft:iron_ore":3,"minecraft:sticky_piston":5,"minecraft:barrel":8,"minecraft:andesite":2,"minecraft:stripped_spruce_log":8,"minecraft:pumpkin":1,"minecraft:cobblestone_slab":7,"minecraft:spruce_wood":1,"minecraft:waxed_exposed_copper":3,"minecraft:stone":50,"minecraft:spruce_slab":4,"minecraft:piston_head":1,"minecraft:podzol":7,"minecraft:oak_slab":31,"minecraft:soul_sand":1,"minecraft:soul_lantern":2,"minecraft:polished_granite":2,"minecraft:clay":16,"minecraft:torch":8,"quark:cobblestone_bricks":18,"minecraft:melon":3,"minecraft:chest":5,"minecraft:cobblestone":212,"minecraft:oak_planks":1,"minecraft:bricks":11,"graveyard:vase_block":1,"minecraft:nether_wart_block":1,"minecraft:birch_log":13,"minecraft:redstone_torch":5,"minecraft:wheat":1,"minecraft:spruce_log":6,"minecraft:oak_log":192,"minecraft:coal_ore":2,"minecraft:gravel":6,"minecraft:dirt":24,"minecraft:oak_leaves":656,"minecraft:gray_candle":1},"minecraft:picked_up":{"minecraft:wheat":6,"minecraft:ladder":16,"minecraft:chicken":3,"minecraft:clay_ball":268,"minecraft:brown_mushroom":2,"minecraft:stone_brick_wall":1,"minecraft:oak_trapdoor":65,"minecraft:string":1,"minecraft:iron_axe":7,"minecraft:red_nether_bricks":2,"minecraft:iron_leggings":1,"minecraft:sticky_piston":8,"minecraft:waxed_weathered_copper":2,"minecraft:spruce_planks":13,"minecraft:cobblestone_slab":16,"minecraft:redstone_torch":5,"minecraft:iron_pickaxe":6,"minecraft:spruce_slab":8,"minecraft:birch_sapling":3,"minecraft:melon_slice":95,"minecraft:chest":17,"minecraft:spruce_trapdoor":12,"minecraft:egg":2,"minecraft:stick":39,"minecraft:raw_iron":7,"minecraft:torch":71,"minecraft:spruce_stairs":5,"minecraft:pointed_dripstone":5,"minecraft:carrot":52,"minecraft:redstone":6,"minecraft:stone_sword":1,"minecraft:rotten_flesh":3,"minecraft:shears":3,"minecraft:iron_bars":2,"minecraft:cobblestone":298,"minecraft:birch_log":41,"minecraft:feather":12,"enemyexpansion:horsehead_helmet":1,"minecraft:andesite":5,"minecraft:leather":6,"minecraft:red_mushroom":1,"minecraft:flint":5,"minecraft:oak_log":219,"minecraft:gunpowder":3,"minecraft:dirt":172,"minecraft:polished_granite":3,"minecraft:bone":7,"minecraft:apple":31,"minecraft:wheat_seeds":7,"minecraft:spruce_wood":1,"minecraft:iron_ingot":18,"minecraft:oak_planks":1,"minecraft:waxed_exposed_copper":4,"minecraft:soul_sand":1,"minecraft:oak_slab":103,"minecraft:pumpkin":13,"minecraft:gravel":5,"minecraft:stripped_spruce_log":8,"minecraft:spruce_sapling":3,"minecraft:grass_block":3,"minecraft:white_bed":1,"minecraft:spruce_log":6,"minecraft:barrel":9,"minecraft:leather_helmet":1,"quark:cobblestone_bricks":2,"minecraft:pumpkin_seeds":6,"improvableskills:skills_book":1,"minecraft:soul_lantern":2,"minecraft:granite":10,"minecraft:bone_meal":2,"minecraft:oak_sapling":36,"born_in_chaos_v1:rotten_fish":4,"minecraft:oak_leaves":637,"minecraft:bricks":8,"minecraft:coal":6}},"DataVersion":3120}