{"stats":{"minecraft:broken":{"minecraft:shears":2,"minecraft:iron_axe":1,"minecraft:iron_pickaxe":2},"minecraft:dropped":{"silentgear:blueprint_package":1,"minecraft:bone_meal":1,"alexsmobs:animal_dictionary":1,"born_in_chaos_v1:rotten_fish":2},"minecraft:killed":{"minecraft:spider":1,"undead_revamp2:sucker":3,"minecraft:wandering_trader":1,"minecraft:zombie":2},"minecraft:used":{"quark:birch_chest":2,"minecraft:spruce_slab":88,"minecraft:ladder":6,"minecraft:chest":6,"minecraft:spruce_planks":32,"minecraft:torch":111,"minecraft:dirt":365,"minecraft:spruce_stairs":1,"minecraft:carrot":35,"minecraft:granite":1,"minecraft:grass_block":2,"minecraft:iron_axe":512,"minecraft:barrel":2,"minecraft:iron_leggings":1,"minecraft:water_bucket":1,"quark:cobblestone_bricks":3,"minecraft:oak_planks":1,"minecraft:cobblestone_slab":45,"minecraft:oak_leaves":9,"minecraft:oak_slab":16,"minecraft:crafting_table":2,"minecraft:white_bed":1,"minecraft:shears":599,"minecraft:oak_log":2,"minecraft:apple":2,"minecraft:iron_pickaxe":582,"minecraft:polished_granite":3,"minecraft:cobblestone":262,"minecraft:bucket":1,"minecraft:bone_meal":3},"minecraft:custom":{"minecraft:mob_kills":11,"minecraft:interact_with_crafting_table":12,"minecraft:open_barrel":18,"minecraft:damage_dealt_resisted":1,"minecraft:leave_game":1,"minecraft:time_since_death":4,"minecraft:climb_one_cm":5014,"minecraft:sprint_one_cm":250366,"minecraft:walk_one_cm":346222,"minecraft:drop":5,"minecraft:damage_dealt_absorbed":5,"minecraft:talked_to_villager":5,"minecraft:play_time":151116,"minecraft:deaths":11,"minecraft:sneak_time":36979,"minecraft:walk_under_water_one_cm":10372,"minecraft:jump":1165,"minecraft:walk_on_water_one_cm":10408,"minecraft:total_world_time":151116,"minecraft:interact_with_furnace":4,"minecraft:interact_with_stonecutter":3,"minecraft:sleep_in_bed":1,"minecraft:time_since_rest":30,"minecraft:damage_taken":2700,"minecraft:damage_dealt":2445,"minecraft:fly_one_cm":250080,"minecraft:open_chest":187,"minecraft:crouch_one_cm":136999,"minecraft:fall_one_cm":14032},"minecraft:killed_by":{"minecraft:player":1,"undead_revamp2:sucker":3,"undead_revamp2:the_moonflower":1,"john_mod_reborn:feral_baby_john_1":1,"enemyexpansion:huntsman":1,"john_mod_reborn:baby_john":1,"minecraft:witch":1},"minecraft:crafted":{"minecraft:oak_planks":44,"quark:birch_chest":2,"minecraft:bone_meal":3,"minecraft:iron_axe":2,"minecraft:spruce_slab":144,"minecraft:crafting_table":2,"minecraft:spruce_planks":104,"minecraft:birch_planks":56,"minecraft:stick":48,"minecraft:iron_pickaxe":3,"minecraft:torch":68,"minecraft:shears":3},"minecraft:mined":{"minecraft:spruce_planks":18,"minecraft:white_bed":1,"minecraft:spruce_trapdoor":1,"minecraft:granite":3,"minecraft:grass_block":30,"minecraft:redstone_wire":7,"minecraft:soul_soil":1,"minecraft:spruce_leaves":38,"minecraft:waxed_weathered_copper":2,"minecraft:large_fern":2,"minecraft:oak_trapdoor":62,"minecraft:carrots":15,"minecraft:iron_ore":3,"minecraft:sticky_piston":5,"minecraft:barrel":8,"minecraft:andesite":2,"minecraft:stripped_spruce_log":21,"minecraft:pumpkin":1,"minecraft:cobblestone_slab":9,"minecraft:spruce_wood":1,"minecraft:waxed_exposed_copper":3,"minecraft:stone":50,"minecraft:spruce_slab":5,"minecraft:piston_head":1,"minecraft:podzol":7,"minecraft:oak_slab":31,"minecraft:soul_sand":1,"minecraft:soul_lantern":2,"minecraft:polished_granite":2,"minecraft:clay":16,"minecraft:torch":17,"quark:cobblestone_bricks":25,"minecraft:melon":3,"minecraft:chest":5,"minecraft:cobblestone":423,"minecraft:oak_planks":1,"minecraft:bricks":11,"graveyard:vase_block":1,"minecraft:nether_wart_block":1,"minecraft:birch_log":13,"minecraft:redstone_torch":5,"minecraft:wheat":1,"minecraft:spruce_log":6,"minecraft:grass":1,"minecraft:oak_log":192,"minecraft:coal_ore":2,"minecraft:gravel":6,"minecraft:dirt":34,"minecraft:oak_leaves":660,"minecraft:gray_candle":1},"minecraft:picked_up":{"minecraft:cocoa_beans":1,"minecraft:wheat":45,"minecraft:prismarine_shard":2,"minecraft:ladder":16,"minecraft:chicken":3,"minecraft:clay_ball":312,"minecraft:brown_mushroom":3,"minecraft:stone_brick_wall":1,"croptopia:calamari":1,"minecraft:dead_tube_coral_block":3,"minecraft:oak_trapdoor":65,"minecraft:string":1,"minecraft:iron_axe":9,"minecraft:red_nether_bricks":2,"minecraft:iron_leggings":2,"minecraft:sticky_piston":8,"minecraft:sea_pickle":3,"minecraft:red_sand":37,"minecraft:waxed_weathered_copper":2,"minecraft:spruce_planks":29,"minecraft:beef":13,"minecraft:bubble_coral":1,"minecraft:oak_boat":1,"minecraft:cobblestone_slab":19,"minecraft:redstone_torch":5,"minecraft:iron_pickaxe":7,"minecraft:spruce_slab":8,"minecraft:birch_sapling":4,"minecraft:melon_slice":114,"minecraft:chest":22,"minecraft:spruce_trapdoor":12,"minecraft:egg":6,"minecraft:tipped_arrow":2,"minecraft:stick":39,"minecraft:raw_iron":7,"minecraft:sandstone":13,"minecraft:torch":105,"minecraft:spruce_stairs":5,"minecraft:spruce_fence":3,"minecraft:porkchop":35,"minecraft:dried_kelp":3,"minecraft:pointed_dripstone":5,"minecraft:diorite":3,"minecraft:carrot":82,"minecraft:redstone":76,"minecraft:prismarine_crystals":23,"minecraft:rabbit_foot":2,"minecraft:tube_coral":2,"minecraft:cactus":3,"minecraft:stone_sword":1,"minecraft:rotten_flesh":66,"minecraft:salmon_bucket":1,"minecraft:shears":3,"minecraft:white_terracotta":8,"supplementaries:ash":4,"minecraft:cod":6,"minecraft:iron_bars":2,"minecraft:snowball":26,"minecraft:white_wool":2,"minecraft:cobblestone":484,"minecraft:sponge":7,"minecraft:birch_log":54,"born_in_chaos_v1:corpse_maggot":5,"minecraft:feather":26,"enemyexpansion:horsehead_helmet":1,"minecraft:andesite":6,"minecraft:leather":7,"minecraft:red_mushroom":1,"minecraft:potato":1,"minecraft:flint":13,"savage_and_ravage:creeper_spores":45,"minecraft:oak_log":224,"minecraft:prismarine_bricks":24,"minecraft:gunpowder":49,"minecraft:lapis_lazuli":26,"minecraft:dirt":264,"minecraft:polished_granite":3,"minecraft:orange_terracotta":3,"minecraft:bone":20,"minecraft:apple":35,"minecraft:kelp":4,"minecraft:wheat_seeds":7,"minecraft:spruce_wood":1,"minecraft:iron_ingot":34,"minecraft:cobweb":2,"minecraft:bamboo":110,"croptopia:roe":2,"minecraft:prismarine":33,"minecraft:oak_planks":4,"minecraft:waxed_exposed_copper":4,"minecraft:soul_sand":1,"minecraft:oak_slab":103,"minecraft:pumpkin":14,"minecraft:sweet_berries":1,"minecraft:sand":31,"minecraft:brain_coral_fan":1,"minecraft:gravel":18,"minecraft:dead_fire_coral_block":4,"minecraft:dead_bush":5,"undead_unleashed:grave_metal_scrap":12,"minecraft:stripped_spruce_log":19,"minecraft:spruce_sapling":4,"minecraft:ink_sac":1,"minecraft:grass_block":3,"minecraft:white_bed":1,"minecraft:spruce_log":6,"minecraft:red_terracotta":5,"minecraft:spider_eye":14,"minecraft:mossy_cobblestone":6,"minecraft:barrel":9,"minecraft:leather_helmet":1,"quark:cobblestone_bricks":5,"minecraft:light_gray_terracotta":18,"minecraft:pumpkin_seeds":7,"minecraft:sugar":11,"improvableskills:skills_book":1,"minecraft:soul_lantern":2,"minecraft:dead_brain_coral_block":3,"minecraft:granite":17,"minecraft:bone_meal":21,"minecraft:emerald":5,"born_in_chaos_v1:rotten_fish":4,"minecraft:oak_sapling":37,"minecraft:oak_leaves":637,"minecraft:bricks":8,"minecraft:coal":13}},"DataVersion":3120}