{"stats":{"minecraft:broken":{"minecraft:shears":2},"minecraft:dropped":{"alexsmobs:animal_dictionary":1,"silentgear:blueprint_package":1},"minecraft:used":{"minecraft:oak_log":2,"minecraft:oak_leaves":7,"minecraft:torch":1,"minecraft:iron_axe":222,"minecraft:shears":474},"minecraft:custom":{"minecraft:time_since_rest":13731,"minecraft:open_chest":31,"minecraft:crouch_one_cm":4242,"minecraft:play_time":13731,"minecraft:interact_with_furnace":2,"minecraft:sprint_one_cm":20103,"minecraft:damage_taken":125,"minecraft:walk_one_cm":41325,"minecraft:sneak_time":1611,"minecraft:drop":2,"minecraft:jump":119,"minecraft:damage_dealt":10,"minecraft:time_since_death":13731,"minecraft:total_world_time":13731,"minecraft:interact_with_crafting_table":2,"minecraft:fall_one_cm":2768,"minecraft:fly_one_cm":10721},"minecraft:crafted":{"minecraft:iron_axe":1,"minecraft:shears":2,"minecraft:iron_pickaxe":1},"minecraft:mined":{"minecraft:oak_log":168,"minecraft:oak_leaves":527},"minecraft:picked_up":{"minecraft:stick":18,"minecraft:apple":3,"minecraft:torch":7,"minecraft:oak_log":151,"minecraft:oak_sapling":22,"minecraft:oak_leaves":389}},"DataVersion":3120}