{"stats":{"minecraft:broken":{"minecraft:iron_axe":1,"minecraft:shears":2},"minecraft:killed":{"minecraft:spider":1,"undead_revamp2:sucker":1},"minecraft:dropped":{"alexsmobs:animal_dictionary":1,"silentgear:blueprint_package":1},"minecraft:used":{"minecraft:oak_planks":1,"minecraft:chest":1,"minecraft:cobblestone_slab":45,"minecraft:oak_leaves":8,"minecraft:torch":37,"minecraft:dirt":13,"minecraft:white_bed":1,"minecraft:shears":554,"minecraft:oak_log":2,"minecraft:apple":2,"minecraft:iron_axe":363,"minecraft:iron_pickaxe":193,"minecraft:cobblestone":172,"minecraft:bone_meal":3},"minecraft:custom":{"minecraft:interact_with_furnace":3,"minecraft:mob_kills":4,"minecraft:interact_with_crafting_table":3,"minecraft:interact_with_stonecutter":2,"minecraft:time_since_death":2187,"minecraft:time_since_rest":2211,"minecraft:sprint_one_cm":96420,"minecraft:damage_taken":1017,"minecraft:walk_one_cm":148063,"minecraft:drop":2,"minecraft:damage_dealt":719,"minecraft:talked_to_villager":5,"minecraft:fly_one_cm":80327,"minecraft:open_chest":77,"minecraft:crouch_one_cm":55664,"minecraft:play_time":73731,"minecraft:deaths":4,"minecraft:sneak_time":14100,"minecraft:jump":407,"minecraft:total_world_time":73731,"minecraft:fall_one_cm":5127},"minecraft:killed_by":{"undead_revamp2:sucker":1,"undead_revamp2:the_moonflower":1,"john_mod_reborn:baby_john":1,"enemyexpansion:huntsman":1},"minecraft:crafted":{"minecraft:bone_meal":3,"minecraft:iron_axe":2,"minecraft:stick":16,"minecraft:iron_pickaxe":1,"minecraft:torch":24,"minecraft:shears":2},"minecraft:mined":{"minecraft:podzol":7,"minecraft:oak_slab":29,"minecraft:white_bed":1,"minecraft:soul_sand":1,"minecraft:clay":14,"minecraft:torch":4,"quark:cobblestone_bricks":17,"minecraft:grass_block":29,"minecraft:melon":3,"minecraft:chest":4,"minecraft:cobblestone":132,"minecraft:oak_planks":1,"minecraft:oak_trapdoor":20,"minecraft:birch_log":12,"minecraft:iron_ore":2,"minecraft:andesite":1,"minecraft:pumpkin":1,"minecraft:coal_ore":2,"minecraft:oak_log":190,"minecraft:cobblestone_slab":4,"minecraft:gravel":6,"minecraft:dirt":8,"minecraft:stone":22,"minecraft:oak_leaves":611},"minecraft:picked_up":{"minecraft:birch_log":26,"minecraft:feather":3,"minecraft:chicken":3,"minecraft:clay_ball":252,"minecraft:andesite":1,"minecraft:flint":1,"minecraft:oak_log":217,"minecraft:oak_trapdoor":24,"minecraft:dirt":122,"minecraft:iron_axe":3,"minecraft:bone":1,"minecraft:apple":31,"minecraft:iron_ingot":18,"minecraft:cobblestone_slab":16,"minecraft:iron_pickaxe":3,"minecraft:melon_slice":54,"minecraft:chest":16,"minecraft:birch_sapling":3,"minecraft:oak_planks":1,"minecraft:soul_sand":1,"minecraft:oak_slab":59,"minecraft:stick":33,"minecraft:raw_iron":2,"minecraft:pumpkin":10,"minecraft:torch":40,"minecraft:gravel":4,"minecraft:white_bed":1,"minecraft:grass_block":3,"quark:cobblestone_bricks":2,"minecraft:pumpkin_seeds":6,"minecraft:shears":2,"minecraft:oak_sapling":36,"minecraft:coal":2,"minecraft:oak_leaves":495,"minecraft:cobblestone":152}},"DataVersion":3120}