{"stats":{"minecraft:broken":{"minecraft:shears":2,"undead_unleashed:grave_metal_axe":1,"minecraft:iron_axe":1,"minecraft:iron_pickaxe":2},"minecraft:dropped":{"silentgear:blueprint_package":1,"minecraft:bone_meal":1,"minecraft:iron_axe":1,"alexsmobs:animal_dictionary":1,"born_in_chaos_v1:rotten_fish":2},"minecraft:killed":{"john_mod_reborn:john":1,"minecraft:spider":2,"minecraft:skeleton":6,"undead_revamp2:sucker":3,"minecraft:pig":1,"minecraft:wandering_trader":1,"minecraft:zombie":2},"minecraft:used":{"minecraft:oak_trapdoor":7,"quark:birch_chest":2,"minecraft:iron_shovel":90,"minecraft:spruce_slab":88,"minecraft:ladder":6,"minecraft:chest":6,"minecraft:spruce_planks":32,"minecraft:iron_sword":22,"minecraft:torch":126,"minecraft:dirt":487,"undead_unleashed:grave_metal_axe":1,"minecraft:spruce_stairs":1,"minecraft:carrot":43,"minecraft:granite":2,"minecraft:grass_block":3,"minecraft:iron_axe":637,"minecraft:iron_boots":2,"minecraft:barrel":2,"minecraft:birch_trapdoor":5,"minecraft:iron_leggings":1,"minecraft:water_bucket":1,"quark:cobblestone_bricks":3,"minecraft:oak_planks":1,"minecraft:cobblestone_slab":45,"minecraft:oak_leaves":9,"minecraft:oak_slab":16,"minecraft:crafting_table":4,"minecraft:white_bed":2,"minecraft:shears":599,"minecraft:oak_log":2,"minecraft:mud":1,"minecraft:apple":2,"minecraft:iron_pickaxe":744,"minecraft:leather_helmet":1,"minecraft:polished_granite":3,"minecraft:cobblestone":267,"minecraft:bucket":1,"minecraft:bone_meal":3},"minecraft:custom":{"minecraft:mob_kills":20,"minecraft:interact_with_crafting_table":19,"minecraft:open_barrel":18,"minecraft:damage_dealt_resisted":1,"minecraft:leave_game":2,"minecraft:time_since_death":0,"minecraft:climb_one_cm":5014,"minecraft:sprint_one_cm":374815,"minecraft:walk_one_cm":446889,"minecraft:drop":6,"minecraft:damage_dealt_absorbed":5,"minecraft:talked_to_villager":5,"minecraft:play_time":189205,"minecraft:deaths":25,"minecraft:sneak_time":45437,"minecraft:walk_under_water_one_cm":13679,"minecraft:jump":1774,"minecraft:walk_on_water_one_cm":14792,"minecraft:total_world_time":189205,"minecraft:interact_with_furnace":11,"minecraft:interact_with_stonecutter":3,"minecraft:sleep_in_bed":2,"minecraft:time_since_rest":433,"minecraft:damage_taken":6396,"minecraft:damage_dealt":5064,"minecraft:swim_one_cm":145,"minecraft:fly_one_cm":375155,"minecraft:open_chest":285,"minecraft:crouch_one_cm":159619,"minecraft:fall_one_cm":28257},"minecraft:killed_by":{"minecraft:player":2,"undead_revamp2:sucker":3,"undead_revamp2:the_moonflower":1,"minecraft:wither_skeleton":1,"john_mod_reborn:feral_baby_john_1":1,"enemyexpansion:huntsman":1,"minecraft:skeleton":6,"john_mod_reborn:baby_john":4,"minecraft:witch":1},"minecraft:crafted":{"minecraft:oak_planks":44,"quark:birch_chest":2,"minecraft:bone_meal":3,"minecraft:glass":1,"minecraft:iron_axe":3,"minecraft:spruce_slab":144,"minecraft:cooked_beef":6,"minecraft:crafting_table":3,"minecraft:spruce_planks":104,"minecraft:iron_sword":1,"minecraft:birch_planks":84,"minecraft:air":0,"minecraft:stick":48,"minecraft:iron_pickaxe":5,"minecraft:birch_trapdoor":6,"minecraft:iron_shovel":2,"minecraft:torch":68,"minecraft:shears":3},"minecraft:mined":{"minecraft:spruce_planks":18,"minecraft:white_bed":2,"minecraft:spruce_trapdoor":1,"minecraft:granite":6,"minecraft:grass_block":86,"minecraft:redstone_wire":7,"minecraft:soul_soil":1,"minecraft:spruce_leaves":38,"minecraft:waxed_weathered_copper":2,"minecraft:large_fern":2,"minecraft:oak_trapdoor":70,"minecraft:carrots":15,"minecraft:fire":3,"minecraft:iron_ore":5,"minecraft:sticky_piston":5,"minecraft:barrel":8,"minecraft:andesite":5,"minecraft:stripped_spruce_log":21,"minecraft:pumpkin":4,"minecraft:cobblestone_slab":10,"minecraft:spruce_wood":1,"minecraft:waxed_exposed_copper":3,"minecraft:stone":98,"minecraft:spruce_slab":5,"minecraft:piston_head":1,"minecraft:podzol":20,"minecraft:oak_slab":31,"minecraft:soul_sand":1,"minecraft:soul_lantern":2,"minecraft:polished_granite":2,"minecraft:clay":43,"minecraft:torch":18,"quark:cobblestone_bricks":30,"minecraft:melon":9,"minecraft:chest":9,"minecraft:cobblestone":488,"minecraft:sugar_cane":1,"minecraft:oak_planks":1,"minecraft:bricks":11,"minecraft:diorite":3,"graveyard:vase_block":1,"minecraft:nether_wart_block":1,"minecraft:birch_log":28,"minecraft:redstone_torch":5,"minecraft:wheat":1,"minecraft:birch_trapdoor":3,"minecraft:spruce_log":6,"minecraft:grass":6,"minecraft:oak_log":215,"minecraft:coal_ore":5,"minecraft:gravel":22,"minecraft:dirt":54,"minecraft:cobweb":2,"minecraft:acacia_planks":1,"minecraft:oak_leaves":678,"minecraft:gray_candle":1},"minecraft:picked_up":{"minecraft:mud":4,"minecraft:cocoa_beans":1,"minecraft:crafting_table":1,"minecraft:wheat":45,"minecraft:prismarine_shard":2,"minecraft:ladder":16,"minecraft:chicken":5,"minecraft:clay_ball":568,"minecraft:brown_mushroom":3,"minecraft:stone_brick_wall":1,"croptopia:calamari":1,"minecraft:dead_tube_coral_block":3,"minecraft:oak_trapdoor":70,"minecraft:string":9,"minecraft:iron_axe":17,"minecraft:red_nether_bricks":2,"minecraft:iron_leggings":3,"minecraft:sticky_piston":8,"minecraft:iron_shovel":3,"minecraft:glass_pane":30,"minecraft:sea_pickle":3,"minecraft:red_sand":37,"minecraft:waxed_weathered_copper":2,"minecraft:bucket":1,"minecraft:spruce_planks":29,"minecraft:beef":13,"minecraft:bubble_coral":1,"minecraft:oak_boat":1,"minecraft:cobblestone_slab":23,"minecraft:redstone_torch":5,"minecraft:iron_pickaxe":11,"minecraft:spruce_slab":8,"minecraft:birch_sapling":7,"minecraft:melon_slice":144,"minecraft:chest":28,"minecraft:spruce_trapdoor":12,"minecraft:iron_boots":3,"minecraft:egg":7,"minecraft:tipped_arrow":2,"minecraft:stick":138,"minecraft:raw_iron":17,"minecraft:sandstone":19,"minecraft:birch_trapdoor":1,"minecraft:torch":135,"minecraft:spruce_stairs":5,"minecraft:spruce_fence":3,"minecraft:porkchop":39,"minecraft:dried_kelp":3,"minecraft:pointed_dripstone":5,"minecraft:diorite":29,"minecraft:carrot":134,"minecraft:redstone":145,"minecraft:prismarine_crystals":23,"minecraft:rabbit_foot":2,"minecraft:arrow":25,"quark:clear_shard":4,"minecraft:tube_coral":2,"minecraft:cactus":3,"minecraft:stone_sword":1,"minecraft:rotten_flesh":70,"minecraft:salmon_bucket":1,"minecraft:shears":3,"minecraft:white_terracotta":12,"supplementaries:ash":5,"minecraft:cod":6,"minecraft:iron_bars":2,"minecraft:snowball":26,"minecraft:white_wool":2,"minecraft:cobblestone":864,"minecraft:sponge":7,"minecraft:birch_log":94,"born_in_chaos_v1:corpse_maggot":5,"minecraft:cooked_beef":2,"minecraft:feather":43,"enemyexpansion:horsehead_helmet":1,"minecraft:water_bucket":2,"minecraft:andesite":34,"minecraft:leather":7,"minecraft:red_mushroom":2,"minecraft:potato":1,"minecraft:flint":29,"savage_and_ravage:creeper_spores":45,"minecraft:oak_log":257,"minecraft:prismarine_bricks":24,"minecraft:gunpowder":49,"minecraft:lapis_lazuli":26,"minecraft:dirt":484,"minecraft:polished_granite":3,"minecraft:orange_terracotta":3,"minecraft:cooked_mutton":1,"minecraft:bone":41,"minecraft:apple":42,"minecraft:kelp":4,"minecraft:bow":1,"minecraft:wheat_seeds":24,"minecraft:stone_pickaxe":2,"minecraft:spruce_wood":1,"minecraft:iron_ingot":34,"minecraft:cobweb":2,"minecraft:iron_sword":1,"minecraft:bamboo":124,"croptopia:roe":2,"minecraft:prismarine":33,"minecraft:oak_planks":60,"minecraft:waxed_exposed_copper":4,"minecraft:soul_sand":1,"minecraft:oak_slab":103,"minecraft:pumpkin":25,"minecraft:sweet_berries":1,"minecraft:sand":31,"minecraft:brain_coral_fan":1,"minecraft:gravel":33,"minecraft:dead_fire_coral_block":4,"minecraft:dead_bush":5,"undead_unleashed:grave_metal_scrap":55,"minecraft:stripped_spruce_log":19,"minecraft:spruce_sapling":6,"minecraft:ink_sac":1,"minecraft:grass_block":4,"minecraft:white_bed":2,"minecraft:spruce_log":6,"minecraft:red_terracotta":5,"minecraft:spider_eye":17,"minecraft:mossy_cobblestone":8,"minecraft:barrel":9,"minecraft:leather_helmet":2,"quark:cobblestone_bricks":8,"minecraft:light_gray_terracotta":18,"minecraft:pumpkin_seeds":8,"minecraft:sugar":11,"minecraft:stone_axe":2,"improvableskills:skills_book":1,"minecraft:soul_lantern":2,"minecraft:dead_brain_coral_block":3,"minecraft:granite":48,"minecraft:bone_meal":21,"undead_unleashed:grave_metal_axe":2,"minecraft:emerald":5,"born_in_chaos_v1:rotten_fish":4,"minecraft:oak_sapling":38,"minecraft:oak_leaves":637,"minecraft:bricks":8,"minecraft:coal":36}},"DataVersion":3120}