{"stats":{"minecraft:broken":{"minecraft:iron_axe":1,"minecraft:shears":2},"minecraft:dropped":{"alexsmobs:animal_dictionary":1,"silentgear:blueprint_package":1},"minecraft:used":{"minecraft:oak_log":2,"minecraft:apple":2,"minecraft:iron_axe":259,"minecraft:oak_planks":1,"minecraft:iron_pickaxe":66,"minecraft:cobblestone_slab":29,"minecraft:oak_leaves":8,"minecraft:torch":5,"minecraft:dirt":1,"minecraft:cobblestone":62,"minecraft:shears":513},"minecraft:custom":{"minecraft:time_since_rest":49731,"minecraft:interact_with_furnace":2,"minecraft:sprint_one_cm":49219,"minecraft:damage_taken":193,"minecraft:walk_one_cm":109486,"minecraft:mob_kills":2,"minecraft:drop":2,"minecraft:damage_dealt":241,"minecraft:talked_to_villager":2,"minecraft:fly_one_cm":39971,"minecraft:interact_with_crafting_table":3,"minecraft:open_chest":54,"minecraft:crouch_one_cm":24768,"minecraft:play_time":49731,"minecraft:sneak_time":6302,"minecraft:jump":259,"minecraft:interact_with_stonecutter":2,"minecraft:time_since_death":49731,"minecraft:total_world_time":49731,"minecraft:fall_one_cm":4500},"minecraft:crafted":{"minecraft:iron_axe":2,"minecraft:stick":16,"minecraft:iron_pickaxe":1,"minecraft:shears":2},"minecraft:mined":{"minecraft:oak_slab":11,"minecraft:oak_trapdoor":16,"minecraft:torch":1,"quark:cobblestone_bricks":8,"minecraft:oak_log":170,"minecraft:grass_block":2,"minecraft:cobblestone_slab":3,"minecraft:dirt":5,"minecraft:cobblestone":53,"minecraft:oak_planks":1,"minecraft:oak_leaves":570},"minecraft:picked_up":{"minecraft:birch_log":1,"minecraft:oak_slab":5,"minecraft:stick":18,"minecraft:torch":11,"minecraft:oak_log":154,"minecraft:dirt":7,"minecraft:oak_trapdoor":15,"minecraft:apple":4,"minecraft:cobblestone_slab":4,"minecraft:oak_sapling":24,"minecraft:oak_planks":1,"minecraft:oak_leaves":399,"minecraft:cobblestone":33}},"DataVersion":3120}