{"stats":{"minecraft:broken":{"minecraft:iron_axe":1,"minecraft:shears":2,"minecraft:iron_pickaxe":1},"minecraft:killed":{"minecraft:spider":1,"minecraft:zombie":1,"undead_revamp2:sucker":3},"minecraft:dropped":{"alexsmobs:animal_dictionary":1,"silentgear:blueprint_package":1},"minecraft:used":{"minecraft:oak_planks":1,"minecraft:chest":1,"minecraft:cobblestone_slab":45,"minecraft:oak_leaves":8,"minecraft:torch":42,"minecraft:dirt":13,"minecraft:white_bed":1,"minecraft:shears":599,"minecraft:oak_log":2,"minecraft:apple":2,"minecraft:iron_axe":380,"minecraft:iron_pickaxe":258,"minecraft:cobblestone":212,"minecraft:bone_meal":3},"minecraft:custom":{"minecraft:interact_with_furnace":3,"minecraft:mob_kills":8,"minecraft:interact_with_crafting_table":4,"minecraft:interact_with_stonecutter":3,"minecraft:time_since_death":9921,"minecraft:time_since_rest":9950,"minecraft:sprint_one_cm":115997,"minecraft:damage_taken":1606,"minecraft:walk_one_cm":174103,"minecraft:drop":2,"minecraft:damage_dealt":1270,"minecraft:talked_to_villager":5,"minecraft:fly_one_cm":97142,"minecraft:open_chest":88,"minecraft:crouch_one_cm":64625,"minecraft:play_time":85731,"minecraft:deaths":6,"minecraft:sneak_time":16858,"minecraft:jump":470,"minecraft:total_world_time":85731,"minecraft:fall_one_cm":5545},"minecraft:killed_by":{"minecraft:player":1,"undead_revamp2:sucker":2,"undead_revamp2:the_moonflower":1,"john_mod_reborn:baby_john":1,"enemyexpansion:huntsman":1},"minecraft:crafted":{"minecraft:oak_planks":8,"minecraft:bone_meal":3,"minecraft:iron_axe":2,"minecraft:stick":32,"minecraft:iron_pickaxe":2,"minecraft:torch":24,"minecraft:shears":3},"minecraft:mined":{"minecraft:podzol":7,"minecraft:oak_slab":29,"minecraft:white_bed":1,"minecraft:soul_sand":1,"minecraft:clay":16,"minecraft:torch":6,"quark:cobblestone_bricks":17,"minecraft:granite":1,"minecraft:grass_block":30,"minecraft:melon":3,"minecraft:chest":5,"minecraft:cobblestone":162,"minecraft:oak_planks":1,"minecraft:oak_trapdoor":20,"minecraft:birch_log":13,"minecraft:iron_ore":3,"minecraft:andesite":2,"minecraft:pumpkin":1,"minecraft:coal_ore":2,"minecraft:oak_log":192,"minecraft:cobblestone_slab":4,"minecraft:gravel":6,"minecraft:dirt":9,"minecraft:stone":50,"minecraft:oak_leaves":656},"minecraft:picked_up":{"minecraft:birch_log":27,"minecraft:feather":3,"minecraft:chicken":3,"minecraft:clay_ball":260,"minecraft:andesite":5,"minecraft:flint":3,"minecraft:oak_log":219,"minecraft:oak_trapdoor":24,"minecraft:dirt":124,"minecraft:iron_axe":5,"minecraft:bone":1,"minecraft:apple":31,"minecraft:iron_ingot":18,"minecraft:cobblestone_slab":16,"minecraft:iron_pickaxe":4,"minecraft:melon_slice":62,"minecraft:chest":17,"minecraft:birch_sapling":3,"minecraft:oak_planks":1,"minecraft:soul_sand":1,"minecraft:oak_slab":95,"minecraft:stick":33,"minecraft:raw_iron":7,"minecraft:pumpkin":12,"minecraft:torch":50,"minecraft:gravel":5,"minecraft:white_bed":1,"minecraft:grass_block":3,"minecraft:leather_helmet":1,"quark:cobblestone_bricks":2,"minecraft:pumpkin_seeds":6,"minecraft:rotten_flesh":2,"minecraft:shears":2,"minecraft:granite":2,"minecraft:oak_sapling":36,"minecraft:coal":6,"minecraft:oak_leaves":578,"minecraft:cobblestone":223}},"DataVersion":3120}