{"stats":{"minecraft:broken":{"minecraft:iron_shovel":2,"minecraft:shears":3,"undead_unleashed:grave_metal_axe":1,"minecraft:stone_pickaxe":1,"minecraft:stone_axe":1,"minecraft:iron_axe":2,"minecraft:iron_pickaxe":3},"minecraft:dropped":{"minecraft:iron_sword":2,"minecraft:cooked_porkchop":1,"silentgear:blueprint_package":1,"minecraft:red_mushroom":1,"minecraft:bone_meal":1,"minecraft:iron_pickaxe":7,"minecraft:stone_axe":2,"alexsmobs:animal_dictionary":1,"minecraft:wheat":2,"minecraft:rotten_flesh":1,"minecraft:oak_planks":1,"minecraft:carrot":128,"securitycraft:reinforced_birch_log":3,"minecraft:iron_ingot":6,"minecraft:bread":2,"minecraft:oak_slab":253,"minecraft:cobblestone":1,"minecraft:jungle_slab":28,"minecraft:iron_axe":1,"minecraft:iron_shovel":1,"minecraft:string":1,"minecraft:stone_sword":2,"born_in_chaos_v1:rotten_fish":2,"minecraft:iron_boots":1,"securitycraft:universal_block_remover":3,"minecraft:diamond_sword":1,"minecraft:diamond_pickaxe":1,"minecraft:oak_sapling":1,"minecraft:wooden_shovel":1,"minecraft:stone_pickaxe":1,"securitycraft:universal_block_reinforcer_lvl1":1},"minecraft:killed":{"john_mod_reborn:baby_john":2,"john_mod_reborn:john":1,"minecraft:spider":8,"undead_revamp2:thesmoker":1,"undead_revamp2:theswarmer":1,"minecraft:skeleton":12,"minecraft:guardian":1,"minecraft:silverfish":4,"undead_revamp2:therod":1,"minecraft:wolf":1,"minecraft:pig":1,"twilightforest:redcap":7,"minecraft:zombie":25,"minecraft:stray":7,"born_in_chaos_v1:corpse_fly":2,"enemyexpansion:botfly":9,"undead_unleashed:haunter":2,"undead_revamp2:bomber":1,"minecraft:slime":2,"born_in_chaos_v1:maggot":6,"twilightforest:swarm_spider":4,"twilightforest:death_tome":1,"minecraft:drowned":1,"undead_revamp2:sucker":6,"twilightforest:kobold":17,"minecraft:wandering_trader":1,"minecraft:squid":1,"minecraft:wither_skeleton":13,"john_mod_reborn:feral_baby_john_1":2,"minecraft:enderman":2},"minecraft:used":{"minecraft:moss_block":6,"enemyexpansion:troll_statue":7,"minecraft:iron_shovel":498,"minecraft:spruce_slab":304,"minecraft:ladder":7,"minecraft:chest":15,"minecraft:white_terracotta":2,"minecraft:shield":13,"minecraft:iron_sword":521,"minecraft:jungle_planks":6,"undead_unleashed:grave_metal_axe":1,"minecraft:carrot":82,"minecraft:jungle_slab":79,"minecraft:snowball":52,"born_in_chaos_v1:corpse_maggot":5,"minecraft:grass_block":4,"minecraft:iron_helmet":4,"minecraft:birch_trapdoor":5,"minecraft:written_book":1,"minecraft:oak_sapling":35,"minecraft:furnace":2,"minecraft:egg":1,"minecraft:golden_boots":7,"minecraft:damaged_anvil":1,"minecraft:birch_leaves":8,"minecraft:oak_planks":18,"minecraft:stone_pickaxe":258,"minecraft:wooden_pickaxe":28,"minecraft:diamond_axe":201,"graveyard:dark_iron_bars":1,"minecraft:oak_leaves":609,"securitycraft:reinforced_glass_pane":3,"minecraft:black_bed":2,"securitycraft:universal_block_remover":6,"minecraft:shears":835,"minecraft:gravel":2,"minecraft:birch_slab":35,"minecraft:melon_slice":8,"minecraft:bread":10,"minecraft:polished_granite":3,"minecraft:nether_wart_block":2,"minecraft:andesite":1,"minecraft:birch_log":1,"minecraft:coarse_dirt":4,"minecraft:bone_meal":3,"minecraft:cobweb":3,"minecraft:oak_trapdoor":7,"quark:birch_chest":2,"minecraft:iron_bars":1,"minecraft:stone_sword":204,"minecraft:redstone":1,"quark:jungle_chest":1,"minecraft:spruce_planks":38,"minecraft:torch":235,"minecraft:dirt":1085,"minecraft:chainmail_chestplate":1,"minecraft:spruce_stairs":1,"minecraft:golden_shovel":28,"minecraft:granite":2,"minecraft:iron_hoe":1,"minecraft:iron_axe":763,"minecraft:oak_stairs":7,"minecraft:iron_boots":7,"minecraft:barrel":7,"minecraft:cooked_beef":2,"minecraft:pointed_dripstone":1,"minecraft:iron_leggings":1,"minecraft:water_bucket":3,"quark:cobblestone_bricks":3,"minecraft:cobblestone_slab":45,"minecraft:mossy_cobblestone":3,"minecraft:oak_slab":559,"minecraft:crafting_table":13,"minecraft:white_bed":6,"minecraft:oak_log":5,"minecraft:mud":1,"minecraft:black_wool":1,"minecraft:diamond_pickaxe":256,"minecraft:apple":3,"minecraft:diamond_shovel":299,"minecraft:iron_pickaxe":1337,"minecraft:leather_helmet":1,"minecraft:spruce_trapdoor":1,"minecraft:stone_axe":146,"minecraft:cobblestone":503,"minecraft:cooked_porkchop":20,"minecraft:lapis_block":1,"minecraft:bucket":3,"quark:oak_chest":1,"minecraft:yellow_bed":1},"minecraft:custom":{"minecraft:interact_with_crafting_table":99,"minecraft:open_barrel":55,"minecraft:leave_game":16,"minecraft:time_since_death":2454,"minecraft:sprint_one_cm":1203345,"minecraft:damage_blocked_by_shield":640,"minecraft:drop":81,"minecraft:talked_to_villager":7,"minecraft:play_time":517466,"minecraft:deaths":74,"minecraft:jump":6727,"minecraft:walk_on_water_one_cm":26048,"minecraft:interact_with_furnace":38,"minecraft:sleep_in_bed":16,"minecraft:damage_dealt":37436,"minecraft:player_kills":3,"minecraft:crouch_one_cm":373945,"minecraft:interact_with_smoker":1,"minecraft:use_cauldron":1,"minecraft:interact_with_anvil":1,"minecraft:mob_kills":143,"minecraft:damage_dealt_resisted":644,"minecraft:climb_one_cm":6973,"minecraft:walk_one_cm":1304728,"minecraft:damage_dealt_absorbed":25,"minecraft:sneak_time":114181,"minecraft:walk_under_water_one_cm":17647,"minecraft:total_world_time":517466,"minecraft:interact_with_stonecutter":7,"minecraft:time_since_rest":2481,"minecraft:damage_taken":21810,"minecraft:swim_one_cm":59247,"minecraft:fly_one_cm":1372325,"minecraft:open_chest":917,"minecraft:fall_one_cm":103491},"minecraft:killed_by":{"undead_revamp2:sucker":10,"undead_revamp2:the_moonflower":1,"minecraft:wither_skeleton":1,"john_mod_reborn:feral_baby_john_1":4,"enemyexpansion:huntsman":1,"twilightforest:kobold":3,"john_mod_reborn:baby_john_pack_lead":1,"minecraft:witch":1,"minecraft:zombie":6,"minecraft:player":8,"minecraft:spider":1,"undead_revamp2:theswarmer":3,"undead_revamp2:thehorrors":1,"undead_revamp2:thehunter":1,"undead_revamp2:therod":1,"minecraft:skeleton":10,"john_mod_reborn:baby_john":5,"tinyskeletons:baby_skeleton":1,"twilightforest:redcap":2},"minecraft:crafted":{"create:tiled_glass":1,"minecraft:oak_planks":292,"quark:birch_chest":2,"securitycraft:wire_cutters":1,"minecraft:diamond_shovel":1,"securitycraft:laser_block":2,"minecraft:glass":1,"silentgear:rough_rod":2,"minecraft:oak_slab":270,"minecraft:diamond_axe":1,"minecraft:crafting_table":11,"minecraft:spruce_planks":208,"minecraft:wooden_pickaxe":1,"minecraft:birch_planks":84,"minecraft:diamond_pickaxe":1,"minecraft:shield":2,"minecraft:iron_ingot":3,"minecraft:stick":144,"quark:oak_chest":1,"minecraft:iron_pickaxe":6,"minecraft:stone_sword":12,"minecraft:gold_ingot":32,"minecraft:black_bed":2,"minecraft:shears":4,"securitycraft:universal_block_reinforcer_lvl1":2,"minecraft:redstone":9,"quark:jungle_chest":1,"minecraft:furnace":2,"minecraft:yellow_bed":1,"minecraft:bone_meal":3,"minecraft:glass_pane":16,"minecraft:iron_axe":3,"minecraft:spruce_slab":336,"minecraft:stone_pickaxe":7,"minecraft:redstone_block":7,"minecraft:dark_oak_planks":12,"minecraft:golden_helmet":1,"minecraft:wheat":18,"minecraft:cooked_beef":6,"minecraft:iron_sword":3,"minecraft:golden_shovel":1,"minecraft:stone_axe":5,"minecraft:jungle_slab":90,"minecraft:air":0,"minecraft:bread":11,"minecraft:jungle_planks":108,"minecraft:white_wool":3,"minecraft:birch_trapdoor":6,"minecraft:iron_shovel":3,"minecraft:white_bed":2,"minecraft:torch":124},"minecraft:mined":{"minecraft:spruce_planks":18,"graveyard:tg_coarse_dirt":61,"minecraft:white_bed":5,"minecraft:jungle_slab":1,"minecraft:brewing_stand":1,"minecraft:spruce_trapdoor":1,"minecraft:granite":40,"minecraft:grass_block":438,"minecraft:jungle_log":6,"minecraft:soul_soil":1,"minecraft:bubble_coral_block":2,"minecraft:tube_coral_block":3,"minecraft:oxeye_daisy":1,"minecraft:spawner":3,"graveyard:wither_skull_with_rib_cage":1,"minecraft:glowstone":18,"supplementaries:ash":3,"minecraft:iron_ore":82,"minecraft:barrel":9,"minecraft:sticky_piston":5,"minecraft:fire":8,"minecraft:pumpkin":14,"minecraft:black_carpet":1,"minecraft:pointed_dripstone":1,"minecraft:dirt_path":63,"minecraft:iron_bars":1,"minecraft:oak_stairs":8,"enemyexpansion:troll_statue":4,"minecraft:pink_tulip":1,"minecraft:spruce_wood":1,"minecraft:waxed_exposed_copper":3,"minecraft:brain_coral_block":6,"minecraft:spruce_slab":8,"minecraft:piston_head":1,"minecraft:smoker":1,"minecraft:soul_lantern":4,"minecraft:clay":92,"minecraft:torch":46,"twilightforest:torchberry_plant":3,"quark:cobblestone_bricks":46,"minecraft:melon":24,"minecraft:chest":35,"minecraft:cobblestone":619,"minecraft:damaged_anvil":3,"minecraft:oak_planks":15,"minecraft:sugar_cane":1,"minecraft:prismarine":16,"minecraft:bricks":11,"minecraft:wall_torch":4,"minecraft:white_terracotta":2,"minecraft:nether_wart_block":3,"minecraft:yellow_wool":3,"minecraft:birch_log":75,"minecraft:wheat":1,"minecraft:birch_trapdoor":3,"minecraft:smooth_stone_slab":2,"minecraft:black_bed":1,"minecraft:yellow_stained_glass_pane":1,"minecraft:grass":53,"minecraft:oak_log":322,"minecraft:dirt":140,"minecraft:sand":44,"minecraft:horn_coral_block":3,"minecraft:oak_leaves":982,"minecraft:gray_candle":1,"minecraft:dark_prismarine":23,"minecraft:diamond_ore":11,"minecraft:mossy_cobblestone":6,"minecraft:oak_door":1,"minecraft:dark_oak_log":16,"minecraft:sea_lantern":2,"minecraft:ladder":5,"minecraft:allium":1,"minecraft:redstone_wire":11,"minecraft:birch_slab":1,"minecraft:spruce_leaves":55,"minecraft:moss_block":1,"minecraft:rooted_dirt":1,"minecraft:waxed_weathered_copper":2,"minecraft:large_fern":5,"minecraft:hay_block":2,"minecraft:redstone_ore":16,"minecraft:oak_trapdoor":102,"minecraft:carrots":15,"graveyard:tg_moss_block":12,"minecraft:andesite":35,"minecraft:stripped_spruce_log":46,"twilightforest:twilight_oak_leaves":2,"minecraft:bookshelf":4,"minecraft:cobblestone_slab":27,"minecraft:stripped_oak_log":2,"minecraft:packed_ice":18,"minecraft:stone":516,"minecraft:fire_coral_block":2,"minecraft:white_wool":2,"minecraft:podzol":51,"minecraft:oak_slab":101,"minecraft:glass_pane":2,"minecraft:soul_sand":1,"minecraft:snow_block":34,"minecraft:stripped_dark_oak_log":2,"minecraft:dandelion":1,"minecraft:polished_granite":2,"minecraft:oak_fence":2,"graveyard:tg_rooted_dirt":3,"minecraft:oak_wood":5,"minecraft:sponge":3,"minecraft:copper_ore":1,"minecraft:tall_grass":4,"graveyard:tg_grass_block":78,"twilightforest:mayapple":2,"minecraft:diorite":36,"minecraft:prismarine_bricks":23,"minecraft:coarse_dirt":3,"graveyard:small_white_urn":1,"graveyard:vase_block":2,"graveyard:red_urn":1,"minecraft:redstone_torch":6,"minecraft:spruce_log":35,"minecraft:birch_leaves":23,"minecraft:yellow_bed":1,"minecraft:black_wool":9,"graveyard:dark_iron_bars":1,"minecraft:coal_ore":67,"minecraft:gravel":74,"minecraft:cobweb":29,"minecraft:acacia_planks":1,"minecraft:stone_bricks":2,"minecraft:gold_ore":32,"minecraft:fern":5,"paraglider:goddess_statue":1},"minecraft:picked_up":{"minecraft:wheat":125,"minecraft:black_carpet":2,"minecraft:redstone_block":5,"minecraft:prismarine_shard":2,"minecraft:yellow_wool":3,"securitycraft:laser_block":2,"minecraft:diamond_sword":1,"minecraft:oak_stairs":7,"minecraft:gilded_blackstone":1,"croptopia:calamari":2,"minecraft:brewing_stand":1,"minecraft:lapis_block":3,"minecraft:string":132,"minecraft:dead_tube_coral_block":8,"minecraft:raw_copper":9,"minecraft:smooth_stone_slab":8,"minecraft:red_nether_bricks":5,"minecraft:iron_leggings":3,"minecraft:sticky_piston":11,"minecraft:sea_pickle":3,"minecraft:red_sand":37,"minecraft:gold_nugget":26,"minecraft:waxed_weathered_copper":2,"minecraft:bucket":14,"minecraft:spruce_planks":31,"minecraft:written_book":1,"minecraft:bubble_coral":1,"minecraft:redstone_torch":10,"minecraft:cobblestone_slab":30,"minecraft:wooden_shovel":1,"securitycraft:reinforced_birch_log":3,"minecraft:iron_pickaxe":39,"minecraft:melon_slice":275,"minecraft:iron_boots":19,"minecraft:diamond_ore":1,"minecraft:tipped_arrow":15,"minecraft:golden_helmet":3,"minecraft:stick":321,"minecraft:birch_trapdoor":1,"minecraft:oak_fence":5,"minecraft:torch":354,"minecraft:spruce_stairs":9,"minecraft:porkchop":39,"minecraft:dried_kelp":3,"minecraft:pointed_dripstone":17,"minecraft:diorite":78,"minecraft:rabbit_foot":2,"minecraft:stone_sword":22,"minecraft:cactus":3,"quark:clear_shard":4,"minecraft:rotten_flesh":302,"minecraft:salmon_bucket":1,"minecraft:tropical_fish":1,"minecraft:glowstone":33,"minecraft:white_terracotta":14,"supplementaries:ash":24,"minecraft:iron_bars":3,"minecraft:cod":6,"minecraft:snowball":222,"minecraft:cobblestone":2654,"minecraft:sponge":12,"minecraft:birch_log":148,"minecraft:feather":56,"minecraft:cooked_beef":20,"minecraft:jungle_log":10,"minecraft:birch_slab":35,"minecraft:water_bucket":3,"minecraft:andesite":82,"minecraft:smoker":2,"minecraft:potato":1,"paraglider:spirit_orb":8,"minecraft:flint":36,"minecraft:prismarine_bricks":45,"enemyexpansion:troll_statue":9,"minecraft:wither_skeleton_skull":3,"minecraft:lapis_lazuli":26,"minecraft:dirt":1308,"minecraft:polished_granite":3,"minecraft:name_tag":1,"twilightforest:canopy_sapling":2,"minecraft:leather_boots":1,"minecraft:glass":18,"minecraft:bone":175,"minecraft:bow":1,"minecraft:wheat_seeds":53,"minecraft:raw_gold":60,"minecraft:moss_block":18,"minecraft:glowstone_dust":4,"minecraft:bamboo":124,"minecraft:gray_candle":6,"croptopia:roe":8,"minecraft:prismarine":58,"minecraft:oak_planks":143,"minecraft:waxed_exposed_copper":4,"minecraft:cooked_porkchop":40,"minecraft:sand":153,"minecraft:jungle_planks":120,"minecraft:stripped_spruce_log":45,"minecraft:ink_sac":3,"minecraft:dead_bush":5,"minecraft:grass_block":4,"minecraft:jungle_slab":17,"minecraft:dark_oak_log":19,"minecraft:red_terracotta":5,"quark:cobblestone_bricks_wall":2,"create:tiled_glass":1,"minecraft:barrel":18,"minecraft:mossy_cobblestone":16,"minecraft:dark_prismarine":30,"securitycraft:universal_block_remover":4,"minecraft:iron_hoe":1,"minecraft:light_gray_terracotta":18,"minecraft:sugar":11,"minecraft:clay":5,"minecraft:diamond":38,"improvableskills:skills_book":1,"minecraft:soul_lantern":4,"minecraft:dead_brain_coral_block":10,"quark:music_disc_clock":2,"minecraft:blue_ice":1,"minecraft:granite":103,"minecraft:bone_meal":116,"minecraft:spruce_button":2,"minecraft:emerald":5,"minecraft:bread":7,"minecraft:rooted_dirt":4,"minecraft:oak_sapling":45,"born_in_chaos_v1:rotten_fish":4,"minecraft:light_blue_candle":2,"minecraft:bricks":8,"twilightforest:torchberries":19,"minecraft:oak_leaves":924,"minecraft:diamond_pickaxe":7,"minecraft:coarse_dirt":57,"minecraft:cocoa_beans":1,"minecraft:mud":4,"minecraft:crafting_table":2,"minecraft:allium":1,"minecraft:chicken":5,"minecraft:ladder":25,"minecraft:clay_ball":876,"minecraft:brown_mushroom":7,"minecraft:wooden_pickaxe":1,"minecraft:stone_brick_wall":1,"securitycraft:reinforced_glass_pane":17,"minecraft:gold_block":1,"minecraft:dead_horn_coral_block":10,"minecraft:shield":3,"minecraft:oak_trapdoor":103,"minecraft:iron_axe":24,"minecraft:netherite_scrap":2,"minecraft:iron_shovel":14,"minecraft:glass_pane":44,"graveyard:corruption":2,"minecraft:beef":13,"minecraft:oak_boat":1,"minecraft:jungle_sapling":3,"minecraft:iron_nugget":4,"minecraft:poppy":8,"minecraft:spruce_slab":33,"minecraft:chest":67,"minecraft:birch_sapling":10,"minecraft:spruce_trapdoor":13,"minecraft:egg":15,"minecraft:dark_oak_sapling":2,"minecraft:raw_iron":143,"minecraft:sandstone":19,"minecraft:stone":4,"minecraft:oak_door":2,"minecraft:copper_ingot":2,"minecraft:spruce_fence":3,"graveyard:dark_iron_bars":1,"minecraft:carrot":711,"minecraft:redstone":339,"minecraft:prismarine_crystals":23,"minecraft:tube_coral":2,"minecraft:arrow":87,"minecraft:shears":3,"minecraft:hay_block":2,"minecraft:pink_tulip":1,"minecraft:gold_ingot":7,"sophisticatedbackpacks:copper_backpack":1,"ad_astra:hammer":2,"minecraft:white_wool":5,"minecraft:oxeye_daisy":1,"minecraft:stripped_oak_log":1,"born_in_chaos_v1:corpse_maggot":15,"minecraft:birch_leaves":8,"enemyexpansion:horsehead_helmet":1,"minecraft:salmon":1,"minecraft:leather":16,"minecraft:red_mushroom":7,"minecraft:ice":1,"savage_and_ravage:creeper_spores":45,"minecraft:oak_log":423,"minecraft:chainmail_chestplate":3,"minecraft:nether_wart_block":2,"minecraft:gunpowder":73,"minecraft:paper":7,"minecraft:orange_terracotta":3,"minecraft:cooked_mutton":1,"minecraft:stone_bricks":2,"minecraft:apple":58,"minecraft:kelp":4,"minecraft:rabbit_hide":2,"minecraft:spruce_wood":1,"minecraft:iron_ingot":40,"minecraft:stone_pickaxe":16,"minecraft:cobweb":2,"minecraft:iron_sword":18,"minecraft:soul_sand":1,"minecraft:book":31,"minecraft:oak_slab":1058,"minecraft:pumpkin":37,"minecraft:sweet_berries":1,"minecraft:stone_brick_slab":1,"minecraft:dandelion":6,"minecraft:gravel":74,"minecraft:brain_coral_fan":1,"minecraft:dead_fire_coral_block":13,"justhammers:stone_hammer":2,"undead_unleashed:grave_metal_scrap":86,"minecraft:spruce_sapling":10,"minecraft:white_bed":4,"minecraft:spruce_log":55,"minecraft:spider_eye":24,"minecraft:leather_helmet":2,"quark:cobblestone_bricks":9,"minecraft:oak_wood":5,"minecraft:diamond_shovel":2,"minecraft:pumpkin_seeds":10,"minecraft:slime_ball":2,"minecraft:stone_axe":15,"minecraft:chainmail_leggings":3,"minecraft:dead_bubble_coral_block":2,"minecraft:iron_helmet":5,"quark:oak_hedge":2,"minecraft:diamond_axe":3,"minecraft:scute":4,"undead_unleashed:grave_metal_axe":2,"minecraft:damaged_anvil":3,"minecraft:black_wool":7,"minecraft:stripped_dark_oak_log":2,"minecraft:coal":740,"minecraft:ender_pearl":1}},"DataVersion":3120}