{"stats":{"minecraft:broken":{"minecraft:iron_axe":1,"minecraft:shears":2,"minecraft:iron_pickaxe":1},"minecraft:killed":{"minecraft:spider":1,"minecraft:zombie":1,"undead_revamp2:sucker":3},"minecraft:dropped":{"alexsmobs:animal_dictionary":1,"born_in_chaos_v1:rotten_fish":1,"silentgear:blueprint_package":1,"minecraft:bone_meal":1},"minecraft:used":{"minecraft:oak_planks":1,"minecraft:chest":1,"minecraft:cobblestone_slab":45,"minecraft:oak_leaves":8,"minecraft:torch":75,"minecraft:dirt":123,"minecraft:oak_slab":16,"minecraft:carrot":12,"minecraft:white_bed":1,"minecraft:shears":599,"minecraft:oak_log":2,"minecraft:apple":2,"minecraft:grass_block":2,"minecraft:iron_axe":435,"minecraft:iron_pickaxe":307,"minecraft:cobblestone":214,"minecraft:bone_meal":3},"minecraft:custom":{"minecraft:interact_with_furnace":3,"minecraft:mob_kills":8,"minecraft:interact_with_crafting_table":4,"minecraft:interact_with_stonecutter":3,"minecraft:time_since_death":859,"minecraft:time_since_rest":915,"minecraft:sprint_one_cm":145955,"minecraft:damage_taken":1666,"minecraft:walk_one_cm":205101,"minecraft:drop":4,"minecraft:damage_dealt":1270,"minecraft:talked_to_villager":5,"minecraft:fly_one_cm":138955,"minecraft:open_chest":103,"minecraft:crouch_one_cm":84794,"minecraft:play_time":97731,"minecraft:deaths":7,"minecraft:sneak_time":21777,"minecraft:walk_under_water_one_cm":884,"minecraft:jump":598,"minecraft:walk_on_water_one_cm":2273,"minecraft:total_world_time":97731,"minecraft:fall_one_cm":6439},"minecraft:killed_by":{"minecraft:player":1,"undead_revamp2:sucker":2,"undead_revamp2:the_moonflower":1,"john_mod_reborn:baby_john":1,"enemyexpansion:huntsman":1},"minecraft:crafted":{"minecraft:oak_planks":8,"minecraft:bone_meal":3,"minecraft:iron_axe":2,"minecraft:stick":32,"minecraft:iron_pickaxe":2,"minecraft:torch":68,"minecraft:shears":3},"minecraft:mined":{"minecraft:podzol":7,"minecraft:oak_slab":30,"minecraft:white_bed":1,"minecraft:soul_sand":1,"minecraft:clay":16,"minecraft:torch":7,"quark:cobblestone_bricks":18,"minecraft:granite":1,"minecraft:grass_block":30,"minecraft:melon":3,"minecraft:chest":5,"minecraft:cobblestone":207,"minecraft:spruce_leaves":4,"minecraft:oak_planks":1,"minecraft:oak_trapdoor":62,"minecraft:carrots":5,"minecraft:birch_log":13,"minecraft:iron_ore":3,"minecraft:andesite":2,"minecraft:pumpkin":1,"minecraft:coal_ore":2,"minecraft:oak_log":192,"minecraft:cobblestone_slab":7,"minecraft:gravel":6,"minecraft:dirt":23,"minecraft:stone":50,"minecraft:gray_candle":1,"minecraft:oak_leaves":656},"minecraft:picked_up":{"minecraft:birch_log":27,"minecraft:wheat":1,"minecraft:feather":3,"minecraft:chicken":3,"minecraft:clay_ball":260,"minecraft:andesite":5,"minecraft:stone_brick_wall":1,"minecraft:flint":3,"minecraft:oak_log":219,"minecraft:oak_trapdoor":65,"minecraft:dirt":138,"minecraft:iron_axe":5,"minecraft:bone":1,"minecraft:apple":31,"minecraft:iron_ingot":18,"minecraft:cobblestone_slab":16,"minecraft:iron_pickaxe":4,"minecraft:melon_slice":62,"minecraft:chest":17,"minecraft:birch_sapling":3,"minecraft:oak_planks":1,"minecraft:soul_sand":1,"minecraft:oak_slab":97,"minecraft:stick":33,"minecraft:raw_iron":7,"minecraft:pumpkin":12,"minecraft:torch":55,"minecraft:gravel":5,"minecraft:carrot":16,"minecraft:white_bed":1,"minecraft:grass_block":3,"minecraft:leather_helmet":1,"quark:cobblestone_bricks":2,"minecraft:pumpkin_seeds":6,"minecraft:rotten_flesh":2,"minecraft:shears":2,"minecraft:granite":2,"minecraft:bone_meal":2,"born_in_chaos_v1:rotten_fish":2,"minecraft:oak_sapling":36,"minecraft:iron_bars":2,"minecraft:coal":6,"minecraft:oak_leaves":582,"minecraft:cobblestone":269}},"DataVersion":3120}