{"stats":{"minecraft:broken":{"minecraft:iron_shovel":1,"minecraft:shears":2,"undead_unleashed:grave_metal_axe":1,"minecraft:iron_axe":2,"minecraft:iron_pickaxe":2},"minecraft:killed":{"john_mod_reborn:john":1,"minecraft:spider":2,"minecraft:skeleton":6,"minecraft:drowned":1,"undead_revamp2:sucker":4,"minecraft:wolf":1,"minecraft:pig":1,"minecraft:wandering_trader":1,"minecraft:squid":1,"enemyexpansion:botfly":1,"minecraft:zombie":3,"minecraft:stray":7,"undead_unleashed:haunter":1,"minecraft:wither_skeleton":13},"minecraft:dropped":{"minecraft:iron_ingot":6,"minecraft:iron_sword":1,"silentgear:blueprint_package":1,"minecraft:bone_meal":1,"minecraft:iron_axe":1,"minecraft:iron_pickaxe":2,"minecraft:iron_shovel":1,"minecraft:stone_sword":1,"alexsmobs:animal_dictionary":1,"born_in_chaos_v1:rotten_fish":2,"minecraft:oak_planks":1,"minecraft:carrot":128,"securitycraft:universal_block_remover":3,"minecraft:diamond_pickaxe":1},"minecraft:used":{"minecraft:oak_trapdoor":7,"quark:birch_chest":2,"minecraft:stone_sword":66,"minecraft:iron_shovel":225,"minecraft:spruce_slab":88,"minecraft:ladder":6,"minecraft:chest":6,"minecraft:spruce_planks":32,"minecraft:iron_sword":92,"minecraft:torch":138,"minecraft:dirt":597,"minecraft:jungle_planks":2,"undead_unleashed:grave_metal_axe":1,"minecraft:spruce_stairs":1,"minecraft:carrot":53,"minecraft:golden_shovel":28,"minecraft:snowball":52,"minecraft:granite":2,"minecraft:iron_axe":743,"minecraft:grass_block":3,"minecraft:iron_helmet":4,"minecraft:iron_boots":2,"minecraft:barrel":2,"minecraft:birch_trapdoor":5,"minecraft:iron_leggings":1,"minecraft:water_bucket":1,"quark:cobblestone_bricks":3,"minecraft:stone_pickaxe":42,"minecraft:oak_planks":2,"minecraft:cobblestone_slab":45,"minecraft:oak_leaves":314,"minecraft:oak_slab":167,"minecraft:crafting_table":4,"minecraft:white_bed":2,"minecraft:shears":599,"minecraft:oak_log":2,"minecraft:mud":1,"minecraft:apple":2,"minecraft:leather_helmet":1,"minecraft:iron_pickaxe":1069,"minecraft:polished_granite":3,"minecraft:stone_axe":59,"minecraft:cobblestone":267,"minecraft:andesite":1,"minecraft:bucket":1,"minecraft:bone_meal":3},"minecraft:custom":{"minecraft:mob_kills":48,"minecraft:interact_with_crafting_table":29,"minecraft:open_barrel":18,"minecraft:damage_dealt_resisted":512,"minecraft:leave_game":4,"minecraft:time_since_death":938,"minecraft:climb_one_cm":5014,"minecraft:sprint_one_cm":527170,"minecraft:walk_one_cm":581799,"minecraft:drop":22,"minecraft:damage_dealt_absorbed":25,"minecraft:talked_to_villager":5,"minecraft:play_time":243853,"minecraft:sneak_time":53237,"minecraft:deaths":39,"minecraft:walk_under_water_one_cm":13748,"minecraft:jump":2604,"minecraft:walk_on_water_one_cm":17642,"minecraft:total_world_time":243853,"minecraft:interact_with_furnace":13,"minecraft:interact_with_stonecutter":4,"minecraft:sleep_in_bed":2,"minecraft:time_since_rest":962,"minecraft:damage_taken":10120,"minecraft:damage_dealt":12272,"minecraft:player_kills":3,"minecraft:swim_one_cm":145,"minecraft:fly_one_cm":559956,"minecraft:open_chest":458,"minecraft:crouch_one_cm":190275,"minecraft:fall_one_cm":39251},"minecraft:killed_by":{"minecraft:player":4,"undead_revamp2:sucker":7,"undead_revamp2:the_moonflower":1,"minecraft:wither_skeleton":1,"john_mod_reborn:feral_baby_john_1":3,"enemyexpansion:huntsman":1,"minecraft:skeleton":6,"john_mod_reborn:baby_john":4,"minecraft:witch":1,"minecraft:zombie":4},"minecraft:crafted":{"minecraft:oak_planks":108,"quark:birch_chest":2,"securitycraft:wire_cutters":1,"minecraft:bone_meal":3,"minecraft:glass":1,"minecraft:iron_axe":3,"minecraft:spruce_slab":144,"minecraft:dark_oak_planks":4,"minecraft:cooked_beef":6,"minecraft:oak_slab":180,"minecraft:crafting_table":3,"minecraft:spruce_planks":104,"minecraft:iron_sword":1,"minecraft:golden_shovel":1,"minecraft:birch_planks":84,"minecraft:stone_axe":1,"minecraft:air":0,"minecraft:jungle_planks":12,"minecraft:stick":64,"minecraft:iron_pickaxe":6,"minecraft:birch_trapdoor":6,"minecraft:stone_sword":5,"minecraft:iron_shovel":2,"minecraft:torch":76,"minecraft:shears":4},"minecraft:picked_up":{"minecraft:cocoa_beans":1,"minecraft:mud":4,"minecraft:crafting_table":1,"minecraft:wheat":45,"minecraft:chicken":5,"minecraft:ladder":16,"minecraft:clay_ball":592,"minecraft:prismarine_shard":2,"minecraft:brown_mushroom":3,"minecraft:stone_brick_wall":1,"minecraft:gilded_blackstone":1,"croptopia:calamari":2,"minecraft:dead_horn_coral_block":9,"minecraft:oak_trapdoor":70,"minecraft:string":38,"minecraft:dead_tube_coral_block":8,"minecraft:iron_axe":23,"minecraft:red_nether_bricks":5,"minecraft:iron_leggings":3,"minecraft:sticky_piston":8,"minecraft:iron_shovel":13,"minecraft:glass_pane":30,"minecraft:sea_pickle":3,"minecraft:red_sand":37,"minecraft:waxed_weathered_copper":2,"minecraft:bucket":1,"minecraft:spruce_planks":29,"minecraft:beef":13,"minecraft:oak_boat":1,"minecraft:redstone_torch":5,"minecraft:bubble_coral":1,"minecraft:cobblestone_slab":23,"minecraft:jungle_sapling":3,"minecraft:iron_pickaxe":22,"minecraft:spruce_slab":8,"minecraft:birch_sapling":7,"minecraft:melon_slice":144,"minecraft:chest":37,"minecraft:spruce_trapdoor":12,"minecraft:iron_boots":3,"minecraft:egg":7,"minecraft:tipped_arrow":15,"minecraft:dark_oak_sapling":2,"minecraft:stick":208,"minecraft:raw_iron":42,"minecraft:sandstone":19,"minecraft:birch_trapdoor":1,"minecraft:torch":189,"minecraft:spruce_stairs":5,"minecraft:spruce_fence":3,"minecraft:porkchop":39,"minecraft:dried_kelp":3,"minecraft:pointed_dripstone":5,"minecraft:diorite":72,"minecraft:carrot":649,"minecraft:redstone":145,"minecraft:prismarine_crystals":23,"minecraft:rabbit_foot":2,"minecraft:cactus":3,"minecraft:tube_coral":2,"minecraft:stone_sword":10,"minecraft:arrow":51,"quark:clear_shard":4,"minecraft:rotten_flesh":82,"minecraft:salmon_bucket":1,"minecraft:shears":3,"minecraft:gold_ingot":3,"minecraft:white_terracotta":12,"supplementaries:ash":5,"minecraft:iron_bars":2,"minecraft:cod":6,"minecraft:snowball":222,"minecraft:white_wool":2,"minecraft:cobblestone":1062,"minecraft:sponge":12,"minecraft:birch_log":114,"born_in_chaos_v1:corpse_maggot":5,"enemyexpansion:horsehead_helmet":1,"minecraft:feather":51,"minecraft:cooked_beef":20,"minecraft:jungle_log":5,"minecraft:water_bucket":2,"minecraft:andesite":74,"minecraft:leather":12,"minecraft:red_mushroom":4,"minecraft:potato":1,"minecraft:ice":1,"minecraft:flint":33,"savage_and_ravage:creeper_spores":45,"minecraft:oak_log":274,"minecraft:prismarine_bricks":40,"minecraft:gunpowder":49,"minecraft:wither_skeleton_skull":2,"minecraft:lapis_lazuli":26,"minecraft:dirt":619,"minecraft:polished_granite":3,"minecraft:orange_terracotta":3,"minecraft:cooked_mutton":1,"minecraft:bone":123,"minecraft:apple":42,"minecraft:kelp":4,"minecraft:bow":1,"minecraft:rabbit_hide":2,"minecraft:wheat_seeds":24,"minecraft:raw_gold":14,"minecraft:spruce_wood":1,"minecraft:iron_ingot":38,"minecraft:stone_pickaxe":3,"minecraft:cobweb":2,"minecraft:bamboo":124,"croptopia:roe":2,"minecraft:prismarine":56,"minecraft:iron_sword":5,"minecraft:oak_planks":61,"minecraft:waxed_exposed_copper":4,"minecraft:soul_sand":1,"minecraft:oak_slab":151,"minecraft:pumpkin":25,"minecraft:sweet_berries":1,"minecraft:dark_prismarine":12,"minecraft:dandelion":1,"minecraft:jungle_planks":8,"minecraft:dark_oak_log":18,"minecraft:gravel":57,"minecraft:brain_coral_fan":1,"minecraft:dead_fire_coral_block":11,"minecraft:sand":99,"undead_unleashed:grave_metal_scrap":74,"minecraft:stripped_spruce_log":19,"minecraft:spruce_sapling":8,"minecraft:dead_bush":5,"minecraft:ink_sac":3,"minecraft:spruce_log":55,"minecraft:white_bed":2,"minecraft:grass_block":4,"minecraft:mossy_cobblestone":9,"quark:cobblestone_bricks_wall":2,"minecraft:red_terracotta":5,"minecraft:spider_eye":17,"minecraft:barrel":9,"minecraft:leather_helmet":2,"securitycraft:universal_block_remover":4,"quark:cobblestone_bricks":9,"minecraft:light_gray_terracotta":18,"minecraft:pumpkin_seeds":8,"minecraft:sugar":11,"minecraft:diamond":2,"minecraft:stone_axe":11,"improvableskills:skills_book":1,"minecraft:soul_lantern":2,"minecraft:dead_bubble_coral_block":2,"minecraft:blue_ice":1,"minecraft:iron_helmet":4,"minecraft:dead_brain_coral_block":6,"minecraft:granite":83,"minecraft:bone_meal":116,"undead_unleashed:grave_metal_axe":2,"minecraft:emerald":5,"minecraft:oak_sapling":38,"born_in_chaos_v1:rotten_fish":4,"minecraft:bricks":8,"minecraft:coal":82,"minecraft:oak_leaves":698,"minecraft:diamond_pickaxe":4},"minecraft:mined":{"minecraft:diamond_ore":1,"minecraft:dark_prismarine":6,"minecraft:white_bed":2,"minecraft:spruce_planks":18,"minecraft:dark_oak_log":15,"minecraft:spruce_trapdoor":1,"minecraft:granite":32,"minecraft:grass_block":163,"minecraft:tube_coral_block":3,"minecraft:redstone_wire":7,"minecraft:soul_soil":1,"minecraft:spruce_leaves":38,"minecraft:bubble_coral_block":2,"minecraft:waxed_weathered_copper":2,"minecraft:large_fern":2,"minecraft:oak_trapdoor":70,"minecraft:carrots":15,"minecraft:iron_ore":22,"minecraft:sticky_piston":5,"minecraft:barrel":8,"minecraft:fire":4,"minecraft:andesite":23,"minecraft:stripped_spruce_log":21,"minecraft:pumpkin":4,"minecraft:cobblestone_slab":10,"minecraft:packed_ice":18,"minecraft:spruce_wood":1,"minecraft:waxed_exposed_copper":3,"minecraft:stone":169,"minecraft:brain_coral_block":3,"minecraft:fire_coral_block":1,"minecraft:spruce_slab":5,"minecraft:piston_head":1,"minecraft:podzol":21,"minecraft:oak_slab":87,"minecraft:soul_sand":1,"minecraft:snow_block":34,"minecraft:dandelion":1,"minecraft:soul_lantern":2,"minecraft:polished_granite":2,"minecraft:clay":47,"minecraft:torch":42,"quark:cobblestone_bricks":39,"minecraft:sponge":3,"minecraft:melon":9,"minecraft:chest":15,"minecraft:cobblestone":537,"minecraft:prismarine":15,"minecraft:oak_planks":1,"minecraft:sugar_cane":1,"minecraft:bricks":11,"minecraft:diorite":30,"minecraft:prismarine_bricks":16,"graveyard:vase_block":1,"minecraft:nether_wart_block":1,"minecraft:birch_log":37,"minecraft:redstone_torch":5,"minecraft:wheat":1,"minecraft:birch_trapdoor":3,"minecraft:spruce_log":35,"minecraft:grass":8,"minecraft:coal_ore":25,"minecraft:oak_log":222,"minecraft:sand":35,"minecraft:gravel":44,"minecraft:dirt":70,"minecraft:cobweb":12,"minecraft:acacia_planks":1,"minecraft:gold_ore":11,"minecraft:horn_coral_block":2,"minecraft:oak_leaves":691,"minecraft:gray_candle":1}},"DataVersion":3120}