{"stats":{"minecraft:broken":{"minecraft:shears":2},"minecraft:dropped":{"alexsmobs:animal_dictionary":1,"silentgear:blueprint_package":1},"minecraft:used":{"minecraft:oak_log":2,"minecraft:oak_leaves":8,"minecraft:torch":2,"minecraft:iron_axe":225,"minecraft:iron_pickaxe":2,"minecraft:cobblestone_slab":7,"minecraft:shears":474},"minecraft:custom":{"minecraft:time_since_rest":25731,"minecraft:open_chest":31,"minecraft:crouch_one_cm":4528,"minecraft:play_time":25731,"minecraft:interact_with_furnace":2,"minecraft:sprint_one_cm":24619,"minecraft:damage_taken":125,"minecraft:walk_one_cm":57027,"minecraft:sneak_time":1674,"minecraft:drop":2,"minecraft:jump":138,"minecraft:damage_dealt":10,"minecraft:time_since_death":25731,"minecraft:total_world_time":25731,"minecraft:interact_with_crafting_table":2,"minecraft:fall_one_cm":3037,"minecraft:fly_one_cm":13147},"minecraft:crafted":{"minecraft:iron_axe":1,"minecraft:shears":2,"minecraft:iron_pickaxe":1},"minecraft:picked_up":{"minecraft:stick":18,"minecraft:apple":4,"minecraft:torch":7,"minecraft:cobblestone_slab":3,"minecraft:oak_log":154,"minecraft:dirt":2,"minecraft:oak_sapling":23,"minecraft:oak_leaves":389},"minecraft:mined":{"minecraft:grass_block":2,"minecraft:oak_log":170,"minecraft:cobblestone_slab":2,"minecraft:oak_leaves":528}},"DataVersion":3120}