{"stats":{"minecraft:broken":{"minecraft:iron_shovel":1,"minecraft:shears":2,"undead_unleashed:grave_metal_axe":1,"minecraft:stone_axe":1,"minecraft:iron_axe":2,"minecraft:iron_pickaxe":3},"minecraft:dropped":{"minecraft:iron_sword":1,"silentgear:blueprint_package":1,"minecraft:bone_meal":1,"minecraft:iron_pickaxe":2,"alexsmobs:animal_dictionary":1,"minecraft:oak_planks":1,"minecraft:carrot":128,"securitycraft:reinforced_birch_log":3,"minecraft:iron_ingot":6,"minecraft:iron_axe":1,"minecraft:iron_shovel":1,"minecraft:stone_sword":1,"born_in_chaos_v1:rotten_fish":2,"securitycraft:universal_block_remover":3,"minecraft:diamond_pickaxe":1,"securitycraft:universal_block_reinforcer_lvl1":1},"minecraft:killed":{"john_mod_reborn:baby_john":1,"john_mod_reborn:john":1,"minecraft:spider":2,"minecraft:skeleton":6,"minecraft:guardian":1,"undead_revamp2:therod":1,"minecraft:wolf":1,"minecraft:pig":1,"minecraft:zombie":3,"enemyexpansion:botfly":2,"minecraft:stray":7,"undead_unleashed:haunter":1,"minecraft:drowned":1,"undead_revamp2:sucker":4,"minecraft:wandering_trader":1,"minecraft:squid":1,"minecraft:wither_skeleton":13,"john_mod_reborn:feral_baby_john_1":1},"minecraft:used":{"minecraft:iron_shovel":319,"minecraft:spruce_slab":88,"minecraft:ladder":6,"minecraft:chest":6,"minecraft:iron_sword":92,"minecraft:jungle_planks":2,"minecraft:carrot":53,"undead_unleashed:grave_metal_axe":1,"minecraft:snowball":52,"minecraft:grass_block":3,"minecraft:iron_helmet":4,"minecraft:birch_trapdoor":5,"minecraft:stone_pickaxe":42,"minecraft:oak_planks":2,"minecraft:diamond_axe":8,"minecraft:oak_leaves":384,"securitycraft:reinforced_glass_pane":3,"securitycraft:universal_block_remover":6,"minecraft:shears":599,"minecraft:polished_granite":3,"minecraft:andesite":1,"minecraft:bone_meal":3,"minecraft:oak_trapdoor":7,"quark:birch_chest":2,"minecraft:stone_sword":75,"minecraft:spruce_planks":32,"minecraft:torch":141,"minecraft:dirt":701,"minecraft:spruce_stairs":1,"minecraft:golden_shovel":28,"minecraft:granite":2,"minecraft:iron_axe":763,"minecraft:iron_boots":2,"minecraft:barrel":2,"minecraft:cooked_beef":2,"minecraft:iron_leggings":1,"minecraft:water_bucket":2,"quark:cobblestone_bricks":3,"minecraft:cobblestone_slab":45,"minecraft:mossy_cobblestone":2,"minecraft:oak_slab":201,"minecraft:crafting_table":4,"minecraft:white_bed":3,"minecraft:oak_log":2,"minecraft:mud":1,"minecraft:apple":3,"minecraft:diamond_shovel":33,"minecraft:iron_pickaxe":1139,"minecraft:leather_helmet":1,"minecraft:stone_axe":86,"minecraft:cobblestone":270,"minecraft:bucket":1},"minecraft:custom":{"minecraft:interact_with_crafting_table":43,"minecraft:open_barrel":18,"minecraft:leave_game":5,"minecraft:time_since_death":11052,"minecraft:sprint_one_cm":609785,"minecraft:drop":26,"minecraft:talked_to_villager":5,"minecraft:play_time":278255,"minecraft:deaths":42,"minecraft:jump":2971,"minecraft:walk_on_water_one_cm":17642,"minecraft:interact_with_furnace":19,"minecraft:sleep_in_bed":3,"minecraft:damage_dealt":13372,"minecraft:player_kills":3,"minecraft:crouch_one_cm":202569,"minecraft:mob_kills":52,"minecraft:damage_dealt_resisted":602,"minecraft:climb_one_cm":5014,"minecraft:walk_one_cm":668328,"minecraft:damage_dealt_absorbed":25,"minecraft:sneak_time":59995,"minecraft:walk_under_water_one_cm":13748,"minecraft:total_world_time":278255,"minecraft:interact_with_stonecutter":6,"minecraft:time_since_rest":11077,"minecraft:damage_taken":11124,"minecraft:swim_one_cm":145,"minecraft:fly_one_cm":641081,"minecraft:open_chest":609,"minecraft:fall_one_cm":45581},"minecraft:killed_by":{"undead_revamp2:sucker":7,"undead_revamp2:the_moonflower":1,"minecraft:wither_skeleton":1,"john_mod_reborn:feral_baby_john_1":4,"enemyexpansion:huntsman":1,"minecraft:witch":1,"minecraft:zombie":4,"minecraft:player":5,"undead_revamp2:therod":1,"minecraft:skeleton":6,"john_mod_reborn:baby_john":4},"minecraft:crafted":{"create:tiled_glass":1,"minecraft:oak_planks":112,"quark:birch_chest":2,"securitycraft:wire_cutters":1,"minecraft:diamond_shovel":1,"securitycraft:laser_block":2,"minecraft:glass":1,"silentgear:rough_rod":2,"minecraft:oak_slab":180,"minecraft:diamond_axe":1,"minecraft:crafting_table":3,"minecraft:spruce_planks":104,"minecraft:birch_planks":84,"minecraft:stick":64,"minecraft:iron_ingot":1,"minecraft:iron_pickaxe":6,"minecraft:stone_sword":5,"minecraft:gold_ingot":2,"minecraft:shears":4,"securitycraft:universal_block_reinforcer_lvl1":2,"minecraft:redstone":9,"minecraft:bone_meal":3,"minecraft:glass_pane":16,"minecraft:iron_axe":3,"minecraft:spruce_slab":144,"minecraft:redstone_block":7,"minecraft:dark_oak_planks":4,"minecraft:cooked_beef":6,"minecraft:iron_sword":1,"minecraft:golden_shovel":1,"minecraft:stone_axe":1,"minecraft:air":0,"minecraft:jungle_planks":12,"minecraft:white_wool":1,"minecraft:birch_trapdoor":6,"minecraft:iron_shovel":3,"minecraft:white_bed":1,"minecraft:torch":76},"minecraft:mined":{"minecraft:spruce_planks":18,"minecraft:white_bed":2,"minecraft:spruce_trapdoor":1,"minecraft:granite":32,"minecraft:grass_block":258,"minecraft:soul_soil":1,"minecraft:bubble_coral_block":2,"minecraft:tube_coral_block":3,"supplementaries:ash":3,"minecraft:fire":4,"minecraft:iron_ore":23,"minecraft:sticky_piston":5,"minecraft:barrel":8,"minecraft:pumpkin":7,"minecraft:spruce_wood":1,"minecraft:waxed_exposed_copper":3,"minecraft:brain_coral_block":6,"minecraft:spruce_slab":5,"minecraft:piston_head":1,"minecraft:soul_lantern":2,"minecraft:clay":59,"minecraft:torch":42,"quark:cobblestone_bricks":46,"minecraft:melon":13,"minecraft:chest":21,"minecraft:cobblestone":557,"minecraft:prismarine":16,"minecraft:sugar_cane":1,"minecraft:oak_planks":1,"minecraft:bricks":11,"minecraft:nether_wart_block":1,"minecraft:birch_log":40,"minecraft:wheat":1,"minecraft:birch_trapdoor":3,"minecraft:grass":8,"minecraft:oak_log":240,"minecraft:sand":44,"minecraft:dirt":75,"minecraft:oak_leaves":722,"minecraft:horn_coral_block":3,"minecraft:gray_candle":1,"minecraft:dark_prismarine":23,"minecraft:diamond_ore":1,"minecraft:mossy_cobblestone":2,"minecraft:dark_oak_log":16,"minecraft:sea_lantern":2,"minecraft:redstone_wire":7,"minecraft:spruce_leaves":38,"minecraft:waxed_weathered_copper":2,"minecraft:large_fern":2,"minecraft:oak_trapdoor":70,"minecraft:carrots":15,"minecraft:andesite":23,"minecraft:stripped_spruce_log":21,"minecraft:cobblestone_slab":11,"minecraft:packed_ice":18,"minecraft:stone":170,"minecraft:fire_coral_block":2,"minecraft:podzol":24,"minecraft:oak_slab":91,"minecraft:soul_sand":1,"minecraft:snow_block":34,"minecraft:dandelion":1,"minecraft:polished_granite":2,"minecraft:sponge":3,"minecraft:diorite":32,"minecraft:prismarine_bricks":23,"graveyard:vase_block":1,"minecraft:redstone_torch":5,"minecraft:spruce_log":35,"minecraft:birch_leaves":2,"minecraft:coal_ore":26,"minecraft:gravel":50,"minecraft:cobweb":13,"minecraft:acacia_planks":1,"minecraft:gold_ore":11},"minecraft:picked_up":{"minecraft:wheat":45,"minecraft:redstone_block":5,"minecraft:prismarine_shard":2,"securitycraft:laser_block":2,"minecraft:gilded_blackstone":1,"croptopia:calamari":2,"minecraft:dead_tube_coral_block":8,"minecraft:string":38,"minecraft:red_nether_bricks":5,"minecraft:iron_leggings":3,"minecraft:sticky_piston":8,"minecraft:sea_pickle":3,"minecraft:red_sand":37,"minecraft:waxed_weathered_copper":2,"minecraft:bucket":2,"minecraft:spruce_planks":29,"minecraft:bubble_coral":1,"minecraft:redstone_torch":5,"minecraft:cobblestone_slab":23,"securitycraft:reinforced_birch_log":3,"minecraft:iron_pickaxe":23,"minecraft:melon_slice":155,"minecraft:iron_boots":3,"minecraft:tipped_arrow":15,"minecraft:stick":219,"minecraft:birch_trapdoor":1,"minecraft:torch":192,"minecraft:spruce_stairs":5,"minecraft:porkchop":39,"minecraft:dried_kelp":3,"minecraft:pointed_dripstone":5,"minecraft:diorite":74,"minecraft:rabbit_foot":2,"minecraft:stone_sword":11,"minecraft:cactus":3,"quark:clear_shard":4,"minecraft:rotten_flesh":85,"minecraft:tropical_fish":1,"minecraft:salmon_bucket":1,"minecraft:white_terracotta":12,"supplementaries:ash":19,"minecraft:iron_bars":2,"minecraft:cod":6,"minecraft:snowball":222,"minecraft:cobblestone":1075,"minecraft:sponge":12,"minecraft:birch_log":115,"minecraft:feather":51,"minecraft:cooked_beef":20,"minecraft:water_bucket":2,"minecraft:andesite":74,"minecraft:jungle_log":5,"minecraft:potato":1,"minecraft:flint":33,"minecraft:prismarine_bricks":45,"minecraft:wither_skeleton_skull":2,"minecraft:lapis_lazuli":26,"minecraft:dirt":728,"minecraft:polished_granite":3,"minecraft:glass":18,"minecraft:bone":123,"minecraft:bow":1,"minecraft:wheat_seeds":29,"minecraft:raw_gold":15,"minecraft:bamboo":124,"croptopia:roe":8,"minecraft:prismarine":58,"minecraft:oak_planks":61,"minecraft:waxed_exposed_copper":4,"minecraft:jungle_planks":8,"minecraft:sand":153,"minecraft:stripped_spruce_log":19,"minecraft:ink_sac":3,"minecraft:grass_block":4,"minecraft:dead_bush":5,"create:tiled_glass":1,"minecraft:dark_oak_log":19,"minecraft:red_terracotta":5,"quark:cobblestone_bricks_wall":2,"minecraft:barrel":9,"minecraft:mossy_cobblestone":11,"minecraft:dark_prismarine":30,"securitycraft:universal_block_remover":4,"minecraft:light_gray_terracotta":18,"minecraft:sugar":11,"minecraft:diamond":24,"improvableskills:skills_book":1,"minecraft:soul_lantern":2,"minecraft:dead_brain_coral_block":10,"minecraft:blue_ice":1,"minecraft:granite":87,"minecraft:bone_meal":116,"minecraft:emerald":5,"minecraft:oak_sapling":41,"born_in_chaos_v1:rotten_fish":4,"minecraft:bricks":8,"minecraft:oak_leaves":699,"minecraft:diamond_pickaxe":4,"minecraft:mud":4,"minecraft:cocoa_beans":1,"minecraft:crafting_table":1,"minecraft:chicken":5,"minecraft:ladder":16,"minecraft:clay_ball":608,"minecraft:brown_mushroom":3,"minecraft:stone_brick_wall":1,"securitycraft:reinforced_glass_pane":17,"minecraft:dead_horn_coral_block":10,"minecraft:oak_trapdoor":70,"minecraft:iron_axe":23,"minecraft:iron_shovel":14,"minecraft:glass_pane":44,"minecraft:beef":13,"minecraft:oak_boat":1,"minecraft:jungle_sapling":3,"minecraft:spruce_slab":8,"minecraft:chest":47,"minecraft:birch_sapling":7,"minecraft:spruce_trapdoor":12,"minecraft:egg":7,"minecraft:dark_oak_sapling":2,"minecraft:raw_iron":44,"minecraft:sandstone":19,"minecraft:copper_ingot":2,"minecraft:spruce_fence":3,"minecraft:carrot":649,"minecraft:redstone":146,"minecraft:prismarine_crystals":23,"minecraft:arrow":54,"minecraft:tube_coral":2,"minecraft:shears":3,"minecraft:gold_ingot":7,"minecraft:white_wool":2,"born_in_chaos_v1:corpse_maggot":5,"enemyexpansion:horsehead_helmet":1,"minecraft:salmon":1,"minecraft:leather":12,"minecraft:red_mushroom":4,"minecraft:ice":1,"savage_and_ravage:creeper_spores":45,"minecraft:oak_log":296,"minecraft:gunpowder":49,"minecraft:orange_terracotta":3,"minecraft:cooked_mutton":1,"minecraft:apple":42,"minecraft:kelp":4,"minecraft:spruce_wood":1,"minecraft:rabbit_hide":2,"minecraft:iron_ingot":38,"minecraft:stone_pickaxe":3,"minecraft:cobweb":2,"minecraft:iron_sword":5,"minecraft:soul_sand":1,"minecraft:oak_slab":154,"minecraft:pumpkin":27,"minecraft:sweet_berries":1,"minecraft:dandelion":1,"minecraft:gravel":63,"minecraft:brain_coral_fan":1,"minecraft:dead_fire_coral_block":13,"minecraft:spruce_sapling":8,"undead_unleashed:grave_metal_scrap":74,"minecraft:white_bed":2,"minecraft:spruce_log":55,"minecraft:spider_eye":17,"minecraft:leather_helmet":2,"quark:cobblestone_bricks":9,"minecraft:pumpkin_seeds":8,"minecraft:stone_axe":11,"minecraft:dead_bubble_coral_block":2,"quark:oak_hedge":2,"minecraft:iron_helmet":4,"minecraft:scute":4,"undead_unleashed:grave_metal_axe":2,"minecraft:coal":83}},"DataVersion":3120}