{"stats":{"minecraft:broken":{"minecraft:iron_axe":1,"minecraft:shears":2},"minecraft:dropped":{"alexsmobs:animal_dictionary":1,"silentgear:blueprint_package":1},"minecraft:used":{"minecraft:oak_log":2,"minecraft:apple":2,"minecraft:iron_axe":246,"minecraft:iron_pickaxe":14,"minecraft:cobblestone_slab":26,"minecraft:oak_leaves":8,"minecraft:torch":2,"minecraft:dirt":1,"minecraft:cobblestone":1,"minecraft:shears":474},"minecraft:custom":{"minecraft:time_since_rest":37731,"minecraft:interact_with_furnace":2,"minecraft:sprint_one_cm":31942,"minecraft:damage_taken":125,"minecraft:walk_one_cm":84757,"minecraft:mob_kills":2,"minecraft:drop":2,"minecraft:damage_dealt":152,"minecraft:fly_one_cm":18327,"minecraft:interact_with_crafting_table":2,"minecraft:open_chest":31,"minecraft:crouch_one_cm":10212,"minecraft:play_time":37731,"minecraft:sneak_time":2965,"minecraft:jump":169,"minecraft:interact_with_stonecutter":1,"minecraft:time_since_death":37731,"minecraft:total_world_time":37731,"minecraft:fall_one_cm":3037},"minecraft:crafted":{"minecraft:iron_axe":1,"minecraft:iron_pickaxe":1,"minecraft:shears":2},"minecraft:mined":{"minecraft:oak_trapdoor":16,"minecraft:oak_log":170,"minecraft:grass_block":2,"minecraft:cobblestone_slab":2,"minecraft:dirt":5,"minecraft:cobblestone":12,"minecraft:oak_leaves":530},"minecraft:picked_up":{"minecraft:birch_log":1,"minecraft:stick":18,"minecraft:torch":10,"minecraft:oak_log":154,"minecraft:dirt":7,"minecraft:oak_trapdoor":15,"minecraft:apple":4,"minecraft:cobblestone_slab":3,"minecraft:oak_sapling":24,"minecraft:oak_leaves":389,"minecraft:cobblestone":3}},"DataVersion":3120}