{"stats":{"minecraft:broken":{"minecraft:shears":5,"securitycraft:universal_block_reinforcer_lvl1":4,"minecraft:iron_axe":2,"minecraft:iron_pickaxe":4,"minecraft:iron_shovel":2,"undead_unleashed:grave_metal_axe":1,"minecraft:stone_pickaxe":1,"minecraft:stone_axe":1},"minecraft:dropped":{"minecraft:iron_sword":2,"minecraft:cooked_porkchop":1,"minecraft:red_mushroom":1,"minecraft:dirt":8,"minecraft:bone_meal":1,"securitycraft:reinforced_dirt":1,"minecraft:iron_pickaxe":7,"minecraft:gray_dye":1,"minecraft:stone_axe":2,"alexsmobs:animal_dictionary":1,"minecraft:wheat":2,"minecraft:rotten_flesh":1,"minecraft:oak_planks":1,"securitycraft:reinforced_oak_slab":1,"minecraft:iron_ingot":22,"minecraft:cobblestone":2,"minecraft:apple":3,"minecraft:jungle_slab":28,"securitycraft:reinforced_cobweb":1,"minecraft:iron_shovel":1,"minecraft:string":1,"minecraft:stone_sword":2,"born_in_chaos_v1:rotten_fish":2,"minecraft:iron_boots":1,"minecraft:shears":1,"minecraft:diamond_sword":1,"minecraft:diamond_pickaxe":1,"minecraft:wooden_shovel":1,"silentgear:blueprint_package":1,"minecraft:gold_ingot":14,"minecraft:white_tulip":1,"minecraft:carrot":146,"supplementaries:ash":1,"securitycraft:reinforced_birch_log":3,"minecraft:gunpowder":1,"minecraft:oak_leaves":9,"minecraft:bread":2,"minecraft:oak_slab":253,"minecraft:stick":2,"minecraft:torch":2,"minecraft:iron_leggings":1,"minecraft:jungle_leaves":9,"minecraft:iron_axe":1,"minecraft:redstone":2,"securitycraft:universal_block_remover":3,"minecraft:oak_sapling":2,"minecraft:diamond_boots":1,"minecraft:stone_pickaxe":1,"securitycraft:universal_block_reinforcer_lvl1":1},"minecraft:killed":{"john_mod_reborn:baby_john":2,"john_mod_reborn:john":1,"undead_revamp2:theswarmer":1,"minecraft:skeleton":12,"minecraft:guardian":1,"undead_revamp2:thespitter":1,"minecraft:zombie":25,"born_in_chaos_v1:corpse_fly":2,"enemyexpansion:botfly":10,"undead_revamp2:bomber":1,"born_in_chaos_v1:firelight":8,"twilightforest:death_tome":1,"undead_revamp2:the_moonflower":1,"twilightforest:kobold":17,"minecraft:wandering_trader":1,"minecraft:enderman":2,"minecraft:zombified_piglin":1,"minecraft:spider":9,"undead_revamp2:thesmoker":1,"minecraft:silverfish":4,"undead_revamp2:therod":1,"minecraft:piglin_brute":1,"minecraft:wolf":1,"minecraft:pig":1,"alexsmobs:crimson_mosquito":2,"twilightforest:redcap":7,"minecraft:stray":7,"undead_unleashed:haunter":2,"minecraft:slime":2,"born_in_chaos_v1:maggot":6,"twilightforest:swarm_spider":4,"minecraft:drowned":1,"undead_revamp2:sucker":6,"quark:foxhound":2,"minecraft:squid":1,"minecraft:wither_skeleton":13,"john_mod_reborn:feral_baby_john_1":2},"minecraft:used":{"minecraft:moss_block":6,"minecraft:spruce_slab":304,"minecraft:ladder":7,"minecraft:chest":19,"minecraft:rotten_flesh":1,"securitycraft:keypad_item":1,"minecraft:jungle_slab":79,"undead_unleashed:grave_metal_axe":1,"minecraft:snowball":52,"minecraft:grass_block":4,"minecraft:furnace":4,"minecraft:oak_sapling":35,"minecraft:egg":1,"minecraft:potato":11,"minecraft:damaged_anvil":1,"minecraft:blackstone":129,"minecraft:wooden_pickaxe":28,"graveyard:dark_iron_bars":1,"minecraft:oak_leaves":625,"securitycraft:reinforced_glass_pane":3,"minecraft:blast_furnace":1,"securitycraft:universal_block_remover":10,"minecraft:birch_slab":35,"twilightforest:mushgloom":2,"minecraft:polished_granite":3,"minecraft:nether_wart_block":2,"minecraft:birch_log":1,"minecraft:oak_trapdoor":7,"minecraft:enchanting_table":1,"minecraft:iron_bars":1,"minecraft:stone_sword":219,"minecraft:netherrack":173,"minecraft:torch":282,"minecraft:chainmail_chestplate":3,"minecraft:golden_shovel":28,"minecraft:iron_axe":763,"minecraft:barrel":7,"silentgear:pickaxe":1,"minecraft:basalt":1,"minecraft:pointed_dripstone":1,"minecraft:water_bucket":3,"quark:cobblestone_bricks":3,"minecraft:polished_blackstone_bricks":61,"minecraft:mossy_cobblestone":3,"minecraft:oak_slab":592,"minecraft:crafting_table":19,"minecraft:white_bed":10,"minecraft:oak_log":6,"minecraft:mud":1,"minecraft:diamond_pickaxe":686,"minecraft:diamond_shovel":299,"minecraft:iron_pickaxe":1570,"quark:crimson_chest":1,"minecraft:leather_helmet":1,"minecraft:spruce_trapdoor":1,"minecraft:cobblestone":604,"minecraft:cooked_porkchop":21,"quark:oak_chest":7,"enemyexpansion:troll_statue":10,"minecraft:iron_shovel":498,"minecraft:shield":47,"minecraft:white_terracotta":2,"minecraft:iron_sword":668,"minecraft:jungle_planks":6,"minecraft:carrot":130,"minecraft:obsidian":1,"born_in_chaos_v1:corpse_maggot":6,"minecraft:iron_helmet":6,"minecraft:golden_sword":22,"minecraft:birch_trapdoor":5,"minecraft:written_book":1,"minecraft:golden_boots":7,"minecraft:birch_leaves":13,"minecraft:stone_pickaxe":269,"minecraft:oak_planks":19,"minecraft:diamond_axe":490,"minecraft:crossbow":11,"minecraft:black_bed":2,"minecraft:shears":1310,"securitycraft:reinforced_grass_block":1,"minecraft:bread":10,"minecraft:melon_slice":8,"minecraft:gravel":6,"minecraft:golden_helmet":2,"minecraft:andesite":1,"minecraft:coarse_dirt":4,"minecraft:bone_meal":3,"minecraft:cobweb":3,"minecraft:jungle_leaves":11,"quark:birch_chest":2,"minecraft:redstone":1,"quark:jungle_chest":1,"minecraft:spruce_planks":38,"minecraft:dirt":1101,"minecraft:spruce_stairs":1,"minecraft:granite":2,"minecraft:iron_hoe":1,"minecraft:oak_stairs":7,"minecraft:iron_boots":10,"minecraft:cooked_beef":2,"minecraft:iron_leggings":3,"minecraft:baked_potato":14,"minecraft:cobblestone_slab":135,"minecraft:black_wool":1,"minecraft:apple":7,"minecraft:cracked_polished_blackstone_bricks":51,"minecraft:stone_axe":146,"minecraft:lapis_block":1,"minecraft:bucket":5,"minecraft:yellow_bed":1},"minecraft:custom":{"minecraft:interact_with_crafting_table":143,"minecraft:open_barrel":55,"minecraft:leave_game":21,"minecraft:time_since_death":21206,"minecraft:damage_blocked_by_shield":1175,"minecraft:play_time":690527,"minecraft:deaths":111,"minecraft:jump":8644,"minecraft:interact_with_furnace":69,"minecraft:sleep_in_bed":25,"minecraft:damage_dealt":43707,"minecraft:interact_with_smoker":15,"minecraft:use_cauldron":3,"minecraft:interact_with_smithing_table":3,"minecraft:interact_with_anvil":1,"minecraft:damage_dealt_absorbed":25,"minecraft:sneak_time":152572,"minecraft:interact_with_blast_furnace":22,"minecraft:total_world_time":690527,"minecraft:interact_with_stonecutter":9,"minecraft:time_since_rest":21232,"minecraft:swim_one_cm":60113,"minecraft:fly_one_cm":1834369,"minecraft:open_chest":1320,"minecraft:fall_one_cm":131587,"minecraft:sprint_one_cm":1682506,"minecraft:drop":120,"minecraft:talked_to_villager":11,"minecraft:walk_on_water_one_cm":29842,"minecraft:player_kills":3,"minecraft:crouch_one_cm":483097,"minecraft:mob_kills":161,"minecraft:damage_dealt_resisted":648,"minecraft:climb_one_cm":7111,"minecraft:walk_one_cm":1736351,"minecraft:walk_under_water_one_cm":30250,"minecraft:damage_taken":34196},"minecraft:killed_by":{"undead_revamp2:the_moonflower":2,"enemyexpansion:huntsman":1,"twilightforest:kobold":3,"john_mod_reborn:baby_john_pack_lead":1,"minecraft:zombie":6,"john_mod_reborn:hugging_john":1,"quark:foxhound":3,"born_in_chaos_v1:firelight":5,"undead_revamp2:theswarmer":4,"undead_revamp2:sucker":14,"minecraft:zombified_piglin":2,"minecraft:wither_skeleton":1,"twilightforest:skeleton_druid":1,"minecraft:creeper":4,"john_mod_reborn:feral_baby_john_1":5,"john_mod_reborn:feral_baby_john_2":1,"minecraft:piglin":1,"minecraft:witch":4,"undead_revamp2:thesmoker":1,"minecraft:player":10,"minecraft:spider":1,"enemyexpansion:equestrian":1,"undead_revamp2:thehorrors":2,"undead_revamp2:thehunter":2,"undead_revamp2:therod":1,"minecraft:skeleton":10,"john_mod_reborn:baby_john":5,"tinyskeletons:baby_skeleton":1,"twilightforest:redcap":2},"minecraft:crafted":{"minecraft:smooth_stone":3,"quark:birch_chest":2,"minecraft:diamond_shovel":1,"securitycraft:keypad_item":1,"minecraft:iron_bars":16,"minecraft:glass":1,"minecraft:diamond_axe":1,"quark:oak_chest":7,"minecraft:iron_pickaxe":7,"minecraft:gold_ingot":32,"silentgear:pickaxe":1,"quark:jungle_chest":1,"minecraft:yellow_bed":1,"minecraft:bone_meal":3,"minecraft:spruce_slab":336,"minecraft:stone_pickaxe":7,"minecraft:redstone_block":7,"minecraft:dark_oak_planks":12,"minecraft:golden_helmet":2,"minecraft:wheat":18,"minecraft:enchanting_table":1,"minecraft:glowstone":1,"minecraft:jungle_slab":90,"minecraft:birch_trapdoor":6,"minecraft:iron_shovel":4,"minecraft:iron_leggings":1,"minecraft:white_bed":2,"create:tiled_glass":2,"minecraft:oak_planks":418,"minecraft:stone":23,"securitycraft:wire_cutters":1,"minecraft:heavy_weighted_pressure_plate":1,"securitycraft:laser_block":4,"minecraft:iron_boots":1,"silentgear:rough_rod":2,"minecraft:oak_slab":300,"minecraft:crafting_table":16,"minecraft:spruce_planks":208,"minecraft:wooden_pickaxe":1,"minecraft:baked_potato":18,"minecraft:iron_helmet":1,"minecraft:birch_planks":84,"minecraft:iron_chestplate":1,"minecraft:diamond_pickaxe":2,"minecraft:shield":2,"minecraft:stick":224,"minecraft:iron_ingot":9,"minecraft:stone_sword":12,"minecraft:black_bed":2,"minecraft:shears":7,"securitycraft:universal_block_reinforcer_lvl1":4,"minecraft:redstone":9,"minecraft:furnace":3,"minecraft:stone_button":23,"minecraft:blast_furnace":1,"minecraft:glass_pane":16,"minecraft:flint_and_steel":1,"minecraft:iron_axe":4,"minecraft:cooked_beef":6,"minecraft:iron_sword":4,"minecraft:golden_shovel":1,"minecraft:stone_axe":5,"minecraft:bread":11,"minecraft:air":0,"minecraft:jungle_planks":108,"minecraft:white_wool":3,"minecraft:torch":124},"minecraft:mined":{"minecraft:white_bed":9,"minecraft:jungle_leaves":53,"minecraft:obsidian":3,"minecraft:granite":40,"minecraft:jungle_log":8,"minecraft:bubble_coral_block":2,"minecraft:tube_coral_block":3,"minecraft:oxeye_daisy":1,"minecraft:spawner":3,"graveyard:wither_skull_with_rib_cage":1,"minecraft:polished_blackstone_bricks":86,"minecraft:fire":35,"minecraft:sticky_piston":5,"minecraft:barrel":9,"minecraft:pumpkin":14,"minecraft:enchanting_table":1,"minecraft:dirt_path":64,"minecraft:oak_stairs":8,"minecraft:pink_tulip":2,"minecraft:spruce_wood":1,"minecraft:waxed_exposed_copper":3,"minecraft:piston_head":1,"minecraft:smoker":1,"minecraft:torch":76,"minecraft:melon":24,"minecraft:sugar_cane":3,"minecraft:damaged_anvil":3,"minecraft:bricks":11,"minecraft:white_terracotta":2,"minecraft:wheat":1,"minecraft:black_bed":1,"minecraft:grass":122,"minecraft:dark_prismarine":24,"minecraft:mossy_cobblestone":7,"minecraft:dark_oak_log":16,"minecraft:sea_lantern":2,"minecraft:allium":1,"minecraft:crimson_roots":4,"minecraft:redstone_wire":11,"minecraft:moss_block":1,"minecraft:waxed_weathered_copper":2,"twilightforest:mushgloom":1,"minecraft:redstone_ore":16,"graveyard:tg_moss_block":12,"minecraft:andesite":35,"twilightforest:twilight_oak_leaves":2,"minecraft:potatoes":20,"minecraft:cobblestone_slab":27,"minecraft:fire_coral_block":2,"minecraft:white_wool":2,"minecraft:oak_slab":102,"minecraft:glass_pane":2,"minecraft:soul_sand":1,"minecraft:dandelion":1,"graveyard:tg_rooted_dirt":3,"minecraft:sponge":3,"minecraft:tall_grass":6,"minecraft:copper_ore":2,"minecraft:diorite":36,"minecraft:coarse_dirt":3,"graveyard:vase_block":2,"graveyard:red_urn":1,"minecraft:spruce_log":35,"minecraft:birch_leaves":84,"minecraft:gravel":78,"minecraft:cobweb":43,"minecraft:acacia_planks":1,"quark:crimson_chest":3,"minecraft:stone_bricks":2,"minecraft:gold_ore":32,"minecraft:fern":5,"minecraft:spruce_planks":18,"graveyard:tg_coarse_dirt":61,"minecraft:jungle_slab":1,"minecraft:brewing_stand":1,"minecraft:spruce_trapdoor":1,"minecraft:grass_block":446,"minecraft:cracked_polished_blackstone_bricks":63,"minecraft:soul_soil":1,"minecraft:gilded_blackstone":2,"minecraft:glowstone":18,"supplementaries:ash":3,"minecraft:iron_ore":238,"minecraft:black_carpet":1,"minecraft:pointed_dripstone":1,"minecraft:iron_bars":1,"enemyexpansion:troll_statue":7,"minecraft:brain_coral_block":6,"minecraft:spruce_slab":8,"minecraft:blackstone":141,"minecraft:soul_lantern":4,"minecraft:clay":92,"twilightforest:torchberry_plant":3,"quark:cobblestone_bricks":46,"minecraft:chest":35,"minecraft:cobblestone":631,"minecraft:prismarine":16,"minecraft:oak_planks":15,"minecraft:wall_torch":4,"minecraft:nether_wart_block":3,"minecraft:birch_log":82,"minecraft:yellow_wool":3,"minecraft:birch_trapdoor":3,"minecraft:smooth_stone_slab":2,"minecraft:yellow_stained_glass_pane":1,"minecraft:oak_log":520,"minecraft:sand":44,"minecraft:dirt":153,"minecraft:netherrack":140,"minecraft:oak_leaves":1428,"minecraft:horn_coral_block":3,"minecraft:gray_candle":1,"minecraft:diamond_ore":11,"minecraft:oak_door":1,"minecraft:ladder":5,"minecraft:birch_slab":1,"minecraft:spruce_leaves":55,"minecraft:rooted_dirt":1,"minecraft:large_fern":5,"minecraft:hay_block":2,"minecraft:oak_trapdoor":102,"minecraft:furnace":2,"minecraft:carrots":66,"minecraft:stripped_spruce_log":46,"minecraft:gold_block":9,"minecraft:bookshelf":4,"minecraft:stripped_oak_log":2,"minecraft:packed_ice":18,"minecraft:stone":557,"minecraft:white_tulip":1,"minecraft:podzol":51,"minecraft:snow_block":34,"minecraft:stripped_dark_oak_log":2,"minecraft:basalt":7,"minecraft:polished_granite":2,"minecraft:oak_fence":2,"minecraft:crafting_table":1,"minecraft:oak_wood":5,"graveyard:tg_grass_block":78,"minecraft:polished_blackstone_brick_stairs":1,"twilightforest:mayapple":4,"minecraft:prismarine_bricks":23,"graveyard:small_white_urn":1,"minecraft:redstone_torch":6,"minecraft:yellow_bed":1,"minecraft:black_wool":9,"graveyard:dark_iron_bars":1,"undead_unleashed:ashthorn":1,"minecraft:coal_ore":67,"paraglider:goddess_statue":1},"minecraft:picked_up":{"minecraft:iron_chestplate":4,"securitycraft:reinforced_oak_slab":1,"minecraft:prismarine_shard":2,"securitycraft:laser_block":2,"minecraft:diamond_sword":1,"minecraft:oak_stairs":7,"minecraft:enchanted_book":1,"croptopia:calamari":2,"minecraft:brewing_stand":1,"minecraft:golden_sword":3,"minecraft:polished_blackstone_brick_stairs":1,"minecraft:string":193,"minecraft:red_nether_bricks":5,"securitycraft:reinforced_dirt":1,"minecraft:gold_nugget":102,"minecraft:waxed_weathered_copper":2,"minecraft:spruce_planks":31,"minecraft:bubble_coral":1,"minecraft:written_book":1,"securitycraft:reinforced_birch_log":3,"minecraft:melon_slice":275,"minecraft:diamond_ore":1,"minecraft:golden_helmet":8,"minecraft:acacia_log":2,"minecraft:golden_chestplate":3,"minecraft:rabbit_foot":6,"minecraft:stone_sword":23,"quark:clear_shard":4,"minecraft:salmon_bucket":1,"minecraft:tropical_fish":1,"minecraft:glowstone":34,"supplementaries:ash":28,"minecraft:white_terracotta":14,"minecraft:iron_bars":3,"minecraft:snowball":222,"minecraft:sponge":12,"minecraft:birch_log":199,"minecraft:feather":64,"minecraft:cooked_beef":21,"minecraft:birch_slab":35,"minecraft:water_bucket":4,"minecraft:jungle_log":12,"minecraft:smoker":2,"minecraft:flint":41,"minecraft:light_gray_concrete_powder":5,"twilightforest:canopy_sapling":2,"minecraft:moss_block":18,"minecraft:glowstone_dust":6,"quark:cobblestone_bricks_slab":128,"minecraft:gray_candle":6,"croptopia:roe":8,"twilightforest:mushgloom":2,"minecraft:stripped_spruce_log":45,"minecraft:ink_sac":5,"minecraft:dark_oak_log":21,"quark:cobblestone_bricks_wall":2,"minecraft:red_terracotta":5,"create:tiled_glass":1,"minecraft:barrel":19,"securitycraft:universal_block_remover":4,"minecraft:iron_hoe":1,"improvableskills:skills_book":1,"minecraft:dead_brain_coral_block":10,"minecraft:blue_ice":1,"minecraft:granite":103,"minecraft:spruce_button":2,"minecraft:bread":7,"minecraft:rooted_dirt":4,"born_in_chaos_v1:rotten_fish":4,"minecraft:bricks":8,"minecraft:light_blue_candle":2,"minecraft:crimson_roots":9,"minecraft:diamond_pickaxe":20,"minecraft:crafting_table":3,"minecraft:mud":4,"minecraft:coarse_dirt":57,"minecraft:clay_ball":1020,"minecraft:dead_horn_coral_block":10,"alexsmobs:pigshoes":1,"minecraft:netherite_scrap":2,"minecraft:iron_shovel":21,"minecraft:glass_pane":44,"minecraft:beef":13,"securitycraft:reinforced_cobweb":1,"minecraft:poppy":8,"minecraft:jungle_sapling":6,"minecraft:iron_nugget":4,"minecraft:spruce_slab":33,"minecraft:chest":76,"minecraft:birch_sapling":19,"minecraft:egg":19,"minecraft:sandstone":19,"minecraft:stone":4,"minecraft:oak_door":2,"minecraft:spruce_fence":3,"graveyard:dark_iron_bars":1,"minecraft:carrot":943,"minecraft:redstone":579,"minecraft:prismarine_crystals":23,"minecraft:shears":4,"minecraft:diamond_boots":1,"minecraft:hay_block":2,"minecraft:gold_ingot":81,"sophisticatedbackpacks:copper_backpack":2,"minecraft:mutton":1,"minecraft:bone_block":4,"ad_astra:hammer":7,"minecraft:white_wool":6,"minecraft:oxeye_daisy":1,"minecraft:stripped_oak_log":1,"minecraft:birch_leaves":48,"enemyexpansion:horsehead_helmet":1,"minecraft:red_mushroom":14,"minecraft:oak_log":753,"minecraft:ancient_debris":14,"minecraft:paper":14,"minecraft:apple":78,"minecraft:stone_bricks":2,"minecraft:kelp":8,"minecraft:stone_pickaxe":17,"minecraft:cobweb":2,"minecraft:glass_bottle":5,"minecraft:iron_sword":38,"minecraft:sweet_berries":1,"minecraft:gravel":161,"minecraft:dead_fire_coral_block":13,"minecraft:spruce_sapling":13,"minecraft:spruce_log":64,"minecraft:crying_obsidian":4,"minecraft:leather_helmet":2,"quark:cobblestone_bricks":9,"minecraft:oak_wood":5,"minecraft:diamond_shovel":2,"minecraft:slime_ball":2,"minecraft:stone_axe":15,"quark:oak_hedge":2,"minecraft:scute":4,"minecraft:diamond_axe":3,"minecraft:baked_potato":214,"minecraft:stripped_dark_oak_log":2,"minecraft:ender_pearl":2,"minecraft:black_carpet":2,"minecraft:wheat":125,"minecraft:redstone_block":5,"minecraft:yellow_wool":3,"minecraft:gilded_blackstone":5,"minecraft:nether_brick":4,"minecraft:lapis_block":3,"minecraft:dead_tube_coral_block":8,"minecraft:raw_copper":35,"minecraft:smooth_stone_slab":8,"minecraft:iron_leggings":14,"minecraft:sticky_piston":11,"minecraft:sea_pickle":3,"alexsmobs:blood_sac":2,"minecraft:red_sand":37,"minecraft:bucket":20,"securitycraft:reinforced_spruce_planks":1,"minecraft:white_tulip":1,"minecraft:redstone_torch":10,"minecraft:cobblestone_slab":120,"minecraft:wooden_shovel":1,"minecraft:iron_pickaxe":44,"minecraft:iron_boots":33,"minecraft:furnace":2,"minecraft:tipped_arrow":15,"minecraft:stick":611,"improvableskills:parchment_fragment":2,"minecraft:birch_trapdoor":1,"minecraft:oak_fence":5,"minecraft:torch":415,"minecraft:spruce_stairs":9,"minecraft:porkchop":43,"minecraft:dried_kelp":3,"minecraft:pointed_dripstone":17,"minecraft:diorite":81,"minecraft:cactus":6,"minecraft:rotten_flesh":409,"minecraft:obsidian":97,"minecraft:cod":6,"undead_revamp2:arapholia":1,"minecraft:cobblestone":3582,"minecraft:enchanting_table":1,"minecraft:andesite":91,"minecraft:potato":117,"paraglider:spirit_orb":15,"minecraft:prismarine_bricks":45,"enemyexpansion:troll_statue":12,"minecraft:wither_skeleton_skull":3,"minecraft:dirt":1553,"minecraft:lapis_lazuli":182,"minecraft:polished_granite":3,"minecraft:name_tag":1,"minecraft:leather_boots":1,"minecraft:glass":18,"minecraft:bone":246,"silentgear:netherwood_sapling":1,"minecraft:bow":1,"minecraft:orange_tulip":1,"minecraft:wheat_seeds":112,"minecraft:raw_gold":60,"minecraft:bamboo":1229,"minecraft:waxed_exposed_copper":4,"minecraft:prismarine":58,"minecraft:oak_planks":218,"minecraft:cooked_porkchop":44,"minecraft:poisonous_potato":4,"minecraft:jungle_planks":120,"minecraft:sand":153,"minecraft:dead_bush":5,"minecraft:grass_block":4,"minecraft:jungle_slab":27,"minecraft:mossy_cobblestone":17,"minecraft:dark_prismarine":32,"minecraft:jungle_leaves":53,"minecraft:light_gray_terracotta":18,"minecraft:sugar":19,"minecraft:clay":5,"born_in_chaos_v1:fire_dust":17,"minecraft:diamond":48,"minecraft:soul_lantern":4,"minecraft:cracked_polished_blackstone_bricks":78,"quark:music_disc_clock":2,"minecraft:crossbow":3,"minecraft:bone_meal":143,"minecraft:grass":2,"minecraft:emerald":5,"minecraft:oak_sapling":87,"twilightforest:torchberries":47,"minecraft:netherrack":199,"minecraft:oak_leaves":1268,"rottencreatures:magma_rotten_flesh":2,"quark:crimson_chest":2,"minecraft:cocoa_beans":1,"minecraft:allium":3,"minecraft:chicken":5,"minecraft:ladder":25,"minecraft:brown_mushroom":17,"minecraft:wooden_pickaxe":1,"silentgear:nether_banana":6,"minecraft:gold_block":20,"minecraft:stone_brick_wall":1,"securitycraft:reinforced_glass_pane":17,"minecraft:shield":9,"minecraft:oak_trapdoor":103,"minecraft:iron_axe":25,"minecraft:blackstone":184,"minecraft:blue_orchid":1,"graveyard:corruption":2,"improvableskills:scroll_normal":8,"minecraft:oak_boat":1,"minecraft:sugar_cane":4,"minecraft:spruce_trapdoor":13,"minecraft:dark_oak_sapling":2,"minecraft:raw_iron":594,"minecraft:copper_ingot":6,"minecraft:gray_dye":6,"minecraft:polished_blackstone_bricks":86,"minecraft:trident":1,"minecraft:arrow":182,"minecraft:tube_coral":2,"minecraft:pink_tulip":2,"minecraft:glistering_melon_slice":40,"born_in_chaos_v1:corpse_maggot":24,"minecraft:basalt":7,"minecraft:salmon":1,"minecraft:leather":51,"minecraft:ice":1,"savage_and_ravage:creeper_spores":154,"minecraft:chainmail_chestplate":6,"minecraft:nether_wart_block":2,"minecraft:gunpowder":108,"minecraft:orange_terracotta":3,"minecraft:cooked_mutton":1,"quark:music_disc_crickets":2,"minecraft:rabbit_hide":2,"minecraft:spruce_wood":1,"minecraft:iron_ingot":134,"minecraft:cooked_chicken":2,"securitycraft:universal_block_reinforcer_lvl1":1,"minecraft:soul_sand":1,"minecraft:book":31,"minecraft:oak_slab":1060,"minecraft:pumpkin":37,"minecraft:stone_brick_slab":1,"minecraft:dandelion":6,"minecraft:brain_coral_fan":1,"undead_unleashed:grave_metal_scrap":192,"justhammers:stone_hammer":2,"minecraft:white_bed":8,"minecraft:spider_eye":32,"minecraft:pumpkin_seeds":10,"securitycraft:reinforced_grass_block":1,"minecraft:chainmail_leggings":4,"minecraft:dead_bubble_coral_block":2,"minecraft:iron_helmet":14,"undead_unleashed:grave_metal_axe":2,"minecraft:damaged_anvil":3,"minecraft:black_wool":7,"minecraft:coal":1054}},"DataVersion":3120}