{"stats":{"minecraft:broken":{"minecraft:iron_axe":1,"minecraft:shears":2},"minecraft:killed":{"minecraft:spider":1},"minecraft:dropped":{"alexsmobs:animal_dictionary":1,"silentgear:blueprint_package":1},"minecraft:used":{"minecraft:oak_log":2,"minecraft:apple":2,"minecraft:iron_axe":296,"minecraft:oak_planks":1,"minecraft:iron_pickaxe":117,"minecraft:cobblestone_slab":41,"minecraft:oak_leaves":8,"minecraft:torch":16,"minecraft:dirt":1,"minecraft:cobblestone":108,"minecraft:shears":513},"minecraft:custom":{"minecraft:time_since_rest":9452,"minecraft:interact_with_furnace":3,"minecraft:sprint_one_cm":72423,"minecraft:damage_taken":597,"minecraft:walk_one_cm":123852,"minecraft:mob_kills":3,"minecraft:drop":2,"minecraft:damage_dealt":537,"minecraft:talked_to_villager":5,"minecraft:fly_one_cm":60122,"minecraft:interact_with_crafting_table":3,"minecraft:open_chest":70,"minecraft:crouch_one_cm":37375,"minecraft:play_time":61731,"minecraft:deaths":2,"minecraft:sneak_time":9573,"minecraft:jump":332,"minecraft:interact_with_stonecutter":2,"minecraft:time_since_death":9428,"minecraft:total_world_time":61731,"minecraft:fall_one_cm":4918},"minecraft:killed_by":{"enemyexpansion:huntsman":1,"john_mod_reborn:baby_john":1},"minecraft:crafted":{"minecraft:iron_axe":2,"minecraft:stick":16,"minecraft:iron_pickaxe":1,"minecraft:torch":24,"minecraft:shears":2},"minecraft:picked_up":{"minecraft:birch_log":8,"minecraft:oak_slab":10,"minecraft:stick":33,"minecraft:chicken":1,"minecraft:feather":1,"minecraft:clay_ball":56,"minecraft:pumpkin":3,"minecraft:torch":20,"minecraft:oak_log":158,"minecraft:dirt":50,"minecraft:oak_trapdoor":15,"minecraft:iron_axe":1,"minecraft:pumpkin_seeds":1,"minecraft:apple":7,"minecraft:shears":1,"minecraft:iron_ingot":6,"minecraft:cobblestone_slab":16,"minecraft:melon_slice":25,"minecraft:iron_pickaxe":1,"minecraft:chest":3,"minecraft:oak_sapling":27,"minecraft:oak_planks":1,"minecraft:oak_leaves":411,"minecraft:cobblestone":118},"minecraft:mined":{"minecraft:podzol":5,"minecraft:oak_slab":11,"minecraft:oak_trapdoor":16,"minecraft:birch_log":6,"minecraft:clay":7,"minecraft:torch":3,"quark:cobblestone_bricks":8,"minecraft:oak_log":173,"minecraft:grass_block":28,"minecraft:melon":2,"minecraft:cobblestone_slab":4,"minecraft:chest":1,"minecraft:dirt":5,"minecraft:cobblestone":101,"minecraft:oak_planks":1,"minecraft:oak_leaves":570}},"DataVersion":3120}