{"stats":{"minecraft:broken":{"minecraft:iron_shovel":2,"minecraft:shears":5,"undead_unleashed:grave_metal_axe":1,"minecraft:stone_pickaxe":1,"minecraft:stone_axe":1,"securitycraft:universal_block_reinforcer_lvl1":1,"minecraft:iron_axe":2,"minecraft:iron_pickaxe":4},"minecraft:dropped":{"minecraft:iron_sword":2,"minecraft:cooked_porkchop":1,"silentgear:blueprint_package":1,"minecraft:red_mushroom":1,"minecraft:bone_meal":1,"minecraft:iron_pickaxe":7,"minecraft:gray_dye":1,"minecraft:stone_axe":2,"alexsmobs:animal_dictionary":1,"minecraft:wheat":2,"minecraft:rotten_flesh":1,"minecraft:oak_planks":1,"minecraft:carrot":128,"securitycraft:reinforced_birch_log":3,"minecraft:iron_ingot":6,"minecraft:bread":2,"minecraft:oak_slab":253,"minecraft:cobblestone":1,"minecraft:jungle_slab":28,"minecraft:iron_axe":1,"minecraft:iron_shovel":1,"minecraft:string":1,"minecraft:stone_sword":2,"born_in_chaos_v1:rotten_fish":2,"minecraft:iron_boots":1,"minecraft:shears":1,"securitycraft:universal_block_remover":3,"minecraft:diamond_sword":1,"minecraft:diamond_pickaxe":1,"minecraft:oak_sapling":1,"minecraft:wooden_shovel":1,"minecraft:stone_pickaxe":1,"securitycraft:universal_block_reinforcer_lvl1":1},"minecraft:killed":{"john_mod_reborn:baby_john":2,"john_mod_reborn:john":1,"minecraft:spider":9,"undead_revamp2:thesmoker":1,"undead_revamp2:theswarmer":1,"minecraft:skeleton":12,"minecraft:guardian":1,"minecraft:silverfish":4,"undead_revamp2:therod":1,"minecraft:wolf":1,"minecraft:pig":1,"twilightforest:redcap":7,"minecraft:zombie":25,"minecraft:stray":7,"born_in_chaos_v1:corpse_fly":2,"enemyexpansion:botfly":10,"undead_unleashed:haunter":2,"undead_revamp2:bomber":1,"minecraft:slime":2,"born_in_chaos_v1:maggot":6,"twilightforest:swarm_spider":4,"twilightforest:death_tome":1,"minecraft:drowned":1,"undead_revamp2:sucker":6,"twilightforest:kobold":17,"minecraft:wandering_trader":1,"minecraft:squid":1,"minecraft:wither_skeleton":13,"john_mod_reborn:feral_baby_john_1":2,"minecraft:enderman":2},"minecraft:used":{"enemyexpansion:troll_statue":7,"minecraft:moss_block":6,"minecraft:iron_shovel":498,"minecraft:spruce_slab":304,"minecraft:ladder":7,"minecraft:chest":19,"minecraft:white_terracotta":2,"minecraft:shield":13,"minecraft:iron_sword":562,"minecraft:rotten_flesh":1,"minecraft:jungle_planks":6,"undead_unleashed:grave_metal_axe":1,"minecraft:carrot":82,"minecraft:jungle_slab":79,"minecraft:snowball":52,"born_in_chaos_v1:corpse_maggot":6,"minecraft:grass_block":4,"minecraft:iron_helmet":4,"minecraft:birch_trapdoor":5,"minecraft:written_book":1,"minecraft:oak_sapling":35,"minecraft:furnace":3,"minecraft:egg":1,"minecraft:golden_boots":7,"minecraft:damaged_anvil":1,"minecraft:birch_leaves":13,"minecraft:oak_planks":18,"minecraft:stone_pickaxe":269,"minecraft:wooden_pickaxe":28,"minecraft:diamond_axe":475,"graveyard:dark_iron_bars":1,"minecraft:oak_leaves":625,"securitycraft:reinforced_glass_pane":3,"minecraft:blast_furnace":1,"minecraft:black_bed":2,"securitycraft:universal_block_remover":6,"minecraft:shears":1310,"twilightforest:mushgloom":2,"minecraft:gravel":2,"minecraft:birch_slab":35,"minecraft:melon_slice":8,"minecraft:bread":10,"minecraft:polished_granite":3,"minecraft:golden_helmet":1,"minecraft:nether_wart_block":2,"minecraft:andesite":1,"minecraft:birch_log":1,"minecraft:coarse_dirt":4,"minecraft:bone_meal":3,"minecraft:cobweb":3,"minecraft:oak_trapdoor":7,"quark:birch_chest":2,"minecraft:iron_bars":1,"minecraft:stone_sword":208,"minecraft:redstone":1,"quark:jungle_chest":1,"minecraft:spruce_planks":38,"minecraft:torch":236,"minecraft:dirt":1093,"minecraft:chainmail_chestplate":2,"minecraft:spruce_stairs":1,"minecraft:golden_shovel":28,"minecraft:granite":2,"minecraft:iron_hoe":1,"minecraft:iron_axe":763,"minecraft:oak_stairs":7,"minecraft:iron_boots":8,"minecraft:barrel":7,"minecraft:cooked_beef":2,"minecraft:pointed_dripstone":1,"minecraft:iron_leggings":1,"minecraft:water_bucket":3,"quark:cobblestone_bricks":3,"minecraft:cobblestone_slab":45,"minecraft:mossy_cobblestone":3,"minecraft:oak_slab":559,"minecraft:crafting_table":15,"minecraft:white_bed":8,"minecraft:oak_log":5,"minecraft:mud":1,"minecraft:black_wool":1,"minecraft:diamond_pickaxe":341,"minecraft:apple":3,"minecraft:diamond_shovel":299,"minecraft:iron_pickaxe":1445,"minecraft:leather_helmet":1,"minecraft:spruce_trapdoor":1,"minecraft:stone_axe":146,"minecraft:cobblestone":539,"minecraft:cooked_porkchop":20,"minecraft:lapis_block":1,"minecraft:bucket":3,"quark:oak_chest":3,"minecraft:yellow_bed":1},"minecraft:custom":{"minecraft:interact_with_crafting_table":108,"minecraft:open_barrel":55,"minecraft:leave_game":18,"minecraft:time_since_death":11456,"minecraft:sprint_one_cm":1371134,"minecraft:damage_blocked_by_shield":640,"minecraft:drop":83,"minecraft:talked_to_villager":11,"minecraft:play_time":562072,"minecraft:deaths":91,"minecraft:jump":7300,"minecraft:walk_on_water_one_cm":29059,"minecraft:interact_with_furnace":56,"minecraft:sleep_in_bed":21,"minecraft:damage_dealt":38331,"minecraft:player_kills":3,"minecraft:crouch_one_cm":387692,"minecraft:interact_with_smoker":1,"minecraft:use_cauldron":1,"minecraft:interact_with_anvil":1,"minecraft:mob_kills":145,"minecraft:damage_dealt_resisted":648,"minecraft:climb_one_cm":6973,"minecraft:walk_one_cm":1457051,"minecraft:damage_dealt_absorbed":25,"minecraft:sneak_time":120387,"minecraft:walk_under_water_one_cm":25927,"minecraft:interact_with_blast_furnace":12,"minecraft:total_world_time":562072,"minecraft:interact_with_stonecutter":7,"minecraft:time_since_rest":11482,"minecraft:damage_taken":26720,"minecraft:swim_one_cm":60113,"minecraft:fly_one_cm":1469294,"minecraft:open_chest":1034,"minecraft:fall_one_cm":112902},"minecraft:killed_by":{"undead_revamp2:sucker":13,"undead_revamp2:the_moonflower":1,"minecraft:wither_skeleton":1,"twilightforest:skeleton_druid":1,"minecraft:creeper":4,"john_mod_reborn:feral_baby_john_1":5,"enemyexpansion:huntsman":1,"twilightforest:kobold":3,"john_mod_reborn:baby_john_pack_lead":1,"minecraft:witch":4,"minecraft:zombie":6,"minecraft:player":9,"minecraft:spider":1,"undead_revamp2:theswarmer":4,"undead_revamp2:thehorrors":2,"undead_revamp2:thehunter":2,"undead_revamp2:therod":1,"minecraft:skeleton":10,"john_mod_reborn:baby_john":5,"tinyskeletons:baby_skeleton":1,"twilightforest:redcap":2},"minecraft:crafted":{"create:tiled_glass":1,"minecraft:smooth_stone":3,"minecraft:oak_planks":304,"quark:birch_chest":2,"securitycraft:wire_cutters":1,"minecraft:diamond_shovel":1,"securitycraft:laser_block":2,"minecraft:glass":1,"silentgear:rough_rod":2,"minecraft:oak_slab":270,"minecraft:diamond_axe":1,"minecraft:crafting_table":13,"minecraft:spruce_planks":208,"minecraft:wooden_pickaxe":1,"minecraft:birch_planks":84,"minecraft:diamond_pickaxe":2,"minecraft:shield":2,"minecraft:iron_ingot":8,"minecraft:stick":148,"quark:oak_chest":3,"minecraft:iron_pickaxe":6,"minecraft:stone_sword":12,"minecraft:gold_ingot":32,"minecraft:black_bed":2,"minecraft:shears":7,"securitycraft:universal_block_reinforcer_lvl1":2,"minecraft:redstone":9,"quark:jungle_chest":1,"minecraft:furnace":2,"minecraft:blast_furnace":1,"minecraft:yellow_bed":1,"minecraft:bone_meal":3,"minecraft:glass_pane":16,"minecraft:iron_axe":3,"minecraft:spruce_slab":336,"minecraft:stone_pickaxe":7,"minecraft:redstone_block":7,"minecraft:dark_oak_planks":12,"minecraft:golden_helmet":1,"minecraft:wheat":18,"minecraft:cooked_beef":6,"minecraft:iron_sword":3,"minecraft:golden_shovel":1,"minecraft:stone_axe":5,"minecraft:glowstone":1,"minecraft:jungle_slab":90,"minecraft:air":0,"minecraft:bread":11,"minecraft:jungle_planks":108,"minecraft:white_wool":3,"minecraft:birch_trapdoor":6,"minecraft:iron_shovel":3,"minecraft:white_bed":2,"minecraft:torch":124},"minecraft:mined":{"minecraft:spruce_planks":18,"graveyard:tg_coarse_dirt":61,"minecraft:white_bed":7,"minecraft:jungle_slab":1,"minecraft:jungle_leaves":53,"minecraft:brewing_stand":1,"minecraft:spruce_trapdoor":1,"minecraft:granite":40,"minecraft:grass_block":444,"minecraft:jungle_log":8,"minecraft:soul_soil":1,"minecraft:bubble_coral_block":2,"minecraft:tube_coral_block":3,"minecraft:oxeye_daisy":1,"minecraft:spawner":3,"graveyard:wither_skull_with_rib_cage":1,"minecraft:glowstone":18,"supplementaries:ash":3,"minecraft:iron_ore":238,"minecraft:barrel":9,"minecraft:sticky_piston":5,"minecraft:fire":13,"minecraft:pumpkin":14,"minecraft:black_carpet":1,"minecraft:pointed_dripstone":1,"minecraft:dirt_path":63,"minecraft:iron_bars":1,"minecraft:oak_stairs":8,"enemyexpansion:troll_statue":4,"minecraft:pink_tulip":2,"minecraft:spruce_wood":1,"minecraft:waxed_exposed_copper":3,"minecraft:brain_coral_block":6,"minecraft:spruce_slab":8,"minecraft:piston_head":1,"minecraft:smoker":1,"minecraft:soul_lantern":4,"minecraft:clay":92,"minecraft:torch":46,"twilightforest:torchberry_plant":3,"quark:cobblestone_bricks":46,"minecraft:melon":24,"minecraft:chest":35,"minecraft:cobblestone":619,"minecraft:damaged_anvil":3,"minecraft:oak_planks":15,"minecraft:sugar_cane":1,"minecraft:prismarine":16,"minecraft:bricks":11,"minecraft:wall_torch":4,"minecraft:white_terracotta":2,"minecraft:nether_wart_block":3,"minecraft:yellow_wool":3,"minecraft:birch_log":82,"minecraft:wheat":1,"minecraft:birch_trapdoor":3,"minecraft:smooth_stone_slab":2,"minecraft:black_bed":1,"minecraft:yellow_stained_glass_pane":1,"minecraft:grass":78,"minecraft:oak_log":519,"minecraft:dirt":152,"minecraft:sand":44,"minecraft:horn_coral_block":3,"minecraft:oak_leaves":1425,"minecraft:gray_candle":1,"minecraft:dark_prismarine":24,"minecraft:diamond_ore":11,"minecraft:mossy_cobblestone":7,"minecraft:oak_door":1,"minecraft:dark_oak_log":16,"minecraft:sea_lantern":2,"minecraft:ladder":5,"minecraft:allium":1,"minecraft:redstone_wire":11,"minecraft:birch_slab":1,"minecraft:spruce_leaves":55,"minecraft:moss_block":1,"minecraft:rooted_dirt":1,"minecraft:waxed_weathered_copper":2,"minecraft:large_fern":5,"minecraft:hay_block":2,"twilightforest:mushgloom":1,"minecraft:redstone_ore":16,"minecraft:oak_trapdoor":102,"minecraft:furnace":2,"minecraft:carrots":15,"graveyard:tg_moss_block":12,"minecraft:andesite":35,"minecraft:stripped_spruce_log":46,"twilightforest:twilight_oak_leaves":2,"minecraft:bookshelf":4,"minecraft:cobblestone_slab":27,"minecraft:stripped_oak_log":2,"minecraft:packed_ice":18,"minecraft:stone":557,"minecraft:fire_coral_block":2,"minecraft:white_wool":2,"minecraft:podzol":51,"minecraft:oak_slab":101,"minecraft:glass_pane":2,"minecraft:soul_sand":1,"minecraft:snow_block":34,"minecraft:stripped_dark_oak_log":2,"minecraft:dandelion":1,"minecraft:polished_granite":2,"minecraft:oak_fence":2,"graveyard:tg_rooted_dirt":3,"minecraft:oak_wood":5,"minecraft:sponge":3,"minecraft:copper_ore":2,"minecraft:tall_grass":6,"graveyard:tg_grass_block":78,"twilightforest:mayapple":4,"minecraft:diorite":36,"minecraft:prismarine_bricks":23,"minecraft:coarse_dirt":3,"graveyard:small_white_urn":1,"graveyard:vase_block":2,"graveyard:red_urn":1,"minecraft:redstone_torch":6,"minecraft:spruce_log":35,"minecraft:birch_leaves":84,"minecraft:yellow_bed":1,"minecraft:black_wool":9,"graveyard:dark_iron_bars":1,"minecraft:coal_ore":67,"minecraft:gravel":74,"minecraft:cobweb":43,"minecraft:acacia_planks":1,"minecraft:stone_bricks":2,"minecraft:gold_ore":32,"minecraft:fern":5,"paraglider:goddess_statue":1},"minecraft:picked_up":{"minecraft:iron_chestplate":2,"minecraft:wheat":125,"minecraft:black_carpet":2,"minecraft:redstone_block":5,"minecraft:prismarine_shard":2,"minecraft:yellow_wool":3,"securitycraft:laser_block":2,"minecraft:diamond_sword":1,"minecraft:oak_stairs":7,"minecraft:gilded_blackstone":1,"croptopia:calamari":2,"minecraft:brewing_stand":1,"minecraft:lapis_block":3,"minecraft:string":168,"minecraft:dead_tube_coral_block":8,"minecraft:raw_copper":35,"minecraft:smooth_stone_slab":8,"minecraft:red_nether_bricks":5,"minecraft:iron_leggings":3,"minecraft:sticky_piston":11,"minecraft:sea_pickle":3,"minecraft:red_sand":37,"minecraft:gold_nugget":98,"minecraft:waxed_weathered_copper":2,"minecraft:bucket":20,"minecraft:spruce_planks":31,"securitycraft:reinforced_spruce_planks":1,"minecraft:written_book":1,"minecraft:bubble_coral":1,"minecraft:redstone_torch":10,"minecraft:cobblestone_slab":30,"minecraft:wooden_shovel":1,"minecraft:iron_pickaxe":44,"securitycraft:reinforced_birch_log":3,"minecraft:melon_slice":275,"minecraft:furnace":2,"minecraft:iron_boots":27,"minecraft:diamond_ore":1,"minecraft:tipped_arrow":15,"minecraft:golden_helmet":4,"minecraft:stick":509,"minecraft:birch_trapdoor":1,"minecraft:oak_fence":5,"minecraft:torch":384,"minecraft:acacia_log":2,"minecraft:spruce_stairs":9,"minecraft:porkchop":39,"minecraft:dried_kelp":3,"minecraft:pointed_dripstone":17,"minecraft:diorite":81,"minecraft:rabbit_foot":6,"minecraft:stone_sword":22,"minecraft:cactus":6,"quark:clear_shard":4,"minecraft:rotten_flesh":407,"minecraft:tropical_fish":1,"minecraft:salmon_bucket":1,"minecraft:glowstone":34,"minecraft:white_terracotta":14,"supplementaries:ash":25,"minecraft:iron_bars":3,"minecraft:cod":6,"minecraft:snowball":222,"minecraft:cobblestone":3485,"minecraft:sponge":12,"minecraft:birch_log":199,"minecraft:feather":64,"minecraft:cooked_beef":20,"minecraft:andesite":91,"minecraft:birch_slab":35,"minecraft:water_bucket":4,"minecraft:jungle_log":12,"minecraft:smoker":2,"minecraft:potato":1,"paraglider:spirit_orb":8,"minecraft:flint":40,"minecraft:prismarine_bricks":45,"enemyexpansion:troll_statue":9,"minecraft:wither_skeleton_skull":3,"minecraft:lapis_lazuli":65,"minecraft:dirt":1497,"minecraft:light_gray_concrete_powder":5,"minecraft:polished_granite":3,"minecraft:name_tag":1,"twilightforest:canopy_sapling":2,"minecraft:leather_boots":1,"minecraft:glass":18,"minecraft:bone":205,"minecraft:bow":1,"minecraft:orange_tulip":1,"minecraft:wheat_seeds":109,"minecraft:raw_gold":60,"minecraft:moss_block":18,"quark:cobblestone_bricks_slab":128,"minecraft:glowstone_dust":6,"minecraft:bamboo":1224,"minecraft:gray_candle":6,"croptopia:roe":8,"minecraft:prismarine":58,"minecraft:oak_planks":214,"minecraft:waxed_exposed_copper":4,"twilightforest:mushgloom":2,"minecraft:cooked_porkchop":40,"minecraft:jungle_leaves":32,"minecraft:sand":153,"minecraft:jungle_planks":120,"minecraft:stripped_spruce_log":45,"minecraft:ink_sac":5,"minecraft:dead_bush":5,"minecraft:grass_block":4,"minecraft:jungle_slab":27,"minecraft:dark_oak_log":21,"minecraft:red_terracotta":5,"quark:cobblestone_bricks_wall":2,"create:tiled_glass":1,"minecraft:barrel":19,"minecraft:mossy_cobblestone":17,"minecraft:dark_prismarine":32,"securitycraft:universal_block_remover":4,"minecraft:iron_hoe":1,"minecraft:light_gray_terracotta":18,"minecraft:clay":5,"minecraft:sugar":19,"minecraft:diamond":48,"improvableskills:skills_book":1,"minecraft:soul_lantern":4,"minecraft:grass":2,"minecraft:dead_brain_coral_block":10,"quark:music_disc_clock":2,"minecraft:blue_ice":1,"minecraft:granite":103,"minecraft:bone_meal":143,"minecraft:spruce_button":2,"minecraft:emerald":5,"minecraft:bread":7,"minecraft:rooted_dirt":4,"minecraft:oak_sapling":85,"born_in_chaos_v1:rotten_fish":4,"minecraft:light_blue_candle":2,"minecraft:bricks":8,"twilightforest:torchberries":47,"minecraft:oak_leaves":1254,"minecraft:diamond_pickaxe":12,"minecraft:mud":4,"minecraft:coarse_dirt":57,"minecraft:cocoa_beans":1,"minecraft:crafting_table":2,"minecraft:allium":3,"minecraft:chicken":5,"minecraft:ladder":25,"minecraft:clay_ball":1020,"minecraft:brown_mushroom":17,"minecraft:wooden_pickaxe":1,"minecraft:stone_brick_wall":1,"securitycraft:reinforced_glass_pane":17,"minecraft:gold_block":1,"minecraft:dead_horn_coral_block":10,"minecraft:shield":5,"minecraft:oak_trapdoor":103,"minecraft:iron_axe":24,"minecraft:netherite_scrap":2,"minecraft:iron_shovel":14,"minecraft:blue_orchid":1,"minecraft:glass_pane":44,"graveyard:corruption":2,"improvableskills:scroll_normal":2,"minecraft:beef":13,"minecraft:oak_boat":1,"minecraft:jungle_sapling":6,"minecraft:iron_nugget":4,"minecraft:poppy":8,"minecraft:spruce_slab":33,"minecraft:sugar_cane":2,"minecraft:chest":76,"minecraft:birch_sapling":19,"minecraft:spruce_trapdoor":13,"minecraft:egg":19,"minecraft:dark_oak_sapling":2,"minecraft:raw_iron":593,"minecraft:sandstone":19,"minecraft:stone":4,"minecraft:oak_door":2,"minecraft:copper_ingot":6,"minecraft:spruce_fence":3,"minecraft:gray_dye":6,"graveyard:dark_iron_bars":1,"minecraft:trident":1,"minecraft:carrot":711,"minecraft:redstone":577,"minecraft:prismarine_crystals":23,"minecraft:tube_coral":2,"minecraft:arrow":119,"minecraft:shears":4,"minecraft:hay_block":2,"minecraft:pink_tulip":2,"minecraft:glistering_melon_slice":40,"minecraft:gold_ingot":12,"sophisticatedbackpacks:copper_backpack":2,"minecraft:mutton":1,"ad_astra:hammer":7,"minecraft:white_wool":6,"minecraft:oxeye_daisy":1,"minecraft:stripped_oak_log":1,"born_in_chaos_v1:corpse_maggot":24,"minecraft:birch_leaves":47,"enemyexpansion:horsehead_helmet":1,"minecraft:salmon":1,"minecraft:leather":22,"minecraft:red_mushroom":12,"minecraft:ice":1,"savage_and_ravage:creeper_spores":154,"minecraft:oak_log":653,"minecraft:chainmail_chestplate":5,"minecraft:nether_wart_block":2,"minecraft:gunpowder":105,"minecraft:paper":14,"minecraft:orange_terracotta":3,"minecraft:cooked_mutton":1,"minecraft:stone_bricks":2,"minecraft:apple":75,"quark:music_disc_crickets":2,"minecraft:kelp":8,"minecraft:rabbit_hide":2,"minecraft:spruce_wood":1,"minecraft:iron_ingot":98,"minecraft:stone_pickaxe":17,"minecraft:cooked_chicken":2,"minecraft:cobweb":2,"minecraft:glass_bottle":5,"minecraft:iron_sword":28,"minecraft:soul_sand":1,"minecraft:book":31,"minecraft:oak_slab":1058,"minecraft:pumpkin":37,"minecraft:sweet_berries":1,"minecraft:stone_brick_slab":1,"minecraft:dandelion":6,"minecraft:gravel":158,"minecraft:brain_coral_fan":1,"minecraft:dead_fire_coral_block":13,"justhammers:stone_hammer":2,"undead_unleashed:grave_metal_scrap":192,"minecraft:spruce_sapling":13,"minecraft:white_bed":6,"minecraft:spruce_log":64,"minecraft:spider_eye":32,"minecraft:leather_helmet":2,"quark:cobblestone_bricks":9,"minecraft:oak_wood":5,"minecraft:diamond_shovel":2,"minecraft:pumpkin_seeds":10,"minecraft:slime_ball":2,"minecraft:stone_axe":15,"minecraft:dead_bubble_coral_block":2,"minecraft:chainmail_leggings":4,"minecraft:iron_helmet":6,"quark:oak_hedge":2,"minecraft:diamond_axe":3,"minecraft:scute":4,"undead_unleashed:grave_metal_axe":2,"minecraft:baked_potato":14,"minecraft:damaged_anvil":3,"minecraft:black_wool":7,"minecraft:stripped_dark_oak_log":2,"minecraft:coal":1054,"minecraft:ender_pearl":2}},"DataVersion":3120}