{"stats":{"minecraft:broken":{"minecraft:iron_pickaxe":2},"minecraft:killed":{"rottencreatures:burned":1,"minecraft:spider":8,"minecraft:pufferfish":1,"minecraft:skeleton":11,"undead_revamp2:therod":1,"undead_revamp2:thespitter":1,"minecraft:creeper":6,"undead_revamp2:theordure":1,"minecraft:pillager":1,"tinyskeletons:baby_skeleton":1,"minecraft:zombie":16,"enemyexpansion:botfly":1,"minecraft:stray":3,"undead_unleashed:haunter":1,"undead_revamp2:bomber":1,"born_in_chaos_v1:maggot":11,"minecraft:drowned":1,"born_in_chaos_v1:corpse_fish":1,"undead_revamp2:sucker":4,"minecraft:husk":6,"undead_revamp2:the_moonflower":4,"minecraft:squid":1,"john_mod_reborn:feral_baby_john_1":2},"minecraft:dropped":{"minecraft:iron_sword":3,"minecraft:cooked_beef":18,"minecraft:oak_log":21,"silentgear:blueprint_package":2,"minecraft:bone_meal":2,"minecraft:iron_pickaxe":1,"minecraft:bone":3,"minecraft:rotten_flesh":9,"minecraft:oak_planks":1,"minecraft:carrot":141,"minecraft:melon_seeds":1,"born_in_chaos_v1:corpse_maggot":3,"silentgear:dried_sinew":1,"minecraft:oak_leaves":1,"minecraft:splash_potion":3,"minecraft:oak_slab":1,"minecraft:diamond_leggings":1,"minecraft:iron_helmet":1,"minecraft:feather":1,"minecraft:cobblestone":8,"minecraft:copper_ingot":2,"minecraft:grass_block":1,"minecraft:diorite":1,"minecraft:torch":13,"minecraft:iron_leggings":2,"minecraft:iron_axe":1,"minecraft:string":4,"minecraft:redstone":1,"minecraft:chicken":3,"minecraft:iron_boots":1,"minecraft:cobblestone_slab":5,"minecraft:stone_pickaxe":1,"minecraft:horse_spawn_egg":1},"minecraft:used":{"minecraft:moss_block":57,"minecraft:writable_book":1,"minecraft:iron_shovel":160,"minecraft:diamond_hoe":96,"minecraft:chest":25,"minecraft:shield":16,"minecraft:stone":1,"minecraft:iron_sword":51,"minecraft:iron_chestplate":3,"minecraft:nether_bricks":11,"minecraft:carrot":394,"born_in_chaos_v1:corpse_maggot":1,"minecraft:bricks":12,"minecraft:grass_block":67,"minecraft:birch_sapling":1,"minecraft:iron_helmet":5,"minecraft:oak_sapling":11,"minecraft:furnace":3,"minecraft:egg":6,"minecraft:prismarine":1,"minecraft:oak_planks":204,"minecraft:chainmail_helmet":1,"minecraft:oak_leaves":2,"minecraft:sand":1,"minecraft:light_gray_terracotta":2,"quark:cobblestone_bricks_wall":72,"savage_and_ravage:creeper_spores":3,"minecraft:melon_slice":5,"minecraft:bread":1,"quark:cobblestone_bricks_stairs":2,"minecraft:diamond_sword":30,"minecraft:wooden_sword":12,"minecraft:oak_boat":8,"minecraft:oak_fence":2,"minecraft:oak_trapdoor":41,"minecraft:stone_sword":18,"minecraft:stone_shovel":28,"minecraft:wooden_shovel":73,"minecraft:torch":166,"minecraft:dirt":247,"minecraft:iron_axe":369,"minecraft:iron_boots":4,"minecraft:melon_seeds":4,"undead_revamp2:huntereye":1,"minecraft:bamboo":25,"minecraft:golden_carrot":1,"minecraft:soul_soil":4,"minecraft:cooked_beef":1,"minecraft:cobbled_deepslate":101,"minecraft:iron_leggings":5,"minecraft:water_bucket":4,"minecraft:cobblestone_stairs":25,"quark:cobblestone_bricks":125,"minecraft:polished_andesite":143,"minecraft:cobblestone_slab":103,"minecraft:gilded_blackstone":1,"minecraft:mossy_cobblestone":2,"minecraft:oak_slab":49,"minecraft:crafting_table":4,"minecraft:mud":58,"minecraft:dark_prismarine":1,"minecraft:diamond_pickaxe":51,"minecraft:apple":1,"minecraft:iron_pickaxe":1222,"minecraft:stone_axe":49,"minecraft:cobblestone":468,"minecraft:cobbled_deepslate_slab":29,"minecraft:splash_potion":147},"minecraft:custom":{"minecraft:animals_bred":14,"minecraft:interact_with_crafting_table":45,"minecraft:leave_game":14,"minecraft:time_since_death":102,"minecraft:damage_resisted":30,"minecraft:sprint_one_cm":992039,"minecraft:damage_blocked_by_shield":120,"minecraft:drop":55,"minecraft:talked_to_villager":30,"minecraft:play_time":350569,"minecraft:deaths":96,"minecraft:jump":4597,"minecraft:walk_on_water_one_cm":17988,"minecraft:interact_with_furnace":59,"minecraft:damage_dealt":12924,"minecraft:crouch_one_cm":19676,"minecraft:horse_one_cm":6685,"minecraft:mob_kills":91,"minecraft:damage_dealt_resisted":459,"minecraft:walk_one_cm":842597,"minecraft:damage_dealt_absorbed":74,"minecraft:sneak_time":9145,"minecraft:walk_under_water_one_cm":39069,"minecraft:boat_one_cm":288,"minecraft:total_world_time":350569,"minecraft:interact_with_stonecutter":1,"minecraft:time_since_rest":125,"minecraft:damage_taken":29190,"minecraft:fly_one_cm":1866230,"minecraft:open_chest":561,"minecraft:fall_one_cm":71179},"minecraft:killed_by":{"undead_revamp2:sucker":15,"undead_revamp2:the_moonflower":11,"minecraft:wither_skeleton":1,"minecraft:creeper":4,"john_mod_reborn:feral_baby_john_1":1,"john_mod_reborn:feral_baby_john_2":1,"minecraft:vindicator":1,"enemyexpansion:sprinter":1,"undead_revamp2:bomber":1,"john_mod_reborn:weeping_john":3,"minecraft:witch":3,"minecraft:zombie":11,"undead_revamp2:thesmoker":1,"john_mod_reborn:hugging_john":1,"minecraft:elder_guardian":1,"minecraft:wolf":1,"minecraft:spider":1,"enemyexpansion:equestrian":3,"undead_revamp2:thespitter":1,"minecraft:skeleton":6,"john_mod_reborn:baby_john":1,"tinyskeletons:baby_skeleton":2,"born_in_chaos_v1:corpse_fish":2,"born_in_chaos_v1:maggot":3},"minecraft:crafted":{"minecraft:brick":64,"minecraft:oak_planks":128,"minecraft:cobblestone_slab":6,"minecraft:iron_boots":1,"minecraft:bricks":16,"minecraft:wooden_shovel":1,"minecraft:crafting_table":2,"minecraft:iron_helmet":1,"minecraft:birch_planks":4,"minecraft:iron_chestplate":1,"minecraft:charcoal":53,"minecraft:diamond_pickaxe":2,"minecraft:stick":76,"minecraft:iron_ingot":45,"minecraft:iron_pickaxe":8,"minecraft:stone_sword":2,"minecraft:snow_block":31,"minecraft:golden_carrot":13,"minecraft:wooden_sword":1,"minecraft:stone_shovel":1,"minecraft:bone_meal":21,"minecraft:white_carpet":3,"minecraft:iron_axe":3,"minecraft:stone_pickaxe":1,"minecraft:iron_sword":4,"minecraft:stone_axe":3,"minecraft:air":0,"minecraft:oak_boat":7,"minecraft:cobblestone":1,"minecraft:gold_nugget":108,"minecraft:andesite_slab":12,"minecraft:iron_shovel":2,"minecraft:iron_leggings":1,"minecraft:torch":76},"minecraft:mined":{"minecraft:red_nether_bricks":7,"minecraft:granite":47,"minecraft:red_sand":22,"minecraft:acacia_log":10,"minecraft:grass_block":132,"quark:cobblestone_bricks_wall":2,"minecraft:jungle_log":39,"minecraft:soul_soil":1,"minecraft:bubble_coral_block":8,"minecraft:tube_coral_block":10,"minecraft:hopper":1,"minecraft:gilded_blackstone":3,"minecraft:iron_ore":61,"minecraft:fire":28,"minecraft:pumpkin":5,"minecraft:brain_coral_block":11,"minecraft:blackstone":5,"minecraft:crimson_nylium":2,"minecraft:orange_terracotta":8,"minecraft:clay":5,"minecraft:torch":3,"minecraft:light_gray_terracotta":24,"minecraft:melon":8,"minecraft:chest":39,"minecraft:nether_quartz_ore":2,"minecraft:cobblestone":86,"minecraft:sugar_cane":2,"minecraft:prismarine":70,"minecraft:oak_planks":2,"minecraft:bricks":1,"minecraft:white_terracotta":17,"minecraft:warped_nylium":7,"minecraft:mud":12,"minecraft:nether_wart_block":2,"minecraft:birch_log":37,"minecraft:grass":1,"minecraft:oak_log":84,"minecraft:sand":60,"minecraft:dirt":29,"minecraft:netherrack":20,"minecraft:ancient_debris":1,"minecraft:oak_leaves":6,"minecraft:horn_coral_block":10,"minecraft:yellow_terracotta":13,"minecraft:nether_gold_ore":2,"minecraft:dark_prismarine":39,"minecraft:diamond_ore":4,"minecraft:crying_obsidian":2,"minecraft:mossy_cobblestone":32,"minecraft:dark_oak_log":22,"minecraft:sea_lantern":13,"minecraft:nether_bricks":5,"minecraft:moss_block":11,"minecraft:sandstone":34,"minecraft:redstone_ore":23,"minecraft:carrots":1,"minecraft:red_sandstone":40,"minecraft:andesite":50,"minecraft:dead_horn_coral_block":3,"minecraft:shroomlight":1,"minecraft:cobblestone_slab":6,"minecraft:packed_ice":25,"minecraft:stone":230,"minecraft:fire_coral_block":11,"minecraft:soul_sand":3,"minecraft:snow_block":38,"minecraft:basalt":1,"minecraft:emerald_ore":7,"minecraft:sponge":7,"minecraft:lapis_ore":6,"minecraft:diorite":54,"minecraft:warped_wart_block":3,"minecraft:prismarine_bricks":45,"minecraft:red_terracotta":24,"minecraft:spruce_log":38,"minecraft:coal_ore":61,"minecraft:gravel":41,"minecraft:cobweb":4,"minecraft:brown_terracotta":10,"minecraft:terracotta":25,"minecraft:gold_ore":16},"minecraft:picked_up":{"minecraft:iron_chestplate":5,"minecraft:wheat":3,"minecraft:diamond_sword":6,"minecraft:gilded_blackstone":2,"minecraft:cod_bucket":1,"silentgear:sinew":1,"minecraft:music_disc_cat":1,"minecraft:string":61,"minecraft:dead_tube_coral_block":5,"minecraft:soul_soil":5,"minecraft:red_nether_bricks":9,"minecraft:iron_leggings":8,"john_mod_reborn:freed_spirit":2,"minecraft:pufferfish":2,"minecraft:shroomlight":3,"minecraft:diamond_leggings":1,"minecraft:red_sand":16,"minecraft:gold_nugget":44,"minecraft:spruce_planks":1,"minecraft:cobblestone_slab":12,"minecraft:wooden_shovel":2,"minecraft:iron_pickaxe":20,"minecraft:iron_boots":4,"minecraft:furnace":1,"minecraft:tipped_arrow":4,"minecraft:stick":119,"minecraft:brown_terracotta":8,"minecraft:oak_fence":2,"minecraft:acacia_log":16,"minecraft:torch":53,"minecraft:snow_block":31,"minecraft:diorite":45,"minecraft:rabbit_foot":6,"minecraft:stone_sword":6,"minecraft:cactus":3,"minecraft:horn_coral_fan":1,"minecraft:rotten_flesh":257,"minecraft:tropical_fish":1,"minecraft:salmon_bucket":1,"minecraft:white_terracotta":19,"supplementaries:ash":11,"minecraft:obsidian":4,"minecraft:cod":5,"minecraft:snowball":210,"minecraft:cobblestone":248,"minecraft:sponge":9,"minecraft:birch_log":19,"minecraft:cooked_beef":31,"minecraft:feather":14,"minecraft:andesite":41,"minecraft:water_bucket":5,"minecraft:jungle_log":35,"minecraft:flint":9,"minecraft:prismarine_bricks":23,"minecraft:lapis_lazuli":30,"minecraft:dirt":339,"minecraft:bone":156,"minecraft:wheat_seeds":6,"minecraft:raw_gold":9,"minecraft:glowstone_dust":18,"minecraft:bamboo":62,"croptopia:roe":2,"minecraft:moss_block":76,"minecraft:prismarine":25,"minecraft:oak_planks":142,"minecraft:sand":99,"minecraft:dead_bush":4,"quark:cobblestone_bricks_wall":2,"minecraft:dark_oak_log":12,"minecraft:red_terracotta":14,"minecraft:mossy_cobblestone":13,"minecraft:dark_prismarine":40,"minecraft:light_gray_terracotta":24,"minecraft:sugar":10,"minecraft:diamond":15,"minecraft:writable_book":1,"minecraft:dead_brain_coral_block":7,"minecraft:granite":29,"minecraft:bone_meal":160,"minecraft:emerald":3,"minecraft:chainmail_helmet":1,"minecraft:horse_spawn_egg":1,"minecraft:bread":1,"minecraft:oak_sapling":11,"born_in_chaos_v1:rotten_fish":603,"minecraft:netherrack":16,"minecraft:bricks":9,"minecraft:andesite_slab":60,"minecraft:oak_leaves":1,"minecraft:diamond_pickaxe":4,"minecraft:mud":516,"minecraft:charcoal":11,"minecraft:chicken":8,"minecraft:clay_ball":48,"minecraft:brown_mushroom":1,"minecraft:wooden_pickaxe":3,"minecraft:dead_horn_coral_block":11,"minecraft:brick":6,"minecraft:shield":1,"minecraft:oak_trapdoor":2,"minecraft:iron_axe":13,"minecraft:wooden_sword":6,"minecraft:white_carpet":3,"minecraft:iron_shovel":7,"improvableskills:scroll_normal":2,"minecraft:beef":9,"minecraft:oak_boat":15,"minecraft:sugar_cane":4,"minecraft:chest":29,"minecraft:egg":26,"minecraft:dark_oak_sapling":8,"minecraft:raw_iron":46,"minecraft:sandstone":35,"minecraft:copper_ingot":2,"minecraft:music_disc_mellohi":7,"minecraft:carrot":1487,"minecraft:redstone":110,"minecraft:prismarine_crystals":25,"minecraft:stone_shovel":6,"minecraft:arrow":63,"minecraft:nether_bricks":12,"minecraft:yellow_terracotta":13,"minecraft:gold_ingot":48,"minecraft:white_wool":2,"born_in_chaos_v1:corpse_maggot":10,"minecraft:golden_carrot":99,"minecraft:leather":7,"minecraft:ice":4,"silentgear:blueprint_package":1,"savage_and_ravage:creeper_spores":73,"minecraft:oak_log":147,"minecraft:ancient_debris":1,"minecraft:nether_wart_block":2,"minecraft:gunpowder":132,"minecraft:paper":2,"minecraft:orange_terracotta":7,"minecraft:red_sandstone":24,"minecraft:iron_ingot":197,"minecraft:music_disc_far":1,"minecraft:stone_pickaxe":9,"minecraft:glass_bottle":25,"minecraft:soul_sand":3,"minecraft:iron_sword":17,"minecraft:acacia_sapling":1,"minecraft:gravel":53,"minecraft:dead_fire_coral_block":7,"undead_unleashed:grave_metal_scrap":91,"minecraft:spruce_sapling":1,"minecraft:spruce_log":35,"minecraft:crying_obsidian":1,"minecraft:spider_eye":27,"minecraft:slime_ball":7,"minecraft:stone_axe":17,"minecraft:dead_bubble_coral_block":3,"minecraft:iron_helmet":11,"minecraft:terracotta":34,"minecraft:melon_seeds":9,"minecraft:coal":44,"minecraft:hopper":1}},"DataVersion":3120}