{"stats":{"minecraft:broken":{"minecraft:stone_axe":2,"minecraft:stone_sword":1,"minecraft:iron_pickaxe":2},"minecraft:killed":{"minecraft:witch":1,"rottencreatures:burned":1,"minecraft:spider":9,"undead_revamp2:thesmoker":1,"minecraft:pufferfish":1,"undead_revamp2:theswarmer":1,"minecraft:skeleton":11,"minecraft:guardian":1,"minecraft:fox":1,"undead_revamp2:therod":1,"undead_revamp2:thespitter":1,"minecraft:elder_guardian":1,"minecraft:creeper":6,"undead_revamp2:theordure":1,"minecraft:pillager":1,"tinyskeletons:baby_skeleton":1,"minecraft:zombie":21,"enemyexpansion:botfly":6,"minecraft:stray":6,"undead_unleashed:haunter":2,"undead_revamp2:bomber":1,"born_in_chaos_v1:maggot":14,"undead_revamp2:thebidy":2,"minecraft:drowned":1,"born_in_chaos_v1:corpse_fish":1,"undead_revamp2:sucker":6,"minecraft:husk":9,"undead_revamp2:the_moonflower":4,"minecraft:squid":1,"minecraft:polar_bear":1,"john_mod_reborn:feral_baby_john_2":1,"minecraft:wither_skeleton":7,"john_mod_reborn:feral_baby_john_1":4},"minecraft:dropped":{"minecraft:iron_sword":4,"minecraft:cooked_beef":20,"minecraft:oak_log":21,"minecraft:red_sandstone":14,"minecraft:leather":5,"silentgear:blueprint_package":2,"minecraft:dirt":2,"minecraft:bone_meal":23,"minecraft:iron_pickaxe":6,"minecraft:bone":5,"minecraft:stone_axe":2,"minecraft:pointed_dripstone":1,"minecraft:rotten_flesh":19,"minecraft:oak_planks":1,"minecraft:carrot":327,"minecraft:melon_seeds":1,"born_in_chaos_v1:corpse_maggot":3,"minecraft:chest":2,"minecraft:arrow":5,"silentgear:dried_sinew":1,"minecraft:oak_leaves":1,"minecraft:splash_potion":3,"minecraft:oak_slab":1,"minecraft:diamond_leggings":1,"minecraft:yellow_terracotta":7,"minecraft:iron_helmet":1,"minecraft:feather":1,"minecraft:cobblestone":15,"john_mod_reborn:freed_spirit":4,"minecraft:copper_ingot":2,"minecraft:grass_block":1,"minecraft:mossy_cobblestone_slab":2,"minecraft:diorite":9,"minecraft:torch":40,"quark:cobblestone_bricks_slab":74,"minecraft:iron_leggings":2,"minecraft:iron_axe":1,"minecraft:iron_shovel":2,"minecraft:string":30,"minecraft:bucket":3,"minecraft:redstone":1,"minecraft:light_gray_terracotta":14,"born_in_chaos_v1:rotten_fish":1,"minecraft:chicken":5,"minecraft:iron_boots":1,"minecraft:iron_hoe":1,"improvableskills:skills_book":1,"minecraft:white_terracotta":4,"minecraft:red_terracotta":10,"minecraft:cobblestone_slab":5,"minecraft:orange_terracotta":3,"minecraft:andesite":3,"minecraft:sandstone":18,"minecraft:bow":1,"minecraft:stone_pickaxe":2,"minecraft:raw_gold":1,"minecraft:horse_spawn_egg":1,"minecraft:terracotta":6},"minecraft:used":{"minecraft:moss_block":57,"minecraft:writable_book":1,"minecraft:iron_shovel":160,"quark:cobblestone_bricks_slab":86,"quark:jungle_ladder":2,"minecraft:diamond_hoe":96,"minecraft:chest":25,"minecraft:shield":16,"minecraft:stone":1,"minecraft:iron_sword":51,"minecraft:iron_chestplate":3,"minecraft:jungle_planks":76,"minecraft:nether_bricks":11,"minecraft:carrot":557,"john_mod_reborn:freed_spirit":1,"minecraft:jungle_sapling":7,"born_in_chaos_v1:corpse_maggot":1,"minecraft:bricks":12,"minecraft:grass_block":67,"minecraft:birch_sapling":1,"minecraft:iron_helmet":5,"minecraft:oak_sapling":11,"minecraft:furnace":3,"minecraft:egg":6,"minecraft:potato":1,"minecraft:diorite":3,"minecraft:stone_pickaxe":52,"minecraft:prismarine":1,"minecraft:oak_planks":204,"minecraft:chainmail_helmet":1,"minecraft:oak_leaves":2,"minecraft:sand":1,"minecraft:light_gray_terracotta":2,"quark:cobblestone_bricks_wall":72,"minecraft:red_sandstone":1,"savage_and_ravage:creeper_spores":3,"minecraft:melon_slice":5,"minecraft:bread":3,"quark:cobblestone_bricks_stairs":2,"minecraft:diamond_sword":30,"minecraft:wooden_sword":12,"minecraft:oak_boat":8,"minecraft:bone_meal":2,"minecraft:oak_fence":2,"minecraft:oak_trapdoor":41,"minecraft:stone_sword":232,"minecraft:stone_shovel":77,"minecraft:wooden_shovel":73,"minecraft:stick":1,"minecraft:torch":213,"minecraft:dirt":248,"minecraft:iron_axe":372,"minecraft:jungle_log":7,"minecraft:iron_boots":7,"minecraft:melon_seeds":4,"undead_revamp2:huntereye":1,"minecraft:bamboo":25,"minecraft:golden_carrot":1,"minecraft:soul_soil":4,"minecraft:cooked_beef":1,"minecraft:cobbled_deepslate":101,"minecraft:acacia_planks":2,"minecraft:iron_leggings":5,"minecraft:pointed_dripstone":2,"minecraft:water_bucket":171,"minecraft:cobblestone_stairs":25,"quark:cobblestone_bricks":125,"minecraft:polished_andesite":143,"minecraft:cobblestone_slab":103,"minecraft:gilded_blackstone":1,"minecraft:mossy_cobblestone":2,"minecraft:oak_slab":49,"minecraft:crafting_table":5,"minecraft:mud":58,"minecraft:dark_prismarine":1,"minecraft:diamond_pickaxe":53,"minecraft:apple":1,"minecraft:iron_pickaxe":1322,"minecraft:stone_axe":269,"minecraft:cobblestone":470,"minecraft:cobbled_deepslate_slab":29,"minecraft:bucket":166,"minecraft:dandelion":1,"minecraft:splash_potion":147},"minecraft:custom":{"minecraft:animals_bred":14,"minecraft:interact_with_crafting_table":72,"minecraft:leave_game":19,"minecraft:time_since_death":160,"minecraft:damage_resisted":30,"minecraft:sprint_one_cm":1412771,"minecraft:damage_blocked_by_shield":120,"minecraft:drop":116,"minecraft:talked_to_villager":31,"minecraft:play_time":503836,"minecraft:deaths":138,"minecraft:jump":7336,"minecraft:walk_on_water_one_cm":46257,"minecraft:interact_with_furnace":63,"minecraft:damage_dealt":25032,"minecraft:crouch_one_cm":44741,"minecraft:horse_one_cm":6685,"minecraft:mob_kills":130,"minecraft:damage_dealt_resisted":531,"minecraft:climb_one_cm":47730,"minecraft:walk_one_cm":1201560,"minecraft:damage_dealt_absorbed":154,"minecraft:sneak_time":24252,"minecraft:walk_under_water_one_cm":169501,"minecraft:boat_one_cm":288,"minecraft:total_world_time":503836,"minecraft:interact_with_stonecutter":4,"minecraft:time_since_rest":194,"minecraft:damage_taken":43161,"minecraft:swim_one_cm":21114,"minecraft:fly_one_cm":2424547,"minecraft:open_chest":779,"minecraft:fall_one_cm":128994},"minecraft:killed_by":{"undead_revamp2:sucker":25,"undead_revamp2:the_moonflower":11,"minecraft:wither_skeleton":6,"minecraft:creeper":5,"john_mod_reborn:feral_baby_john_2":1,"john_mod_reborn:feral_baby_john_1":5,"minecraft:vindicator":1,"enemyexpansion:sprinter":1,"undead_revamp2:bomber":1,"john_mod_reborn:weeping_john":3,"minecraft:witch":3,"minecraft:zombie":17,"undead_revamp2:thesmoker":1,"john_mod_reborn:hugging_john":1,"minecraft:elder_guardian":3,"minecraft:husk":2,"minecraft:player":1,"minecraft:wolf":1,"minecraft:stray":1,"minecraft:spider":1,"enemyexpansion:equestrian":4,"undead_revamp2:thespitter":1,"minecraft:skeleton":6,"john_mod_reborn:baby_john":1,"tinyskeletons:baby_skeleton":2,"born_in_chaos_v1:corpse_fish":3,"born_in_chaos_v1:maggot":3},"minecraft:crafted":{"minecraft:brick":64,"minecraft:oak_planks":128,"minecraft:cobblestone_slab":6,"minecraft:iron_boots":1,"minecraft:bricks":16,"minecraft:wooden_shovel":1,"minecraft:crafting_table":3,"minecraft:iron_helmet":1,"minecraft:birch_planks":4,"minecraft:iron_chestplate":1,"minecraft:charcoal":53,"minecraft:diamond_pickaxe":2,"minecraft:stick":197,"minecraft:iron_ingot":45,"minecraft:iron_pickaxe":8,"minecraft:stone_sword":9,"minecraft:snow_block":31,"minecraft:golden_carrot":13,"minecraft:wooden_sword":1,"minecraft:stone_shovel":4,"minecraft:bone_meal":30,"minecraft:white_carpet":3,"quark:jungle_ladder":48,"minecraft:iron_axe":3,"quark:cobblestone_bricks":64,"minecraft:stone_pickaxe":4,"minecraft:iron_sword":4,"minecraft:stone_axe":8,"minecraft:air":0,"minecraft:jungle_planks":256,"minecraft:oak_boat":7,"minecraft:cobblestone":1,"minecraft:gold_nugget":108,"minecraft:andesite_slab":12,"minecraft:iron_shovel":2,"minecraft:iron_leggings":1,"minecraft:torch":112},"minecraft:mined":{"minecraft:jungle_leaves":12,"minecraft:red_nether_bricks":7,"minecraft:granite":54,"minecraft:red_sand":33,"minecraft:acacia_log":15,"minecraft:grass_block":150,"quark:cobblestone_bricks_wall":2,"minecraft:jungle_log":161,"minecraft:soul_soil":1,"minecraft:bubble_coral_block":8,"minecraft:tube_coral_block":10,"minecraft:hopper":1,"minecraft:gilded_blackstone":3,"minecraft:iron_ore":69,"minecraft:fire":121,"minecraft:pumpkin":5,"supplementaries:stick":1,"minecraft:pointed_dripstone":3,"minecraft:brain_coral_block":11,"minecraft:blackstone":5,"minecraft:crimson_nylium":2,"minecraft:orange_terracotta":11,"minecraft:clay":5,"minecraft:torch":13,"minecraft:light_gray_terracotta":37,"minecraft:melon":8,"minecraft:chest":44,"minecraft:nether_quartz_ore":2,"minecraft:cobblestone":92,"quark:jungle_ladder":2,"minecraft:oak_planks":2,"minecraft:sugar_cane":2,"minecraft:prismarine":71,"minecraft:bricks":1,"minecraft:white_terracotta":21,"minecraft:warped_nylium":7,"minecraft:mud":12,"minecraft:nether_wart_block":2,"minecraft:birch_log":39,"minecraft:grass":1,"minecraft:oak_log":91,"minecraft:sand":64,"minecraft:dirt":35,"minecraft:netherrack":20,"minecraft:ancient_debris":1,"minecraft:oak_leaves":16,"minecraft:horn_coral_block":10,"minecraft:yellow_terracotta":22,"minecraft:nether_gold_ore":2,"minecraft:dark_prismarine":39,"minecraft:diamond_ore":7,"minecraft:crying_obsidian":2,"minecraft:mossy_cobblestone":32,"minecraft:dark_oak_log":24,"minecraft:sea_lantern":13,"minecraft:nether_bricks":5,"minecraft:jungle_planks":5,"minecraft:moss_block":11,"minecraft:sandstone":52,"minecraft:redstone_ore":26,"minecraft:carrots":1,"minecraft:red_sandstone":55,"minecraft:andesite":53,"minecraft:dead_horn_coral_block":3,"minecraft:shroomlight":1,"minecraft:cobblestone_slab":8,"minecraft:vine":1,"minecraft:packed_ice":28,"minecraft:stone":237,"minecraft:fire_coral_block":11,"minecraft:soul_sand":3,"minecraft:snow_block":50,"minecraft:basalt":1,"minecraft:emerald_ore":9,"minecraft:sponge":7,"quark:cobblestone_bricks_slab":5,"minecraft:lapis_ore":9,"minecraft:diorite":57,"minecraft:warped_wart_block":3,"minecraft:prismarine_bricks":45,"minecraft:red_terracotta":29,"minecraft:spruce_log":40,"minecraft:coal_ore":70,"minecraft:gravel":51,"minecraft:brown_terracotta":10,"minecraft:cobweb":13,"minecraft:terracotta":35,"minecraft:acacia_planks":1,"minecraft:gold_ore":17},"minecraft:picked_up":{"minecraft:iron_chestplate":5,"minecraft:wheat":3,"minecraft:prismarine_shard":2,"minecraft:diamond_sword":6,"minecraft:gilded_blackstone":2,"minecraft:cod_bucket":1,"minecraft:music_disc_cat":1,"silentgear:sinew":1,"minecraft:string":152,"minecraft:dead_tube_coral_block":5,"minecraft:soul_soil":5,"minecraft:red_nether_bricks":12,"minecraft:iron_leggings":8,"john_mod_reborn:freed_spirit":13,"minecraft:pufferfish":4,"minecraft:shroomlight":3,"minecraft:diamond_leggings":1,"minecraft:red_sand":38,"minecraft:gold_nugget":84,"alexsmobs:banana":1,"minecraft:bucket":4,"minecraft:spruce_planks":1,"minecraft:cobblestone_slab":14,"minecraft:wooden_shovel":2,"minecraft:iron_pickaxe":28,"minecraft:iron_boots":8,"minecraft:furnace":1,"minecraft:tipped_arrow":6,"minecraft:stick":177,"minecraft:brown_terracotta":8,"minecraft:oak_fence":2,"minecraft:torch":292,"minecraft:acacia_log":26,"minecraft:snow_block":31,"minecraft:pointed_dripstone":3,"minecraft:diorite":70,"minecraft:vine":3,"securitycraft:reinforced_mossy_cobblestone":1,"minecraft:rabbit_foot":6,"minecraft:stone_sword":21,"minecraft:cactus":3,"minecraft:horn_coral_fan":1,"minecraft:rotten_flesh":316,"minecraft:tropical_fish":1,"minecraft:salmon_bucket":1,"minecraft:white_terracotta":23,"supplementaries:ash":11,"minecraft:obsidian":4,"minecraft:cod":7,"minecraft:snowball":282,"minecraft:cobblestone":451,"minecraft:sponge":9,"minecraft:birch_log":21,"minecraft:mossy_cobblestone_slab":2,"minecraft:cooked_beef":41,"minecraft:feather":16,"minecraft:andesite":62,"minecraft:water_bucket":6,"minecraft:jungle_log":153,"minecraft:potato":3,"minecraft:flint":10,"minecraft:prismarine_bricks":23,"minecraft:lapis_lazuli":86,"minecraft:dirt":367,"minecraft:bone":234,"minecraft:acacia_planks":2,"minecraft:bow":4,"minecraft:wheat_seeds":6,"minecraft:raw_gold":11,"quark:cobblestone_bricks_slab":12,"minecraft:glowstone_dust":18,"minecraft:bamboo":62,"minecraft:moss_block":76,"croptopia:roe":6,"minecraft:prismarine":27,"minecraft:oak_planks":144,"silentgear:fine_silk":1,"minecraft:jungle_planks":154,"minecraft:sand":113,"minecraft:dead_bush":10,"minecraft:dark_oak_log":14,"quark:cobblestone_bricks_wall":2,"minecraft:red_terracotta":29,"minecraft:mossy_cobblestone":32,"minecraft:dark_prismarine":40,"minecraft:iron_hoe":2,"minecraft:light_gray_terracotta":56,"minecraft:sugar":10,"minecraft:diamond":24,"improvableskills:skills_book":1,"minecraft:writable_book":1,"minecraft:dead_brain_coral_block":7,"minecraft:granite":39,"minecraft:bone_meal":233,"minecraft:emerald":9,"minecraft:chainmail_helmet":1,"minecraft:horse_spawn_egg":1,"minecraft:bread":7,"minecraft:oak_sapling":16,"born_in_chaos_v1:rotten_fish":607,"minecraft:netherrack":16,"minecraft:bricks":9,"minecraft:oak_leaves":1,"minecraft:andesite_slab":60,"minecraft:diamond_pickaxe":8,"minecraft:mud":516,"minecraft:fishing_rod":1,"minecraft:charcoal":11,"minecraft:chicken":12,"minecraft:clay_ball":48,"minecraft:brown_mushroom":1,"minecraft:wooden_pickaxe":3,"minecraft:dead_horn_coral_block":11,"minecraft:brick":6,"minecraft:shield":1,"minecraft:oak_trapdoor":2,"quark:jungle_ladder":17,"minecraft:iron_axe":15,"minecraft:wooden_sword":6,"minecraft:white_carpet":3,"minecraft:iron_shovel":9,"improvableskills:scroll_normal":2,"minecraft:beef":9,"minecraft:oak_boat":15,"minecraft:jungle_sapling":3,"minecraft:chest":36,"minecraft:sugar_cane":12,"minecraft:egg":27,"minecraft:dark_oak_sapling":8,"minecraft:raw_iron":89,"minecraft:sandstone":53,"minecraft:copper_ingot":2,"minecraft:music_disc_mellohi":7,"minecraft:carrot":2125,"minecraft:redstone":146,"minecraft:prismarine_crystals":25,"minecraft:stone_shovel":8,"minecraft:arrow":76,"minecraft:nether_bricks":12,"minecraft:yellow_terracotta":28,"minecraft:gold_ingot":48,"minecraft:white_wool":2,"minecraft:wet_sponge":1,"born_in_chaos_v1:corpse_maggot":10,"minecraft:golden_carrot":99,"minecraft:leather":19,"minecraft:red_mushroom":1,"silentgear:blueprint_package":1,"minecraft:ice":6,"savage_and_ravage:creeper_spores":73,"minecraft:oak_log":160,"minecraft:ancient_debris":1,"minecraft:nether_wart_block":2,"minecraft:gunpowder":147,"minecraft:paper":2,"minecraft:orange_terracotta":10,"minecraft:red_sandstone":60,"minecraft:rabbit_hide":6,"minecraft:iron_ingot":197,"minecraft:music_disc_far":1,"minecraft:stone_pickaxe":13,"minecraft:glass_bottle":25,"minecraft:iron_sword":18,"minecraft:acacia_sapling":1,"minecraft:soul_sand":3,"minecraft:oak_slab":2,"minecraft:dandelion":1,"minecraft:gravel":63,"minecraft:dead_fire_coral_block":7,"undead_unleashed:grave_metal_scrap":120,"minecraft:spruce_sapling":1,"minecraft:spruce_log":37,"minecraft:crying_obsidian":1,"minecraft:spider_eye":28,"minecraft:slime_ball":11,"minecraft:stone_axe":33,"minecraft:dead_bubble_coral_block":3,"minecraft:iron_helmet":11,"minecraft:terracotta":48,"minecraft:melon_seeds":9,"minecraft:coal":70,"minecraft:hopper":1}},"DataVersion":3120}