{"stats":{"minecraft:broken":{"minecraft:stone_axe":1,"minecraft:iron_pickaxe":2},"minecraft:killed":{"rottencreatures:burned":1,"minecraft:spider":9,"minecraft:pufferfish":1,"minecraft:skeleton":11,"undead_revamp2:therod":1,"undead_revamp2:thespitter":1,"minecraft:creeper":6,"undead_revamp2:theordure":1,"minecraft:pillager":1,"tinyskeletons:baby_skeleton":1,"minecraft:zombie":19,"enemyexpansion:botfly":3,"minecraft:stray":6,"undead_unleashed:haunter":2,"undead_revamp2:bomber":1,"born_in_chaos_v1:maggot":11,"minecraft:drowned":1,"born_in_chaos_v1:corpse_fish":1,"undead_revamp2:sucker":5,"minecraft:husk":6,"undead_revamp2:the_moonflower":4,"minecraft:squid":1,"minecraft:polar_bear":1,"minecraft:wither_skeleton":7,"john_mod_reborn:feral_baby_john_1":4},"minecraft:dropped":{"minecraft:iron_sword":4,"minecraft:cooked_beef":20,"minecraft:oak_log":21,"minecraft:leather":5,"silentgear:blueprint_package":2,"minecraft:dirt":2,"minecraft:bone_meal":23,"minecraft:iron_pickaxe":4,"minecraft:bone":3,"minecraft:stone_axe":1,"minecraft:rotten_flesh":11,"minecraft:oak_planks":1,"minecraft:carrot":233,"minecraft:melon_seeds":1,"born_in_chaos_v1:corpse_maggot":3,"silentgear:dried_sinew":1,"minecraft:oak_leaves":1,"minecraft:splash_potion":3,"minecraft:oak_slab":1,"minecraft:diamond_leggings":1,"minecraft:iron_helmet":1,"minecraft:feather":1,"minecraft:cobblestone":8,"john_mod_reborn:freed_spirit":4,"minecraft:copper_ingot":2,"minecraft:grass_block":1,"minecraft:diorite":9,"minecraft:torch":13,"minecraft:iron_leggings":2,"minecraft:iron_axe":1,"minecraft:iron_shovel":2,"minecraft:string":30,"minecraft:redstone":1,"minecraft:chicken":5,"minecraft:iron_boots":1,"minecraft:iron_hoe":1,"minecraft:cobblestone_slab":5,"minecraft:andesite":3,"minecraft:bow":1,"minecraft:raw_gold":1,"minecraft:stone_pickaxe":1,"minecraft:horse_spawn_egg":1},"minecraft:used":{"minecraft:moss_block":57,"minecraft:writable_book":1,"minecraft:iron_shovel":160,"minecraft:diamond_hoe":96,"minecraft:chest":25,"minecraft:shield":16,"minecraft:stone":1,"minecraft:iron_sword":51,"minecraft:iron_chestplate":3,"minecraft:jungle_planks":1,"minecraft:nether_bricks":11,"minecraft:carrot":424,"minecraft:jungle_sapling":7,"born_in_chaos_v1:corpse_maggot":1,"minecraft:bricks":12,"minecraft:grass_block":67,"minecraft:birch_sapling":1,"minecraft:iron_helmet":5,"minecraft:oak_sapling":11,"minecraft:furnace":3,"minecraft:egg":6,"minecraft:stone_pickaxe":37,"minecraft:prismarine":1,"minecraft:oak_planks":204,"minecraft:chainmail_helmet":1,"minecraft:oak_leaves":2,"minecraft:sand":1,"minecraft:light_gray_terracotta":2,"quark:cobblestone_bricks_wall":72,"savage_and_ravage:creeper_spores":3,"minecraft:melon_slice":5,"minecraft:bread":1,"quark:cobblestone_bricks_stairs":2,"minecraft:diamond_sword":30,"minecraft:wooden_sword":12,"minecraft:oak_boat":8,"minecraft:bone_meal":2,"minecraft:oak_fence":2,"minecraft:oak_trapdoor":41,"minecraft:stone_sword":94,"minecraft:stone_shovel":61,"minecraft:wooden_shovel":73,"minecraft:torch":174,"minecraft:dirt":247,"minecraft:iron_axe":372,"minecraft:jungle_log":7,"minecraft:iron_boots":5,"minecraft:melon_seeds":4,"undead_revamp2:huntereye":1,"minecraft:bamboo":25,"minecraft:golden_carrot":1,"minecraft:soul_soil":4,"minecraft:cooked_beef":1,"minecraft:cobbled_deepslate":101,"minecraft:iron_leggings":5,"minecraft:water_bucket":7,"minecraft:cobblestone_stairs":25,"quark:cobblestone_bricks":125,"minecraft:polished_andesite":143,"minecraft:cobblestone_slab":103,"minecraft:gilded_blackstone":1,"minecraft:mossy_cobblestone":2,"minecraft:oak_slab":49,"minecraft:crafting_table":4,"minecraft:mud":58,"minecraft:dark_prismarine":1,"minecraft:diamond_pickaxe":53,"minecraft:apple":1,"minecraft:iron_pickaxe":1229,"minecraft:stone_axe":216,"minecraft:cobblestone":468,"minecraft:cobbled_deepslate_slab":29,"minecraft:bucket":3,"minecraft:dandelion":1,"minecraft:splash_potion":147},"minecraft:custom":{"minecraft:animals_bred":14,"minecraft:interact_with_crafting_table":58,"minecraft:leave_game":16,"minecraft:time_since_death":16577,"minecraft:damage_resisted":30,"minecraft:sprint_one_cm":1150752,"minecraft:damage_blocked_by_shield":120,"minecraft:drop":80,"minecraft:talked_to_villager":30,"minecraft:play_time":397847,"minecraft:deaths":119,"minecraft:jump":5637,"minecraft:walk_on_water_one_cm":21785,"minecraft:interact_with_furnace":63,"minecraft:damage_dealt":17167,"minecraft:crouch_one_cm":25978,"minecraft:horse_one_cm":6685,"minecraft:mob_kills":109,"minecraft:damage_dealt_resisted":459,"minecraft:climb_one_cm":3721,"minecraft:walk_one_cm":986889,"minecraft:damage_dealt_absorbed":74,"minecraft:sneak_time":12502,"minecraft:walk_under_water_one_cm":46622,"minecraft:boat_one_cm":288,"minecraft:total_world_time":397847,"minecraft:interact_with_stonecutter":1,"minecraft:time_since_rest":16603,"minecraft:damage_taken":35800,"minecraft:swim_one_cm":236,"minecraft:fly_one_cm":2060424,"minecraft:open_chest":668,"minecraft:fall_one_cm":89249},"minecraft:killed_by":{"undead_revamp2:sucker":21,"undead_revamp2:the_moonflower":11,"minecraft:wither_skeleton":6,"minecraft:creeper":4,"john_mod_reborn:feral_baby_john_2":1,"john_mod_reborn:feral_baby_john_1":2,"minecraft:vindicator":1,"enemyexpansion:sprinter":1,"undead_revamp2:bomber":1,"john_mod_reborn:weeping_john":3,"minecraft:witch":3,"minecraft:zombie":17,"undead_revamp2:thesmoker":1,"john_mod_reborn:hugging_john":1,"minecraft:elder_guardian":1,"minecraft:player":1,"minecraft:wolf":1,"minecraft:stray":1,"minecraft:spider":1,"enemyexpansion:equestrian":3,"undead_revamp2:thespitter":1,"minecraft:skeleton":6,"john_mod_reborn:baby_john":1,"tinyskeletons:baby_skeleton":2,"born_in_chaos_v1:corpse_fish":2,"born_in_chaos_v1:maggot":3},"minecraft:crafted":{"minecraft:brick":64,"minecraft:oak_planks":128,"minecraft:cobblestone_slab":6,"minecraft:iron_boots":1,"minecraft:bricks":16,"minecraft:wooden_shovel":1,"minecraft:crafting_table":2,"minecraft:iron_helmet":1,"minecraft:birch_planks":4,"minecraft:iron_chestplate":1,"minecraft:charcoal":53,"minecraft:diamond_pickaxe":2,"minecraft:stick":113,"minecraft:iron_ingot":45,"minecraft:iron_pickaxe":8,"minecraft:stone_sword":5,"minecraft:snow_block":31,"minecraft:golden_carrot":13,"minecraft:wooden_sword":1,"minecraft:stone_shovel":3,"minecraft:bone_meal":30,"minecraft:white_carpet":3,"minecraft:iron_axe":3,"minecraft:stone_pickaxe":3,"minecraft:iron_sword":4,"minecraft:stone_axe":5,"minecraft:jungle_planks":256,"minecraft:air":0,"minecraft:oak_boat":7,"minecraft:cobblestone":1,"minecraft:gold_nugget":108,"minecraft:andesite_slab":12,"minecraft:iron_shovel":2,"minecraft:iron_leggings":1,"minecraft:torch":108},"minecraft:mined":{"minecraft:jungle_leaves":12,"minecraft:red_nether_bricks":7,"minecraft:granite":53,"minecraft:red_sand":22,"minecraft:acacia_log":10,"minecraft:grass_block":150,"quark:cobblestone_bricks_wall":2,"minecraft:jungle_log":159,"minecraft:soul_soil":1,"minecraft:bubble_coral_block":8,"minecraft:tube_coral_block":10,"minecraft:hopper":1,"minecraft:gilded_blackstone":3,"minecraft:iron_ore":68,"minecraft:fire":40,"minecraft:pumpkin":5,"minecraft:brain_coral_block":11,"minecraft:blackstone":5,"minecraft:crimson_nylium":2,"minecraft:orange_terracotta":8,"minecraft:clay":5,"minecraft:torch":6,"minecraft:light_gray_terracotta":24,"minecraft:melon":8,"minecraft:chest":42,"minecraft:nether_quartz_ore":2,"minecraft:cobblestone":89,"minecraft:prismarine":70,"minecraft:sugar_cane":2,"minecraft:oak_planks":2,"minecraft:bricks":1,"minecraft:white_terracotta":17,"minecraft:warped_nylium":7,"minecraft:mud":12,"minecraft:nether_wart_block":2,"minecraft:birch_log":39,"minecraft:grass":1,"minecraft:oak_log":91,"minecraft:sand":60,"minecraft:dirt":34,"minecraft:netherrack":20,"minecraft:ancient_debris":1,"minecraft:oak_leaves":6,"minecraft:horn_coral_block":10,"minecraft:yellow_terracotta":13,"minecraft:nether_gold_ore":2,"minecraft:dark_prismarine":39,"minecraft:diamond_ore":4,"minecraft:crying_obsidian":2,"minecraft:mossy_cobblestone":32,"minecraft:dark_oak_log":24,"minecraft:sea_lantern":13,"minecraft:nether_bricks":5,"minecraft:moss_block":11,"minecraft:sandstone":34,"minecraft:redstone_ore":23,"minecraft:carrots":1,"minecraft:red_sandstone":40,"minecraft:andesite":52,"minecraft:dead_horn_coral_block":3,"minecraft:vine":1,"minecraft:shroomlight":1,"minecraft:cobblestone_slab":6,"minecraft:packed_ice":28,"minecraft:stone":237,"minecraft:fire_coral_block":11,"minecraft:soul_sand":3,"minecraft:snow_block":50,"minecraft:basalt":1,"minecraft:emerald_ore":7,"minecraft:sponge":7,"minecraft:lapis_ore":6,"minecraft:diorite":55,"minecraft:warped_wart_block":3,"minecraft:prismarine_bricks":45,"minecraft:red_terracotta":24,"minecraft:spruce_log":40,"minecraft:coal_ore":69,"minecraft:gravel":50,"minecraft:cobweb":4,"minecraft:brown_terracotta":10,"minecraft:terracotta":25,"minecraft:gold_ore":17},"minecraft:picked_up":{"minecraft:iron_chestplate":5,"minecraft:wheat":3,"minecraft:diamond_sword":6,"minecraft:gilded_blackstone":2,"minecraft:cod_bucket":1,"silentgear:sinew":1,"minecraft:music_disc_cat":1,"minecraft:string":132,"minecraft:dead_tube_coral_block":5,"minecraft:soul_soil":5,"minecraft:red_nether_bricks":12,"minecraft:iron_leggings":8,"john_mod_reborn:freed_spirit":12,"minecraft:pufferfish":2,"minecraft:shroomlight":3,"minecraft:diamond_leggings":1,"minecraft:red_sand":16,"minecraft:gold_nugget":84,"alexsmobs:banana":1,"minecraft:spruce_planks":1,"minecraft:cobblestone_slab":12,"minecraft:wooden_shovel":2,"minecraft:iron_pickaxe":24,"minecraft:iron_boots":6,"minecraft:furnace":1,"minecraft:tipped_arrow":6,"minecraft:stick":141,"minecraft:acacia_log":16,"minecraft:brown_terracotta":8,"minecraft:oak_fence":2,"minecraft:torch":92,"minecraft:snow_block":31,"minecraft:diorite":63,"securitycraft:reinforced_mossy_cobblestone":1,"minecraft:rabbit_foot":6,"minecraft:stone_sword":11,"minecraft:cactus":3,"minecraft:horn_coral_fan":1,"minecraft:rotten_flesh":263,"minecraft:tropical_fish":1,"minecraft:salmon_bucket":1,"minecraft:white_terracotta":19,"supplementaries:ash":11,"minecraft:obsidian":4,"minecraft:cod":5,"minecraft:snowball":282,"minecraft:cobblestone":362,"minecraft:sponge":9,"minecraft:birch_log":21,"minecraft:cooked_beef":41,"minecraft:feather":16,"minecraft:andesite":62,"minecraft:water_bucket":6,"minecraft:jungle_log":149,"minecraft:flint":10,"minecraft:prismarine_bricks":23,"minecraft:lapis_lazuli":30,"minecraft:dirt":364,"minecraft:bone":207,"minecraft:bow":4,"minecraft:wheat_seeds":6,"minecraft:raw_gold":11,"minecraft:glowstone_dust":18,"minecraft:bamboo":62,"minecraft:moss_block":76,"croptopia:roe":2,"minecraft:prismarine":25,"minecraft:oak_planks":144,"silentgear:fine_silk":1,"minecraft:sand":99,"minecraft:dead_bush":4,"minecraft:dark_oak_log":14,"quark:cobblestone_bricks_wall":2,"minecraft:red_terracotta":14,"minecraft:mossy_cobblestone":13,"minecraft:dark_prismarine":40,"minecraft:iron_hoe":2,"minecraft:light_gray_terracotta":24,"minecraft:sugar":10,"minecraft:diamond":15,"minecraft:writable_book":1,"minecraft:dead_brain_coral_block":7,"minecraft:granite":36,"minecraft:bone_meal":223,"minecraft:emerald":3,"minecraft:chainmail_helmet":1,"minecraft:horse_spawn_egg":1,"minecraft:bread":1,"minecraft:oak_sapling":12,"born_in_chaos_v1:rotten_fish":603,"minecraft:netherrack":16,"minecraft:bricks":9,"minecraft:fishing_rod":1,"minecraft:oak_leaves":1,"minecraft:andesite_slab":60,"minecraft:diamond_pickaxe":8,"minecraft:mud":516,"minecraft:charcoal":11,"minecraft:chicken":12,"minecraft:clay_ball":48,"minecraft:brown_mushroom":1,"minecraft:wooden_pickaxe":3,"minecraft:dead_horn_coral_block":11,"minecraft:brick":6,"minecraft:shield":1,"minecraft:oak_trapdoor":2,"minecraft:iron_axe":15,"minecraft:wooden_sword":6,"minecraft:white_carpet":3,"minecraft:iron_shovel":9,"improvableskills:scroll_normal":2,"minecraft:beef":9,"minecraft:oak_boat":15,"minecraft:jungle_sapling":3,"minecraft:chest":31,"minecraft:sugar_cane":12,"minecraft:egg":27,"minecraft:dark_oak_sapling":8,"minecraft:raw_iron":76,"minecraft:sandstone":35,"minecraft:copper_ingot":2,"minecraft:music_disc_mellohi":7,"minecraft:carrot":1761,"minecraft:redstone":110,"minecraft:prismarine_crystals":25,"minecraft:stone_shovel":7,"minecraft:arrow":63,"minecraft:nether_bricks":12,"minecraft:yellow_terracotta":13,"minecraft:gold_ingot":48,"minecraft:white_wool":2,"born_in_chaos_v1:corpse_maggot":10,"minecraft:golden_carrot":99,"minecraft:leather":19,"minecraft:red_mushroom":1,"minecraft:ice":6,"silentgear:blueprint_package":1,"savage_and_ravage:creeper_spores":73,"minecraft:oak_log":159,"minecraft:ancient_debris":1,"minecraft:nether_wart_block":2,"minecraft:gunpowder":136,"minecraft:paper":2,"minecraft:orange_terracotta":7,"minecraft:red_sandstone":24,"minecraft:rabbit_hide":6,"minecraft:iron_ingot":197,"minecraft:music_disc_far":1,"minecraft:stone_pickaxe":10,"minecraft:glass_bottle":25,"minecraft:soul_sand":3,"minecraft:iron_sword":18,"minecraft:acacia_sapling":1,"minecraft:oak_slab":2,"minecraft:dandelion":1,"minecraft:gravel":61,"minecraft:dead_fire_coral_block":7,"undead_unleashed:grave_metal_scrap":110,"minecraft:spruce_sapling":1,"minecraft:spruce_log":37,"minecraft:crying_obsidian":1,"minecraft:spider_eye":28,"minecraft:slime_ball":7,"minecraft:stone_axe":26,"minecraft:dead_bubble_coral_block":3,"minecraft:iron_helmet":11,"minecraft:terracotta":34,"minecraft:melon_seeds":9,"minecraft:coal":69,"minecraft:hopper":1}},"DataVersion":3120}