{"stats":{"minecraft:killed":{"minecraft:vex":2,"john_mod_reborn:john":1,"minecraft:chicken":4,"minecraft:llama":1,"undead_revamp2:thebidy":1,"minecraft:pig":3,"minecraft:sheep":3,"minecraft:donkey":1,"minecraft:cow":2},"minecraft:dropped":{"minecraft:soul_sand":1,"minecraft:wheat_seeds":11,"minecraft:cobblestone":1,"minecraft:book":4,"minecraft:leather":1,"minecraft:acacia_log":1,"silentgear:sinew":2,"minecraft:coal":3,"minecraft:pufferfish":1,"minecraft:dirt":2,"minecraft:ink_sac":3,"minecraft:torch":1,"minecraft:wooden_axe":1,"minecraft:seagrass":2,"minecraft:iron_leggings":1,"minecraft:pumpkin":7,"minecraft:sand":4,"minecraft:iron_axe":1,"minecraft:iron_pickaxe":1,"minecraft:paper":3,"minecraft:redstone":12,"minecraft:bone":2,"minecraft:music_disc_blocks":1,"minecraft:birch_sapling":1,"minecraft:rotten_flesh":9,"minecraft:iron_hoe":1,"minecraft:carrot":29,"minecraft:pumpkin_seeds":1,"minecraft:shield":1,"minecraft:chest":1,"minecraft:sandstone":3,"minecraft:arrow":2,"minecraft:wooden_pickaxe":1,"minecraft:warped_wart_block":1,"minecraft:netherrack":22},"minecraft:used":{"minecraft:red_sand":32,"minecraft:tropical_fish":1,"minecraft:redstone":33,"minecraft:silverfish_spawn_egg":1,"minecraft:chest":5,"minecraft:spruce_planks":8,"minecraft:white_terracotta":4,"minecraft:iron_sword":23,"minecraft:netherrack":3,"minecraft:torch":3,"minecraft:soul_sand":2,"minecraft:dirt":14,"minecraft:nether_bricks":1,"minecraft:carrot":44,"minecraft:dead_brain_coral_block":1,"minecraft:snowball":32,"minecraft:brown_terracotta":11,"minecraft:wooden_axe":32,"minecraft:iron_axe":33,"minecraft:soul_soil":2,"minecraft:oak_sapling":3,"minecraft:egg":1,"minecraft:acacia_planks":8,"minecraft:orange_terracotta":11,"minecraft:pumpkin":3,"minecraft:wheat_seeds":1,"minecraft:diorite":14,"minecraft:stone_pickaxe":39,"minecraft:oak_planks":11,"minecraft:red_nether_bricks":5,"minecraft:blackstone":4,"minecraft:wooden_pickaxe":8,"minecraft:sandstone":14,"minecraft:mossy_cobblestone":28,"minecraft:sand":23,"minecraft:terracotta":13,"minecraft:yellow_terracotta":5,"minecraft:crafting_table":4,"minecraft:light_gray_terracotta":4,"minecraft:endermite_spawn_egg":1,"minecraft:red_sandstone":29,"minecraft:apple":1,"minecraft:chicken":2,"minecraft:melon_slice":8,"minecraft:iron_pickaxe":597,"minecraft:red_terracotta":17,"minecraft:gravel":4,"minecraft:stone_axe":79,"minecraft:cobblestone":6,"minecraft:andesite":14,"minecraft:bone_meal":5,"minecraft:experience_bottle":1},"minecraft:custom":{"minecraft:mob_kills":20,"minecraft:interact_with_crafting_table":29,"minecraft:damage_dealt_resisted":5,"minecraft:leave_game":6,"minecraft:time_since_death":3634,"minecraft:damage_resisted":90,"minecraft:sprint_one_cm":328723,"minecraft:walk_one_cm":363273,"minecraft:drop":125,"minecraft:damage_dealt_absorbed":8,"minecraft:talked_to_villager":3,"minecraft:play_time":114889,"minecraft:deaths":21,"minecraft:sneak_time":19738,"minecraft:walk_under_water_one_cm":14526,"minecraft:boat_one_cm":586,"minecraft:jump":757,"minecraft:walk_on_water_one_cm":1111,"minecraft:total_world_time":114889,"minecraft:interact_with_furnace":81,"minecraft:time_since_rest":3657,"minecraft:damage_taken":7543,"minecraft:damage_dealt":4206,"minecraft:player_kills":3,"minecraft:swim_one_cm":64,"minecraft:fly_one_cm":206719,"minecraft:open_chest":202,"minecraft:crouch_one_cm":36099,"minecraft:fall_one_cm":7079},"minecraft:killed_by":{"undead_revamp2:sucker":1,"minecraft:player":3,"undead_revamp2:the_moonflower":1,"minecraft:zombified_piglin":1,"minecraft:creeper":3,"minecraft:zombie":1,"undead_revamp2:thesmoker":1},"minecraft:crafted":{"minecraft:oak_planks":292,"minecraft:iron_boots":3,"minecraft:iron_axe":1,"minecraft:stone_pickaxe":2,"minecraft:dark_oak_planks":8,"minecraft:crafting_table":4,"minecraft:spruce_planks":32,"minecraft:wooden_pickaxe":1,"minecraft:iron_helmet":3,"minecraft:iron_sword":2,"minecraft:birch_planks":88,"minecraft:stone_axe":1,"minecraft:air":0,"minecraft:jungle_planks":40,"minecraft:iron_chestplate":3,"minecraft:stick":348,"minecraft:iron_ingot":115,"minecraft:iron_pickaxe":8,"minecraft:wooden_axe":1,"minecraft:iron_leggings":4,"minecraft:acacia_planks":20,"minecraft:diamond_chestplate":1},"minecraft:mined":{"minecraft:yellow_terracotta":20,"minecraft:dark_prismarine":1,"minecraft:diamond_ore":4,"minecraft:spruce_planks":3,"minecraft:mossy_cobblestone":71,"minecraft:dark_oak_log":4,"minecraft:red_nether_bricks":4,"minecraft:nether_bricks":5,"minecraft:red_sand":57,"minecraft:acacia_log":9,"minecraft:grass_block":142,"minecraft:jungle_log":15,"minecraft:soul_soil":2,"minecraft:bubble_coral_block":2,"minecraft:tube_coral_block":1,"minecraft:sandstone":16,"minecraft:magma_block":2,"minecraft:redstone_ore":20,"minecraft:carrots":31,"minecraft:iron_ore":10,"minecraft:red_sandstone":45,"minecraft:fire":19,"minecraft:andesite":2,"minecraft:pumpkin":11,"minecraft:dead_horn_coral_block":1,"minecraft:stone":9,"minecraft:brain_coral_block":2,"minecraft:fire_coral_block":1,"minecraft:podzol":18,"minecraft:blackstone":2,"minecraft:orange_terracotta":24,"minecraft:clay":34,"minecraft:torch":2,"minecraft:light_gray_terracotta":3,"minecraft:emerald_ore":11,"minecraft:melon":10,"minecraft:chest":13,"minecraft:nether_quartz_ore":1,"minecraft:cobblestone":42,"minecraft:lapis_ore":2,"minecraft:oak_planks":4,"minecraft:prismarine":38,"minecraft:diorite":5,"minecraft:warped_wart_block":2,"minecraft:prismarine_bricks":17,"minecraft:white_terracotta":8,"minecraft:red_terracotta":11,"minecraft:warped_nylium":1,"minecraft:birch_log":19,"minecraft:spruce_log":1,"minecraft:oak_log":37,"minecraft:coal_ore":11,"minecraft:gravel":1,"minecraft:dirt":10,"minecraft:sand":20,"minecraft:brown_terracotta":24,"minecraft:terracotta":22,"minecraft:netherrack":5,"minecraft:gold_ore":7,"minecraft:horn_coral_block":1,"minecraft:oak_leaves":5},"minecraft:picked_up":{"minecraft:wooden_axe":1,"minecraft:iron_chestplate":4,"minecraft:chicken":4,"minecraft:clay_ball":140,"silentgear:spear_blueprint":1,"minecraft:dead_horn_coral_block":1,"minecraft:shield":2,"silentgear:sinew":3,"minecraft:dead_tube_coral_block":1,"minecraft:soul_soil":2,"minecraft:red_nether_bricks":5,"minecraft:iron_axe":1,"minecraft:iron_leggings":3,"minecraft:iron_shovel":1,"minecraft:pufferfish":1,"minecraft:blackstone":4,"minecraft:red_sand":56,"minecraft:beef":5,"minecraft:iron_pickaxe":2,"minecraft:melon_slice":78,"minecraft:chest":13,"minecraft:birch_sapling":2,"minecraft:iron_boots":2,"minecraft:egg":2,"minecraft:stick":74,"minecraft:raw_iron":10,"minecraft:sandstone":20,"minecraft:music_disc_blocks":1,"minecraft:brown_terracotta":16,"minecraft:torch":5,"minecraft:acacia_log":4,"minecraft:porkchop":5,"minecraft:diorite":3,"minecraft:carrot":158,"minecraft:redstone":87,"minecraft:arrow":4,"minecraft:rotten_flesh":9,"minecraft:nether_bricks":1,"minecraft:yellow_terracotta":15,"minecraft:white_terracotta":6,"minecraft:mutton":4,"minecraft:cod":1,"minecraft:snowball":16,"minecraft:white_wool":3,"minecraft:cobblestone":62,"minecraft:birch_log":19,"minecraft:feather":4,"minecraft:salmon":1,"minecraft:water_bucket":1,"minecraft:andesite":1,"minecraft:jungle_log":14,"minecraft:leather":5,"minecraft:birch_planks":66,"minecraft:flint":1,"minecraft:oak_log":57,"minecraft:prismarine_bricks":18,"minecraft:paper":3,"minecraft:lapis_lazuli":13,"minecraft:dirt":294,"minecraft:orange_terracotta":13,"minecraft:apple":15,"minecraft:red_sandstone":50,"minecraft:raw_gold":6,"minecraft:iron_ingot":20,"minecraft:stone_pickaxe":1,"croptopia:roe":2,"minecraft:bamboo":3,"minecraft:prismarine":29,"minecraft:iron_sword":1,"minecraft:oak_planks":60,"minecraft:acacia_sapling":1,"minecraft:soul_sand":3,"minecraft:book":4,"minecraft:pumpkin":12,"minecraft:warped_wart_block":1,"minecraft:gravel":6,"minecraft:endermite_spawn_egg":1,"minecraft:dead_fire_coral_block":1,"minecraft:sand":27,"minecraft:ink_sac":5,"minecraft:spruce_log":1,"minecraft:grass_block":2,"minecraft:dark_oak_log":3,"minecraft:red_terracotta":17,"minecraft:mossy_cobblestone":47,"minecraft:dark_prismarine":1,"minecraft:iron_hoe":1,"minecraft:light_gray_terracotta":4,"minecraft:pumpkin_seeds":1,"minecraft:sugar":1,"minecraft:slime_ball":2,"minecraft:diamond":2,"minecraft:stone_axe":1,"minecraft:dead_bubble_coral_block":1,"minecraft:dead_brain_coral_block":3,"minecraft:iron_helmet":4,"minecraft:emerald":14,"minecraft:terracotta":20,"minecraft:oak_sapling":1,"minecraft:netherrack":25,"minecraft:coal":11}},"DataVersion":3120}