{"stats":{"minecraft:broken":{"minecraft:stone_pickaxe":2,"minecraft:fishing_rod":2,"minecraft:leather_helmet":1,"minecraft:stone_sword":1},"minecraft:killed":{"john_mod_reborn:john":1,"minecraft:chicken":4,"minecraft:parrot":3,"minecraft:pig":3,"minecraft:sheep":3,"minecraft:donkey":1,"born_in_chaos_v1:corpse_fly":1,"minecraft:cow":2,"minecraft:vex":6,"minecraft:llama":1,"undead_revamp2:thebidy":1,"undead_revamp2:sucker":1},"minecraft:dropped":{"minecraft:soul_sand":1,"minecraft:oak_log":4,"minecraft:leather":1,"minecraft:dirt":6,"minecraft:dark_oak_log":1,"minecraft:seagrass":2,"minecraft:sand":19,"minecraft:iron_pickaxe":3,"minecraft:bone":2,"minecraft:music_disc_blocks":1,"minecraft:birch_sapling":1,"minecraft:rotten_flesh":9,"securitycraft:reinforced_blackstone":1,"minecraft:salmon":2,"minecraft:dead_fire_coral_block":1,"minecraft:carrot":29,"securitycraft:reinforced_oak_planks":1,"minecraft:cod_bucket":1,"minecraft:jungle_log":3,"minecraft:chest":1,"minecraft:arrow":2,"minecraft:prismarine_bricks":10,"minecraft:warped_wart_block":1,"minecraft:netherrack":22,"minecraft:wheat_seeds":11,"minecraft:mossy_cobblestone":5,"minecraft:feather":2,"minecraft:cobblestone":11,"minecraft:prismarine_crystals":31,"minecraft:book":4,"minecraft:salmon_bucket":1,"minecraft:stripped_jungle_log":1,"minecraft:dead_horn_coral_block":6,"minecraft:acacia_log":1,"silentgear:sinew":2,"minecraft:coal":4,"minecraft:pufferfish":1,"minecraft:diorite":3,"minecraft:ink_sac":3,"minecraft:sponge":1,"minecraft:torch":1,"minecraft:wooden_axe":1,"minecraft:jungle_door":1,"minecraft:iron_leggings":1,"minecraft:pumpkin":7,"minecraft:iron_axe":1,"minecraft:paper":5,"minecraft:bucket":1,"minecraft:redstone":16,"minecraft:stone_sword":1,"minecraft:dead_bubble_coral_block":2,"minecraft:clay_ball":24,"minecraft:iron_hoe":1,"improvableskills:skills_book":1,"securitycraft:reinforced_cobblestone":1,"minecraft:pumpkin_seeds":1,"minecraft:shield":1,"minecraft:oak_sapling":2,"croptopia:roe":4,"minecraft:bamboo":1,"minecraft:sandstone":3,"minecraft:stone_pickaxe":1,"minecraft:wooden_pickaxe":1,"minecraft:raw_gold":1,"minecraft:dead_brain_coral_block":1},"minecraft:used":{"minecraft:red_sand":32,"minecraft:white_terracotta":4,"minecraft:chest":6,"minecraft:donkey_spawn_egg":1,"minecraft:iron_sword":23,"minecraft:rotten_flesh":1,"minecraft:soul_sand":2,"minecraft:jungle_planks":47,"minecraft:nether_bricks":1,"minecraft:carrot":54,"minecraft:snowball":93,"minecraft:milk_bucket":1,"born_in_chaos_v1:corpse_maggot":1,"minecraft:oak_sapling":5,"minecraft:furnace":1,"minecraft:egg":1,"minecraft:diorite":15,"minecraft:stone_pickaxe":278,"minecraft:oak_planks":11,"minecraft:blackstone":4,"minecraft:wooden_pickaxe":8,"minecraft:sandstone":14,"minecraft:sand":23,"minecraft:yellow_terracotta":5,"minecraft:light_gray_terracotta":4,"minecraft:red_sandstone":29,"securitycraft:reinforced_grass_block":1,"minecraft:melon_slice":17,"minecraft:red_terracotta":17,"minecraft:gravel":4,"minecraft:andesite":22,"minecraft:bone_meal":5,"minecraft:experience_bottle":1,"minecraft:trident":1,"minecraft:stone_sword":26,"minecraft:tropical_fish":1,"minecraft:redstone":33,"minecraft:silverfish_spawn_egg":1,"minecraft:spruce_planks":8,"minecraft:netherrack":3,"minecraft:torch":4,"minecraft:dirt":14,"minecraft:dead_brain_coral_block":4,"minecraft:wooden_axe":32,"minecraft:brown_terracotta":11,"minecraft:iron_axe":33,"minecraft:soul_soil":2,"minecraft:acacia_planks":8,"minecraft:orange_terracotta":11,"minecraft:pumpkin":3,"minecraft:wheat_seeds":1,"minecraft:red_nether_bricks":5,"minecraft:mossy_cobblestone":28,"minecraft:terracotta":13,"minecraft:crafting_table":5,"minecraft:dead_fire_coral_block":3,"minecraft:endermite_spawn_egg":1,"minecraft:dark_prismarine":2,"minecraft:diamond_pickaxe":7,"minecraft:apple":1,"minecraft:chicken":2,"minecraft:iron_pickaxe":902,"minecraft:leather_helmet":1,"minecraft:stone_axe":162,"minecraft:fishing_rod":5,"minecraft:cobblestone":78,"minecraft:cooked_porkchop":1,"minecraft:jungle_door":3},"minecraft:custom":{"minecraft:interact_with_crafting_table":35,"minecraft:leave_game":6,"minecraft:time_since_death":150,"minecraft:damage_resisted":90,"minecraft:sprint_one_cm":496818,"minecraft:drop":273,"minecraft:talked_to_villager":3,"minecraft:play_time":174889,"minecraft:deaths":34,"minecraft:jump":1301,"minecraft:walk_on_water_one_cm":1747,"minecraft:interact_with_furnace":92,"minecraft:damage_dealt":6726,"minecraft:player_kills":3,"minecraft:crouch_one_cm":57940,"minecraft:mob_kills":31,"minecraft:damage_dealt_resisted":44,"minecraft:climb_one_cm":112,"minecraft:walk_one_cm":532984,"minecraft:damage_dealt_absorbed":87,"minecraft:sneak_time":38039,"minecraft:walk_under_water_one_cm":25520,"minecraft:boat_one_cm":586,"minecraft:total_world_time":174889,"minecraft:time_since_rest":179,"minecraft:damage_taken":11470,"minecraft:swim_one_cm":4884,"minecraft:fly_one_cm":332792,"minecraft:open_chest":304,"minecraft:fall_one_cm":19860},"minecraft:killed_by":{"undead_revamp2:sucker":6,"undead_revamp2:the_moonflower":1,"minecraft:zombified_piglin":1,"minecraft:creeper":3,"minecraft:zombie":1,"undead_revamp2:thesmoker":2,"minecraft:elder_guardian":1,"minecraft:vex":2,"minecraft:player":4,"undead_revamp2:therod":3},"minecraft:crafted":{"minecraft:black_dye":2,"minecraft:oak_planks":312,"minecraft:iron_boots":3,"minecraft:crafting_table":5,"minecraft:spruce_planks":32,"minecraft:wooden_pickaxe":1,"minecraft:iron_helmet":3,"minecraft:birch_planks":88,"minecraft:iron_chestplate":3,"minecraft:stick":376,"minecraft:iron_pickaxe":10,"minecraft:iron_ingot":126,"minecraft:iron_axe":1,"minecraft:stone_pickaxe":3,"minecraft:dark_oak_planks":8,"minecraft:iron_sword":2,"minecraft:stone_axe":2,"minecraft:air":0,"minecraft:jungle_planks":108,"minecraft:jungle_door":3,"minecraft:wooden_axe":1,"minecraft:iron_leggings":4,"minecraft:acacia_planks":20,"minecraft:diamond_chestplate":1},"minecraft:mined":{"minecraft:spruce_planks":3,"minecraft:red_nether_bricks":4,"minecraft:acacia_log":9,"minecraft:red_sand":57,"minecraft:grass_block":176,"minecraft:jungle_log":55,"minecraft:soul_soil":2,"minecraft:bubble_coral_block":7,"minecraft:tube_coral_block":3,"minecraft:magma_block":2,"minecraft:iron_ore":27,"minecraft:fire":19,"minecraft:pumpkin":11,"minecraft:brain_coral_block":8,"minecraft:jungle_door":1,"minecraft:blackstone":2,"minecraft:orange_terracotta":24,"minecraft:clay":42,"minecraft:torch":8,"minecraft:light_gray_terracotta":3,"minecraft:melon":10,"minecraft:chest":19,"minecraft:nether_quartz_ore":1,"minecraft:cobblestone":238,"minecraft:prismarine":57,"minecraft:oak_planks":4,"minecraft:white_terracotta":8,"minecraft:warped_nylium":1,"minecraft:birch_log":19,"minecraft:oak_log":46,"minecraft:sand":63,"minecraft:dirt":13,"minecraft:netherrack":5,"minecraft:oak_leaves":5,"minecraft:horn_coral_block":9,"minecraft:yellow_terracotta":20,"minecraft:dark_prismarine":21,"minecraft:diamond_ore":5,"minecraft:mossy_cobblestone":104,"minecraft:dark_oak_log":5,"minecraft:sea_lantern":16,"minecraft:nether_bricks":5,"minecraft:jungle_planks":7,"minecraft:sandstone":16,"minecraft:redstone_ore":25,"minecraft:furnace":1,"minecraft:carrots":31,"minecraft:red_sandstone":45,"minecraft:andesite":2,"minecraft:dead_horn_coral_block":3,"minecraft:stripped_jungle_log":6,"minecraft:stone":31,"minecraft:fire_coral_block":8,"minecraft:podzol":18,"minecraft:emerald_ore":11,"minecraft:sponge":7,"minecraft:lapis_ore":2,"minecraft:diorite":12,"minecraft:warped_wart_block":2,"minecraft:prismarine_bricks":34,"minecraft:dead_fire_coral_block":2,"minecraft:red_terracotta":11,"minecraft:spruce_log":2,"minecraft:dead_brain_coral_block":1,"minecraft:coal_ore":27,"minecraft:gravel":1,"minecraft:brown_terracotta":24,"minecraft:terracotta":22,"minecraft:gold_ore":12},"minecraft:picked_up":{"minecraft:wooden_axe":1,"minecraft:iron_chestplate":4,"silentgear:spear_blueprint":1,"securitycraft:reinforced_oak_planks":1,"silentgear:sinew":3,"minecraft:dead_tube_coral_block":1,"minecraft:soul_soil":2,"minecraft:red_nether_bricks":5,"minecraft:iron_leggings":3,"minecraft:pufferfish":1,"minecraft:red_sand":56,"minecraft:spruce_planks":11,"securitycraft:reinforced_spruce_planks":1,"minecraft:iron_pickaxe":14,"minecraft:melon_slice":78,"minecraft:iron_boots":2,"minecraft:furnace":1,"minecraft:stick":100,"minecraft:music_disc_blocks":1,"minecraft:jungle_door":1,"minecraft:brown_terracotta":16,"minecraft:torch":10,"minecraft:acacia_log":4,"minecraft:porkchop":5,"minecraft:diorite":8,"minecraft:stone_sword":3,"minecraft:rotten_flesh":10,"minecraft:white_terracotta":6,"minecraft:snowball":16,"minecraft:cod":1,"minecraft:cobblestone":255,"minecraft:sponge":4,"minecraft:birch_log":19,"minecraft:feather":6,"minecraft:jungle_log":34,"minecraft:water_bucket":1,"minecraft:andesite":1,"minecraft:flint":1,"minecraft:prismarine_bricks":28,"minecraft:lapis_lazuli":13,"minecraft:dirt":302,"minecraft:raw_gold":11,"minecraft:bamboo":4,"croptopia:roe":6,"minecraft:prismarine":29,"minecraft:oak_planks":80,"minecraft:warped_wart_block":1,"minecraft:sand":42,"minecraft:jungle_planks":25,"minecraft:ink_sac":5,"minecraft:grass_block":2,"minecraft:red_terracotta":17,"minecraft:dark_oak_log":6,"minecraft:mossy_cobblestone":53,"minecraft:dark_prismarine":12,"minecraft:iron_hoe":1,"minecraft:light_gray_terracotta":4,"minecraft:sugar":1,"minecraft:diamond":2,"improvableskills:skills_book":1,"minecraft:dead_brain_coral_block":8,"securitycraft:reinforced_blackstone":1,"minecraft:emerald":14,"minecraft:oak_sapling":3,"minecraft:netherrack":25,"minecraft:fishing_rod":1,"minecraft:chicken":4,"minecraft:clay_ball":172,"minecraft:dead_horn_coral_block":9,"minecraft:shield":2,"minecraft:iron_axe":1,"minecraft:iron_shovel":1,"minecraft:blackstone":4,"minecraft:beef":5,"minecraft:chest":14,"minecraft:birch_sapling":2,"minecraft:egg":2,"minecraft:raw_iron":21,"minecraft:sandstone":20,"securitycraft:reinforced_cobblestone":1,"minecraft:carrot":257,"minecraft:redstone":91,"minecraft:prismarine_crystals":31,"minecraft:arrow":4,"minecraft:nether_bricks":1,"minecraft:yellow_terracotta":15,"minecraft:mutton":4,"minecraft:white_wool":3,"born_in_chaos_v1:corpse_maggot":1,"minecraft:salmon":3,"minecraft:leather":5,"minecraft:birch_planks":66,"minecraft:oak_log":70,"minecraft:paper":5,"minecraft:orange_terracotta":13,"minecraft:apple":15,"minecraft:red_sandstone":50,"minecraft:iron_ingot":26,"minecraft:stone_pickaxe":3,"minecraft:soul_sand":3,"minecraft:iron_sword":2,"minecraft:acacia_sapling":1,"minecraft:book":4,"minecraft:milk_bucket":1,"minecraft:pumpkin":12,"minecraft:gravel":6,"minecraft:endermite_spawn_egg":1,"minecraft:dead_fire_coral_block":6,"minecraft:spruce_log":1,"minecraft:leather_helmet":2,"minecraft:stripped_jungle_log":1,"minecraft:pumpkin_seeds":1,"minecraft:slime_ball":2,"securitycraft:reinforced_grass_block":1,"minecraft:stone_axe":4,"minecraft:dead_bubble_coral_block":4,"minecraft:iron_helmet":4,"minecraft:terracotta":20,"minecraft:coal":27}},"DataVersion":3120}