{"stats":{"minecraft:broken":{"minecraft:stone_pickaxe":1,"minecraft:fishing_rod":2},"minecraft:killed":{"minecraft:vex":2,"john_mod_reborn:john":1,"minecraft:chicken":4,"minecraft:llama":1,"undead_revamp2:thebidy":1,"minecraft:pig":3,"minecraft:sheep":3,"minecraft:donkey":1,"minecraft:cow":2},"minecraft:dropped":{"minecraft:soul_sand":1,"minecraft:wheat_seeds":11,"minecraft:oak_log":4,"minecraft:prismarine_crystals":22,"minecraft:cobblestone":1,"minecraft:book":4,"minecraft:leather":1,"minecraft:acacia_log":1,"silentgear:sinew":2,"minecraft:coal":4,"minecraft:pufferfish":1,"minecraft:dirt":3,"minecraft:diorite":1,"minecraft:sponge":1,"minecraft:ink_sac":3,"minecraft:torch":1,"minecraft:wooden_axe":1,"minecraft:seagrass":2,"minecraft:iron_leggings":1,"minecraft:pumpkin":7,"minecraft:sand":18,"minecraft:iron_axe":1,"minecraft:iron_pickaxe":3,"minecraft:paper":3,"minecraft:bucket":1,"minecraft:redstone":12,"minecraft:bone":2,"minecraft:music_disc_blocks":1,"minecraft:stone_sword":1,"minecraft:birch_sapling":1,"minecraft:dead_bubble_coral_block":2,"minecraft:rotten_flesh":9,"minecraft:clay_ball":24,"minecraft:iron_hoe":1,"minecraft:dead_fire_coral_block":1,"minecraft:salmon":2,"minecraft:carrot":29,"minecraft:pumpkin_seeds":1,"minecraft:shield":1,"minecraft:stone_pickaxe":1,"minecraft:chest":1,"croptopia:roe":4,"minecraft:raw_gold":1,"minecraft:dead_brain_coral_block":1,"minecraft:sandstone":3,"minecraft:prismarine_bricks":9,"minecraft:arrow":2,"minecraft:wooden_pickaxe":1,"minecraft:warped_wart_block":1,"minecraft:netherrack":22},"minecraft:used":{"minecraft:stone_sword":5,"minecraft:red_sand":32,"minecraft:tropical_fish":1,"minecraft:redstone":33,"minecraft:silverfish_spawn_egg":1,"minecraft:chest":5,"minecraft:spruce_planks":8,"minecraft:white_terracotta":4,"minecraft:iron_sword":23,"minecraft:netherrack":3,"minecraft:torch":4,"minecraft:soul_sand":2,"minecraft:dirt":14,"minecraft:nether_bricks":1,"minecraft:carrot":51,"minecraft:dead_brain_coral_block":4,"minecraft:snowball":93,"minecraft:milk_bucket":1,"minecraft:brown_terracotta":11,"minecraft:wooden_axe":32,"minecraft:iron_axe":33,"minecraft:soul_soil":2,"minecraft:furnace":1,"minecraft:oak_sapling":5,"minecraft:egg":1,"minecraft:acacia_planks":8,"minecraft:orange_terracotta":11,"minecraft:pumpkin":3,"minecraft:wheat_seeds":1,"minecraft:diorite":15,"minecraft:stone_pickaxe":148,"minecraft:oak_planks":11,"minecraft:red_nether_bricks":5,"minecraft:blackstone":4,"minecraft:wooden_pickaxe":8,"minecraft:sandstone":14,"minecraft:mossy_cobblestone":28,"minecraft:sand":23,"minecraft:terracotta":13,"minecraft:yellow_terracotta":5,"minecraft:crafting_table":4,"minecraft:dead_fire_coral_block":3,"minecraft:light_gray_terracotta":4,"minecraft:endermite_spawn_egg":1,"minecraft:dark_prismarine":2,"minecraft:red_sandstone":29,"minecraft:apple":1,"minecraft:chicken":2,"minecraft:melon_slice":12,"minecraft:iron_pickaxe":694,"minecraft:leather_helmet":1,"minecraft:red_terracotta":17,"minecraft:gravel":4,"minecraft:stone_axe":79,"minecraft:fishing_rod":5,"minecraft:cobblestone":6,"minecraft:cooked_porkchop":1,"minecraft:andesite":14,"minecraft:bone_meal":5,"minecraft:experience_bottle":1},"minecraft:custom":{"minecraft:mob_kills":20,"minecraft:interact_with_crafting_table":31,"minecraft:damage_dealt_resisted":5,"minecraft:leave_game":6,"minecraft:time_since_death":1959,"minecraft:damage_resisted":90,"minecraft:sprint_one_cm":404207,"minecraft:walk_one_cm":432632,"minecraft:drop":218,"minecraft:damage_dealt_absorbed":8,"minecraft:talked_to_villager":3,"minecraft:play_time":138889,"minecraft:deaths":25,"minecraft:sneak_time":26332,"minecraft:walk_under_water_one_cm":23944,"minecraft:boat_one_cm":586,"minecraft:jump":1028,"minecraft:walk_on_water_one_cm":1298,"minecraft:total_world_time":138889,"minecraft:interact_with_furnace":85,"minecraft:time_since_rest":1988,"minecraft:damage_taken":8881,"minecraft:damage_dealt":4764,"minecraft:player_kills":3,"minecraft:swim_one_cm":64,"minecraft:fly_one_cm":277321,"minecraft:open_chest":252,"minecraft:crouch_one_cm":44341,"minecraft:fall_one_cm":11625},"minecraft:killed_by":{"undead_revamp2:sucker":2,"minecraft:player":4,"undead_revamp2:the_moonflower":1,"minecraft:zombified_piglin":1,"minecraft:creeper":3,"minecraft:zombie":1,"undead_revamp2:thesmoker":2,"minecraft:elder_guardian":1},"minecraft:crafted":{"minecraft:black_dye":2,"minecraft:oak_planks":292,"minecraft:iron_boots":3,"minecraft:iron_axe":1,"minecraft:stone_pickaxe":2,"minecraft:dark_oak_planks":8,"minecraft:crafting_table":4,"minecraft:spruce_planks":32,"minecraft:wooden_pickaxe":1,"minecraft:iron_helmet":3,"minecraft:iron_sword":2,"minecraft:birch_planks":88,"minecraft:stone_axe":1,"minecraft:air":0,"minecraft:jungle_planks":40,"minecraft:iron_chestplate":3,"minecraft:stick":364,"minecraft:iron_ingot":119,"minecraft:iron_pickaxe":9,"minecraft:wooden_axe":1,"minecraft:iron_leggings":4,"minecraft:acacia_planks":20,"minecraft:diamond_chestplate":1},"minecraft:mined":{"minecraft:yellow_terracotta":20,"minecraft:dark_prismarine":20,"minecraft:diamond_ore":4,"minecraft:spruce_planks":3,"minecraft:mossy_cobblestone":71,"minecraft:dark_oak_log":5,"minecraft:red_nether_bricks":4,"minecraft:sea_lantern":12,"minecraft:nether_bricks":5,"minecraft:red_sand":57,"minecraft:acacia_log":9,"minecraft:grass_block":145,"minecraft:jungle_log":15,"minecraft:soul_soil":2,"minecraft:bubble_coral_block":7,"minecraft:tube_coral_block":3,"minecraft:sandstone":16,"minecraft:magma_block":2,"minecraft:redstone_ore":20,"minecraft:furnace":1,"minecraft:carrots":31,"minecraft:iron_ore":21,"minecraft:red_sandstone":45,"minecraft:fire":19,"minecraft:andesite":2,"minecraft:pumpkin":11,"minecraft:dead_horn_coral_block":2,"minecraft:stone":18,"minecraft:brain_coral_block":8,"minecraft:fire_coral_block":8,"minecraft:podzol":18,"minecraft:blackstone":2,"minecraft:orange_terracotta":24,"minecraft:clay":42,"minecraft:torch":4,"minecraft:light_gray_terracotta":3,"minecraft:emerald_ore":11,"minecraft:sponge":7,"minecraft:melon":10,"minecraft:chest":14,"minecraft:nether_quartz_ore":1,"minecraft:cobblestone":45,"minecraft:lapis_ore":2,"minecraft:oak_planks":4,"minecraft:prismarine":55,"minecraft:diorite":10,"minecraft:warped_wart_block":2,"minecraft:prismarine_bricks":33,"minecraft:white_terracotta":8,"minecraft:dead_fire_coral_block":2,"minecraft:red_terracotta":11,"minecraft:warped_nylium":1,"minecraft:birch_log":19,"minecraft:spruce_log":2,"minecraft:dead_brain_coral_block":1,"minecraft:oak_log":41,"minecraft:coal_ore":15,"minecraft:gravel":1,"minecraft:dirt":10,"minecraft:sand":62,"minecraft:brown_terracotta":24,"minecraft:terracotta":22,"minecraft:netherrack":5,"minecraft:gold_ore":8,"minecraft:horn_coral_block":4,"minecraft:oak_leaves":5},"minecraft:picked_up":{"minecraft:wooden_axe":1,"minecraft:fishing_rod":1,"minecraft:iron_chestplate":4,"minecraft:chicken":4,"minecraft:clay_ball":172,"silentgear:spear_blueprint":1,"minecraft:dead_horn_coral_block":3,"minecraft:shield":2,"silentgear:sinew":3,"minecraft:dead_tube_coral_block":1,"minecraft:soul_soil":2,"minecraft:red_nether_bricks":5,"minecraft:iron_axe":1,"minecraft:iron_leggings":3,"minecraft:iron_shovel":1,"minecraft:pufferfish":1,"minecraft:blackstone":4,"minecraft:red_sand":56,"minecraft:spruce_planks":11,"minecraft:beef":5,"minecraft:iron_pickaxe":7,"minecraft:melon_slice":78,"minecraft:chest":13,"minecraft:birch_sapling":2,"minecraft:furnace":1,"minecraft:iron_boots":2,"minecraft:egg":2,"minecraft:stick":76,"minecraft:raw_iron":18,"minecraft:sandstone":20,"minecraft:music_disc_blocks":1,"minecraft:brown_terracotta":16,"minecraft:torch":6,"minecraft:acacia_log":4,"minecraft:porkchop":5,"minecraft:diorite":6,"minecraft:carrot":194,"minecraft:redstone":87,"minecraft:prismarine_crystals":22,"minecraft:arrow":4,"minecraft:rotten_flesh":9,"minecraft:nether_bricks":1,"minecraft:yellow_terracotta":15,"minecraft:white_terracotta":6,"minecraft:sponge":4,"minecraft:mutton":4,"minecraft:cod":1,"minecraft:snowball":16,"minecraft:white_wool":3,"minecraft:cobblestone":111,"minecraft:birch_log":19,"minecraft:feather":4,"minecraft:salmon":3,"minecraft:water_bucket":1,"minecraft:andesite":1,"minecraft:jungle_log":14,"minecraft:leather":5,"minecraft:birch_planks":66,"minecraft:flint":1,"minecraft:oak_log":62,"minecraft:prismarine_bricks":27,"minecraft:paper":3,"minecraft:lapis_lazuli":13,"minecraft:dirt":295,"minecraft:orange_terracotta":13,"minecraft:apple":15,"minecraft:red_sandstone":50,"minecraft:raw_gold":8,"minecraft:iron_ingot":26,"minecraft:stone_pickaxe":3,"croptopia:roe":6,"minecraft:bamboo":3,"minecraft:prismarine":29,"minecraft:iron_sword":2,"minecraft:oak_planks":60,"minecraft:acacia_sapling":1,"minecraft:soul_sand":3,"minecraft:book":4,"minecraft:milk_bucket":1,"minecraft:pumpkin":12,"minecraft:warped_wart_block":1,"minecraft:gravel":6,"minecraft:endermite_spawn_egg":1,"minecraft:dead_fire_coral_block":6,"minecraft:sand":41,"minecraft:ink_sac":5,"minecraft:spruce_log":1,"minecraft:grass_block":2,"minecraft:leather_helmet":2,"minecraft:dark_oak_log":4,"minecraft:red_terracotta":17,"minecraft:mossy_cobblestone":48,"minecraft:dark_prismarine":12,"minecraft:iron_hoe":1,"minecraft:light_gray_terracotta":4,"minecraft:pumpkin_seeds":1,"minecraft:sugar":1,"minecraft:slime_ball":2,"minecraft:diamond":2,"minecraft:stone_axe":1,"minecraft:dead_bubble_coral_block":4,"minecraft:dead_brain_coral_block":8,"minecraft:iron_helmet":4,"minecraft:emerald":14,"minecraft:terracotta":20,"minecraft:oak_sapling":1,"minecraft:netherrack":25,"minecraft:coal":21}},"DataVersion":3120}