{"stats":{"minecraft:killed":{"john_mod_reborn:baby_john":2,"minecraft:witch":1,"undead_revamp2:thehunter":1,"enemyexpansion:equestrian":1,"minecraft:spider":6,"undead_revamp2:bomber":1,"undead_revamp2:theswarmer":1,"born_in_chaos_v1:maggot":1,"undead_revamp2:therod":1,"undead_revamp2:thespitter":1,"minecraft:husk":1,"undead_revamp2:the_moonflower":1,"undead_revamp2:theheavy":1,"minecraft:creeper":1,"minecraft:polar_bear":1,"john_mod_reborn:feral_baby_john_2":2,"minecraft:pillager":4,"minecraft:zombie":4,"minecraft:stray":3,"enemyexpansion:botfly":7,"john_mod_reborn:feral_baby_john_1":1},"minecraft:dropped":{"minecraft:water_bucket":1,"minecraft:iron_ingot":32,"minecraft:iron_sword":2,"minecraft:oak_log":1,"minecraft:iron_helmet":1,"minecraft:coal":4,"minecraft:stick":8,"minecraft:torch":14,"minecraft:rabbit":1,"minecraft:wooden_sword":1,"minecraft:iron_axe":8,"minecraft:iron_pickaxe":6,"minecraft:iron_shovel":2,"minecraft:bone":26,"minecraft:wheat":40,"minecraft:oak_planks":55,"minecraft:iron_hoe":3,"minecraft:carrot":245,"minecraft:rabbit_hide":1,"minecraft:iron_chestplate":1,"minecraft:wooden_shovel":1,"minecraft:oak_leaves":1},"minecraft:used":{"minecraft:iron_shovel":584,"minecraft:acacia_log":1,"minecraft:flint_and_steel":2,"minecraft:chest":18,"minecraft:spruce_planks":15,"minecraft:shield":55,"minecraft:iron_sword":201,"minecraft:oak_door":2,"minecraft:iron_chestplate":8,"minecraft:torch":463,"minecraft:dirt":281,"minecraft:carrot":308,"minecraft:granite":1,"minecraft:iron_hoe":99,"minecraft:villager_spawn_egg":2,"minecraft:iron_axe":197,"minecraft:oak_stairs":5,"minecraft:grass_block":121,"minecraft:chicken_spawn_egg":8,"minecraft:iron_boots":10,"minecraft:iron_helmet":6,"minecraft:melon_seeds":30,"minecraft:oak_sapling":29,"minecraft:furnace":2,"minecraft:egg":4,"minecraft:dead_bubble_coral_block":1,"minecraft:iron_leggings":5,"minecraft:wheat_seeds":40,"minecraft:water_bucket":58,"minecraft:cow_spawn_egg":7,"minecraft:oak_planks":65,"minecraft:polished_andesite":1,"minecraft:prismarine":8,"minecraft:cobblestone_slab":727,"minecraft:oak_leaves":198,"minecraft:dark_oak_trapdoor":4,"minecraft:oak_slab":256,"minecraft:tnt":2,"minecraft:crafting_table":3,"minecraft:red_mushroom":1,"minecraft:light_gray_terracotta":1,"minecraft:mud":15,"minecraft:wooden_hoe":88,"minecraft:diamond_pickaxe":11,"minecraft:apple":17,"minecraft:melon_slice":1,"minecraft:iron_pickaxe":191,"minecraft:diamond_sword":50,"minecraft:cobblestone":41,"minecraft:bucket":3,"minecraft:oak_fence":56,"minecraft:oak_trapdoor":29,"minecraft:oak_boat":1,"minecraft:moss_block":1,"minecraft:bone_meal":116},"minecraft:custom":{"minecraft:mob_kills":47,"minecraft:interact_with_crafting_table":6,"minecraft:open_barrel":8,"minecraft:damage_dealt_resisted":555,"minecraft:leave_game":24,"minecraft:time_since_death":27278,"minecraft:damage_resisted":570,"minecraft:sprint_one_cm":905048,"minecraft:walk_one_cm":1175010,"minecraft:damage_blocked_by_shield":1768,"minecraft:drop":123,"minecraft:damage_dealt_absorbed":20,"minecraft:talked_to_villager":18,"minecraft:play_time":596551,"minecraft:sneak_time":33322,"minecraft:deaths":31,"minecraft:walk_under_water_one_cm":157798,"minecraft:boat_one_cm":1062,"minecraft:jump":4500,"minecraft:walk_on_water_one_cm":26952,"minecraft:total_world_time":596551,"minecraft:interact_with_furnace":10,"minecraft:time_since_rest":27319,"minecraft:damage_taken":15999,"minecraft:damage_dealt":11957,"minecraft:player_kills":2,"minecraft:swim_one_cm":12029,"minecraft:fly_one_cm":2216788,"minecraft:open_chest":190,"minecraft:crouch_one_cm":75999,"minecraft:fall_one_cm":80913,"minecraft:horse_one_cm":6257},"minecraft:killed_by":{"minecraft:husk":1,"undead_revamp2:sucker":10,"minecraft:player":1,"minecraft:wolf":1,"undead_revamp2:the_moonflower":2,"minecraft:spider":1,"minecraft:pufferfish":1,"undead_revamp2:thesmoker":1,"undead_revamp2:thebeartamer":1},"minecraft:crafted":{"minecraft:oak_door":3,"minecraft:oak_planks":536,"minecraft:oak_slab":120,"minecraft:crafting_table":2,"minecraft:spruce_planks":8,"minecraft:oak_boat":1,"minecraft:iron_ingot":128},"minecraft:picked_up":{"minecraft:cocoa_beans":5,"minecraft:mud":1,"minecraft:seagrass":2,"minecraft:iron_chestplate":16,"minecraft:wheat":1,"minecraft:chicken":5,"minecraft:ladder":14,"minecraft:clay_ball":304,"minecraft:brown_mushroom":11,"minecraft:lead":4,"minecraft:diamond_sword":3,"croptopia:calamari":3,"minecraft:dead_horn_coral_block":8,"minecraft:shield":12,"minecraft:pink_candle":2,"minecraft:oak_trapdoor":1,"minecraft:string":35,"minecraft:dead_tube_coral_block":9,"minecraft:iron_axe":18,"minecraft:wooden_sword":1,"minecraft:iron_leggings":15,"minecraft:sticky_piston":1,"minecraft:iron_shovel":12,"john_mod_reborn:freed_spirit":1,"minecraft:sea_pickle":3,"minecraft:red_sand":36,"minecraft:candle":3,"graveyard:gravestone":1,"minecraft:spruce_planks":39,"minecraft:beef":7,"minecraft:redstone_torch":14,"minecraft:cobblestone_slab":5,"minecraft:jungle_sapling":4,"minecraft:wooden_shovel":1,"minecraft:iron_pickaxe":16,"minecraft:spruce_slab":7,"minecraft:melon_slice":125,"minecraft:chest":34,"minecraft:birch_sapling":4,"minecraft:spruce_trapdoor":26,"minecraft:iron_boots":20,"minecraft:egg":4,"minecraft:tipped_arrow":6,"minecraft:dark_oak_sapling":2,"minecraft:stick":80,"minecraft:raw_iron":60,"minecraft:oak_door":1,"minecraft:brown_terracotta":7,"minecraft:copper_ingot":4,"minecraft:torch":114,"minecraft:acacia_log":13,"minecraft:spruce_stairs":11,"minecraft:dried_kelp":3,"graveyard:dark_iron_bars":4,"minecraft:pointed_dripstone":7,"minecraft:diorite":23,"minecraft:vine":2,"minecraft:carrot":1324,"minecraft:redstone":73,"minecraft:prismarine_crystals":20,"minecraft:rabbit_foot":2,"minecraft:lime_candle":4,"minecraft:arrow":4,"minecraft:rotten_flesh":37,"minecraft:yellow_terracotta":4,"minecraft:white_terracotta":2,"minecraft:fire_coral_fan":3,"minecraft:mutton":2,"minecraft:cod":3,"minecraft:iron_bars":2,"undead_revamp2:arapholia":2,"minecraft:snowball":180,"minecraft:cobblestone":307,"minecraft:sponge":5,"minecraft:birch_log":65,"minecraft:feather":23,"minecraft:jungle_log":3,"minecraft:water_bucket":2,"minecraft:andesite":44,"minecraft:leather":15,"minecraft:red_mushroom":2,"minecraft:potato":1,"silentgear:blueprint_package":2,"minecraft:flint":17,"minecraft:oak_log":92,"minecraft:prismarine_bricks":39,"minecraft:ancient_debris":1,"undead_revamp2:huntereye":2,"minecraft:gunpowder":2,"minecraft:horn_coral":3,"minecraft:map":1,"minecraft:lapis_lazuli":7,"minecraft:dirt":439,"minecraft:polished_granite":3,"minecraft:orange_terracotta":2,"minecraft:bone":24,"minecraft:apple":37,"minecraft:red_sandstone":22,"minecraft:wheat_seeds":11,"minecraft:raw_gold":14,"minecraft:rabbit_hide":4,"minecraft:rabbit":2,"minecraft:glass_bottle":2,"minecraft:bamboo":76,"minecraft:moss_block":1,"minecraft:prismarine":60,"minecraft:iron_sword":17,"minecraft:oak_planks":207,"minecraft:acacia_sapling":1,"minecraft:soul_sand":1,"minecraft:pumpkin":13,"minecraft:gravel":65,"minecraft:dead_fire_coral_block":3,"minecraft:sand":58,"minecraft:stripped_spruce_log":55,"minecraft:spruce_sapling":5,"minecraft:ink_sac":9,"minecraft:spruce_log":19,"minecraft:grass_block":2,"minecraft:crying_obsidian":1,"alexsmobs:animal_dictionary":2,"minecraft:dark_oak_log":23,"minecraft:red_terracotta":3,"minecraft:spider_eye":1,"minecraft:barrel":12,"minecraft:mossy_cobblestone":48,"minecraft:dark_prismarine":11,"undead_revamp2:rawbostrox":3,"minecraft:iron_hoe":17,"minecraft:light_gray_terracotta":1,"minecraft:pumpkin_seeds":4,"minecraft:diamond":8,"minecraft:lever":1,"minecraft:dead_bubble_coral_block":6,"minecraft:dead_brain_coral_block":5,"minecraft:iron_helmet":15,"minecraft:granite":32,"minecraft:bone_meal":10,"minecraft:emerald":3,"minecraft:netherrack":2,"minecraft:oak_sapling":22,"born_in_chaos_v1:rotten_fish":1,"minecraft:melon_seeds":1,"minecraft:bricks":3,"minecraft:coal":64,"minecraft:oak_leaves":48,"minecraft:crimson_roots":1,"minecraft:diamond_pickaxe":1},"minecraft:mined":{"minecraft:dark_oak_planks":1,"minecraft:spruce_planks":16,"minecraft:mossy_cobblestone":46,"minecraft:oak_door":1,"minecraft:dark_oak_log":5,"minecraft:red_nether_bricks":1,"minecraft:sea_lantern":7,"minecraft:obsidian":2,"minecraft:spruce_trapdoor":15,"minecraft:ladder":2,"minecraft:granite":9,"minecraft:acacia_log":1,"minecraft:red_sand":18,"minecraft:grass_block":242,"minecraft:jungle_log":2,"minecraft:soul_soil":1,"minecraft:spruce_leaves":1,"minecraft:moss_block":1,"minecraft:redstone_ore":8,"minecraft:magma_block":2,"minecraft:oak_trapdoor":1,"graveyard:tg_moss_block":4,"minecraft:iron_ore":10,"minecraft:red_sandstone":12,"minecraft:barrel":2,"minecraft:fire":8,"minecraft:andesite":6,"minecraft:stripped_spruce_log":28,"minecraft:pumpkin":8,"minecraft:dirt_path":1,"minecraft:cobblestone_slab":4,"minecraft:black_candle":1,"minecraft:packed_ice":1,"minecraft:stone":37,"minecraft:spruce_slab":5,"minecraft:podzol":32,"minecraft:soul_sand":1,"minecraft:blackstone":1,"minecraft:snow_block":21,"minecraft:crimson_nylium":2,"minecraft:basalt":1,"minecraft:clay":72,"minecraft:torch":8,"minecraft:sponge":4,"minecraft:melon":11,"minecraft:chest":13,"minecraft:nether_quartz_ore":1,"graveyard:tg_grass_block":1,"minecraft:cobblestone":16,"minecraft:oak_planks":4,"graveyard:gravestone":1,"minecraft:diorite":2,"minecraft:warped_wart_block":1,"minecraft:spruce_stairs":9,"minecraft:warped_nylium":1,"minecraft:birch_log":37,"graveyard:dark_iron_bars":5,"minecraft:coal_ore":3,"minecraft:oak_log":43,"minecraft:gravel":64,"graveyard:leaning_skeleton":1,"minecraft:sand":36,"minecraft:dirt":39,"minecraft:cobweb":26,"minecraft:fern":1,"minecraft:ancient_debris":1,"minecraft:netherrack":4,"minecraft:gold_ore":1,"minecraft:oak_leaves":3,"minecraft:yellow_terracotta":2}},"DataVersion":3120}