{"stats":{"minecraft:killed":{"john_mod_reborn:baby_john":2,"undead_revamp2:thehunter":1,"minecraft:witch":1,"enemyexpansion:equestrian":1,"minecraft:spider":6,"undead_revamp2:bomber":1,"undead_revamp2:theswarmer":1,"born_in_chaos_v1:maggot":1,"undead_revamp2:therod":1,"undead_revamp2:thespitter":1,"minecraft:husk":1,"undead_revamp2:the_moonflower":1,"undead_revamp2:theheavy":1,"minecraft:creeper":1,"minecraft:polar_bear":1,"john_mod_reborn:feral_baby_john_2":2,"minecraft:pillager":4,"minecraft:zombie":4,"enemyexpansion:botfly":7,"minecraft:stray":3,"john_mod_reborn:feral_baby_john_1":1},"minecraft:dropped":{"minecraft:water_bucket":1,"minecraft:iron_ingot":32,"minecraft:iron_sword":2,"minecraft:oak_log":1,"minecraft:iron_helmet":1,"minecraft:coal":4,"minecraft:stick":8,"minecraft:rabbit":1,"minecraft:wooden_sword":1,"minecraft:iron_axe":6,"minecraft:iron_pickaxe":4,"minecraft:iron_shovel":2,"minecraft:bone":26,"minecraft:wheat":40,"minecraft:oak_planks":55,"minecraft:iron_hoe":3,"minecraft:carrot":244,"minecraft:rabbit_hide":1,"minecraft:iron_chestplate":1,"minecraft:wooden_shovel":1,"minecraft:oak_leaves":1},"minecraft:used":{"minecraft:iron_shovel":580,"minecraft:acacia_log":1,"minecraft:flint_and_steel":2,"minecraft:chest":18,"minecraft:shield":43,"minecraft:iron_sword":197,"minecraft:oak_door":2,"minecraft:iron_chestplate":7,"minecraft:torch":407,"minecraft:dirt":281,"minecraft:carrot":286,"minecraft:iron_hoe":99,"minecraft:villager_spawn_egg":2,"minecraft:iron_axe":96,"minecraft:grass_block":121,"minecraft:oak_stairs":5,"minecraft:iron_helmet":5,"minecraft:iron_boots":9,"minecraft:melon_seeds":30,"minecraft:oak_sapling":29,"minecraft:furnace":2,"minecraft:egg":4,"minecraft:dead_bubble_coral_block":1,"minecraft:iron_leggings":4,"minecraft:wheat_seeds":40,"minecraft:water_bucket":46,"minecraft:oak_planks":65,"minecraft:polished_andesite":1,"minecraft:prismarine":8,"minecraft:cobblestone_slab":177,"minecraft:oak_leaves":198,"minecraft:dark_oak_trapdoor":4,"minecraft:oak_slab":142,"minecraft:tnt":2,"minecraft:crafting_table":2,"minecraft:light_gray_terracotta":1,"minecraft:mud":15,"minecraft:wooden_hoe":88,"minecraft:diamond_pickaxe":11,"minecraft:apple":17,"minecraft:melon_slice":1,"minecraft:iron_pickaxe":183,"minecraft:diamond_sword":50,"minecraft:cobblestone":41,"minecraft:bucket":1,"minecraft:oak_boat":1,"minecraft:oak_fence":56,"minecraft:bone_meal":116,"minecraft:oak_trapdoor":29,"minecraft:moss_block":1},"minecraft:custom":{"minecraft:mob_kills":47,"minecraft:interact_with_crafting_table":5,"minecraft:damage_dealt_resisted":555,"minecraft:leave_game":20,"minecraft:time_since_death":4521,"minecraft:damage_resisted":570,"minecraft:sprint_one_cm":782784,"minecraft:walk_one_cm":1030218,"minecraft:damage_blocked_by_shield":1273,"minecraft:drop":104,"minecraft:damage_dealt_absorbed":20,"minecraft:talked_to_villager":11,"minecraft:play_time":516874,"minecraft:sneak_time":16721,"minecraft:deaths":29,"minecraft:walk_under_water_one_cm":128633,"minecraft:boat_one_cm":598,"minecraft:jump":3748,"minecraft:walk_on_water_one_cm":19100,"minecraft:total_world_time":516874,"minecraft:interact_with_furnace":10,"minecraft:time_since_rest":4593,"minecraft:damage_taken":15022,"minecraft:damage_dealt":11933,"minecraft:player_kills":2,"minecraft:swim_one_cm":7167,"minecraft:fly_one_cm":2095171,"minecraft:open_chest":168,"minecraft:crouch_one_cm":24949,"minecraft:fall_one_cm":67955,"minecraft:horse_one_cm":6257},"minecraft:killed_by":{"minecraft:husk":1,"undead_revamp2:sucker":10,"minecraft:player":1,"minecraft:wolf":1,"undead_revamp2:the_moonflower":2,"minecraft:spider":1,"minecraft:pufferfish":1,"undead_revamp2:thesmoker":1,"undead_revamp2:thebeartamer":1},"minecraft:crafted":{"minecraft:oak_door":3,"minecraft:oak_planks":24,"minecraft:crafting_table":1,"minecraft:oak_boat":1,"minecraft:iron_ingot":128},"minecraft:picked_up":{"minecraft:cocoa_beans":5,"minecraft:mud":1,"minecraft:seagrass":2,"minecraft:iron_chestplate":16,"minecraft:chicken":5,"minecraft:clay_ball":304,"minecraft:diamond_sword":3,"minecraft:brown_mushroom":9,"minecraft:lead":4,"croptopia:calamari":3,"minecraft:dead_horn_coral_block":8,"minecraft:shield":12,"minecraft:string":33,"minecraft:dead_tube_coral_block":9,"minecraft:iron_axe":18,"minecraft:wooden_sword":1,"minecraft:iron_leggings":15,"minecraft:iron_shovel":12,"john_mod_reborn:freed_spirit":1,"minecraft:sea_pickle":3,"minecraft:red_sand":36,"minecraft:spruce_planks":1,"minecraft:cobblestone_slab":5,"minecraft:jungle_sapling":4,"minecraft:wooden_shovel":1,"minecraft:iron_pickaxe":16,"minecraft:melon_slice":125,"minecraft:chest":33,"minecraft:birch_sapling":4,"minecraft:iron_boots":20,"minecraft:egg":4,"minecraft:tipped_arrow":6,"minecraft:dark_oak_sapling":2,"minecraft:stick":69,"minecraft:raw_iron":60,"minecraft:oak_door":1,"minecraft:copper_ingot":4,"minecraft:brown_terracotta":7,"minecraft:torch":113,"minecraft:acacia_log":13,"minecraft:dried_kelp":3,"minecraft:diorite":23,"minecraft:vine":2,"minecraft:carrot":1324,"minecraft:redstone":71,"minecraft:prismarine_crystals":20,"minecraft:rabbit_foot":2,"minecraft:arrow":4,"minecraft:rotten_flesh":37,"minecraft:yellow_terracotta":4,"minecraft:white_terracotta":2,"minecraft:fire_coral_fan":3,"minecraft:cod":3,"undead_revamp2:arapholia":2,"minecraft:snowball":180,"minecraft:cobblestone":307,"minecraft:sponge":5,"minecraft:birch_log":56,"minecraft:feather":23,"minecraft:andesite":44,"minecraft:water_bucket":2,"minecraft:jungle_log":3,"minecraft:leather":6,"minecraft:red_mushroom":2,"minecraft:potato":1,"silentgear:blueprint_package":2,"minecraft:flint":17,"minecraft:oak_log":87,"minecraft:prismarine_bricks":39,"minecraft:ancient_debris":1,"undead_revamp2:huntereye":2,"minecraft:gunpowder":2,"minecraft:horn_coral":3,"minecraft:map":1,"minecraft:lapis_lazuli":7,"minecraft:dirt":419,"minecraft:orange_terracotta":2,"minecraft:bone":16,"minecraft:apple":37,"minecraft:red_sandstone":22,"minecraft:wheat_seeds":11,"minecraft:raw_gold":14,"minecraft:rabbit_hide":4,"minecraft:rabbit":1,"minecraft:glass_bottle":2,"minecraft:bamboo":74,"minecraft:moss_block":1,"minecraft:prismarine":60,"minecraft:iron_sword":17,"minecraft:oak_planks":207,"minecraft:acacia_sapling":1,"minecraft:soul_sand":1,"minecraft:pumpkin":13,"minecraft:gravel":65,"minecraft:dead_fire_coral_block":3,"minecraft:sand":58,"minecraft:spruce_sapling":5,"minecraft:ink_sac":9,"minecraft:spruce_log":19,"minecraft:grass_block":2,"alexsmobs:animal_dictionary":2,"minecraft:crying_obsidian":1,"minecraft:dark_oak_log":23,"minecraft:red_terracotta":3,"minecraft:spider_eye":1,"minecraft:mossy_cobblestone":48,"minecraft:dark_prismarine":11,"undead_revamp2:rawbostrox":3,"minecraft:iron_hoe":17,"minecraft:light_gray_terracotta":1,"minecraft:pumpkin_seeds":4,"minecraft:diamond":8,"minecraft:dead_bubble_coral_block":6,"minecraft:dead_brain_coral_block":5,"minecraft:iron_helmet":15,"minecraft:granite":31,"minecraft:bone_meal":10,"minecraft:emerald":3,"minecraft:diamond_pickaxe":1,"minecraft:melon_seeds":1,"minecraft:oak_sapling":22,"minecraft:netherrack":2,"minecraft:coal":64,"minecraft:oak_leaves":48},"minecraft:mined":{"minecraft:yellow_terracotta":2,"minecraft:mossy_cobblestone":46,"minecraft:oak_door":1,"minecraft:dark_oak_log":5,"minecraft:red_nether_bricks":1,"minecraft:sea_lantern":7,"minecraft:obsidian":2,"minecraft:granite":8,"minecraft:red_sand":18,"minecraft:acacia_log":1,"minecraft:grass_block":242,"minecraft:jungle_log":2,"minecraft:soul_soil":1,"minecraft:moss_block":1,"minecraft:redstone_ore":8,"minecraft:magma_block":2,"minecraft:red_sandstone":12,"minecraft:iron_ore":10,"minecraft:fire":8,"minecraft:andesite":6,"minecraft:pumpkin":8,"minecraft:dirt_path":1,"minecraft:cobblestone_slab":4,"minecraft:packed_ice":1,"minecraft:stone":37,"minecraft:podzol":32,"minecraft:soul_sand":1,"minecraft:blackstone":1,"minecraft:snow_block":21,"minecraft:crimson_nylium":2,"minecraft:basalt":1,"minecraft:clay":72,"minecraft:torch":8,"minecraft:sponge":4,"minecraft:melon":11,"minecraft:chest":12,"minecraft:nether_quartz_ore":1,"minecraft:cobblestone":16,"minecraft:oak_planks":4,"minecraft:diorite":2,"minecraft:warped_wart_block":1,"minecraft:warped_nylium":1,"minecraft:birch_log":27,"minecraft:oak_log":37,"minecraft:coal_ore":3,"minecraft:gravel":64,"minecraft:sand":36,"minecraft:dirt":37,"minecraft:cobweb":24,"minecraft:ancient_debris":1,"minecraft:netherrack":4,"minecraft:gold_ore":1,"minecraft:oak_leaves":3}},"DataVersion":3120}