{
  "minecraft:adventure/kill_a_mob": {
    "criteria": {
      "minecraft:skeleton": "2024-07-11 06:47:12 +0000"
    },
    "done": true
  },
  "minecraft:husbandry/bred_all_animals": {
    "criteria": {
      "minecraft:pig": "2024-07-11 19:26:34 +0000"
    },
    "done": false
  },
  "minecraft:nether/obtain_crying_obsidian": {
    "criteria": {
      "crying_obsidian": "2024-07-11 21:12:38 +0000"
    },
    "done": true
  },
  "minecraft:adventure/kill_all_mobs": {
    "criteria": {
      "minecraft:pillager": "2024-07-11 21:06:17 +0000",
      "minecraft:skeleton": "2024-07-11 06:47:12 +0000",
      "minecraft:vindicator": "2024-07-11 18:02:58 +0000",
      "minecraft:spider": "2024-07-11 17:33:41 +0000",
      "minecraft:creeper": "2024-07-11 07:35:52 +0000",
      "minecraft:wither_skeleton": "2024-07-12 03:49:39 +0000",
      "minecraft:husk": "2024-07-11 20:32:34 +0000",
      "minecraft:stray": "2024-07-11 19:04:05 +0000",
      "minecraft:zombie": "2024-07-11 06:47:16 +0000",
      "minecraft:drowned": "2024-07-11 19:34:36 +0000"
    },
    "done": false
  },
  "minecraft:adventure/lightning_rod_with_villager_no_fire": {
    "criteria": {
      "lightning_rod_with_villager_no_fire": "2024-07-11 18:24:37 +0000"
    },
    "done": true
  },
  "apocalypse:root": {
    "criteria": {
      "pass_grace_period": "2024-07-11 17:31:06 +0000"
    },
    "done": true
  },
  "minecraft:story/obtain_armor": {
    "criteria": {
      "iron_chestplate": "2024-07-11 07:34:19 +0000"
    },
    "done": true
  },
  "create:copper": {
    "criteria": {
      "0": "2024-07-11 18:40:07 +0000"
    },
    "done": true
  },
  "minecraft:husbandry/breed_an_animal": {
    "criteria": {
      "bred": "2024-07-11 19:26:34 +0000"
    },
    "done": true
  },
  "minecraft:husbandry/balanced_diet": {
    "criteria": {
      "cooked_beef": "2024-07-12 03:40:59 +0000",
      "apple": "2024-07-11 20:51:42 +0000",
      "bread": "2024-07-11 18:37:29 +0000",
      "melon_slice": "2024-07-11 18:31:13 +0000",
      "golden_carrot": "2024-07-11 17:46:05 +0000",
      "carrot": "2024-07-11 07:36:28 +0000"
    },
    "done": false
  },
  "alexsmobs:alexsmobs/banana": {
    "criteria": {
      "banana": "2024-07-12 04:24:24 +0000"
    },
    "done": true
  },
  "minecraft:story/mine_stone": {
    "criteria": {
      "get_stone": "2024-07-11 06:24:21 +0000"
    },
    "done": true
  },
  "undead_revamp2:theundeadchallenges": {
    "criteria": {
      "theundeadchallenges": "2024-07-11 06:15:19 +0000"
    },
    "done": true
  },
  "undead_unleashed:shards_of_the_past": {
    "criteria": {
      "shards_of_the_past": "2024-07-11 07:33:09 +0000"
    },
    "done": true
  },
  "minecraft:adventure/adventuring_time": {
    "criteria": {
      "minecraft:plains": "2024-07-11 06:15:19 +0000"
    },
    "done": false
  },
  "undead_unleashed:undead_unleashed": {
    "criteria": {
      "undead_unleashed": "2024-07-11 06:15:18 +0000"
    },
    "done": true
  },
  "create:root": {
    "criteria": {
      "0": "2024-07-11 06:15:18 +0000"
    },
    "done": true
  },
  "savage_and_ravage:adventure/creeper_spores": {
    "criteria": {
      "creeper_spores": "2024-07-11 18:18:06 +0000"
    },
    "done": true
  },
  "minecraft:story/iron_tools": {
    "criteria": {
      "iron_pickaxe": "2024-07-11 07:31:09 +0000"
    },
    "done": true
  },
  "undead_unleashed:boo": {
    "criteria": {
      "boo": "2024-07-11 07:35:48 +0000"
    },
    "done": true
  },
  "minecraft:husbandry/root": {
    "criteria": {
      "consumed_item": "2024-07-11 07:36:28 +0000"
    },
    "done": true
  },
  "minecraft:story/shiny_gear": {
    "criteria": {
      "diamond_leggings": "2024-07-11 18:18:45 +0000"
    },
    "done": true
  },
  "minecraft:nether/obtain_ancient_debris": {
    "criteria": {
      "ancient_debris": "2024-07-11 21:13:04 +0000"
    },
    "done": true
  },
  "minecraft:story/mine_diamond": {
    "criteria": {
      "diamond": "2024-07-11 20:24:28 +0000"
    },
    "done": true
  },
  "minecraft:story/upgrade_tools": {
    "criteria": {
      "stone_pickaxe": "2024-07-11 07:31:07 +0000"
    },
    "done": true
  },
  "minecraft:story/root": {
    "criteria": {
      "crafting_table": "2024-07-11 07:13:26 +0000"
    },
    "done": true
  },
  "paraglider:root": {
    "criteria": {
      "crafting_table": "2024-07-11 07:13:26 +0000"
    },
    "done": true
  },
  "minecraft:story/smelt_iron": {
    "criteria": {
      "iron": "2024-07-11 17:33:39 +0000"
    },
    "done": true
  },
  "minecraft:husbandry/plant_seed": {
    "criteria": {
      "melon_stem": "2024-07-11 06:33:49 +0000"
    },
    "done": true
  },
  "minecraft:adventure/root": {
    "criteria": {
      "killed_something": "2024-07-11 06:38:35 +0000"
    },
    "done": true
  },
  "minecraft:story/form_obsidian": {
    "criteria": {
      "obsidian": "2024-07-11 21:11:17 +0000"
    },
    "done": true
  },
  "silentgear:root": {
    "criteria": {
      "get_item": "2024-07-11 07:13:26 +0000"
    },
    "done": true
  },
  "minecraft:husbandry/tame_an_animal": {
    "criteria": {
      "tamed_animal": "2024-07-11 19:12:00 +0000"
    },
    "done": true
  },
  "DataVersion": 3120
}